Start Time,End Time,Product,Count,Hours,Cost,Currency,Username
2025-08-20 14:32:56,2025-08-20 16:23:38,Ansys Discovery Simulation,1,1.85,29.5,AEC,eduffield
2025-08-20 16:07:00,2025-08-20 16:07:36,Ansys Mechanical Enterprise Solver,1,0.01,0.3,AEC,tutley
2025-08-20 16:16:01,2025-08-20 16:17:33,Ansys Mechanical Enterprise Solver,1,0.03,0.6,AEC,tutley
2025-08-20 15:52:03,2025-08-20 15:55:19,Ansys Mechanical Enterprise Solver,1,0.05,1.4,AEC,tutley
2025-08-20 15:44:46,2025-08-20 15:45:23,Ansys Mechanical Enterprise Solver,1,0.01,0.3,AEC,tutley
2025-08-20 15:45:42,2025-08-20 15:46:54,Ansys HPC,14,0.02,0.6,AEC,tutley
2025-08-20 16:07:46,2025-08-20 16:12:37,Ansys Mechanical Enterprise Solver,1,0.08,2.0,AEC,tutley
2025-08-20 15:57:51,2025-08-20 16:02:28,Ansys HPC,14,0.08,2.4,AEC,tutley
2025-08-20 16:19:14,2025-08-20 16:23:37,Ansys Mechanical Enterprise Solver,1,0.07,1.8,AEC,tutley
2025-08-20 15:52:11,2025-08-20 15:55:14,Ansys HPC,14,0.05,1.6,AEC,tutley
2025-08-20 16:19:25,2025-08-20 16:23:34,Ansys HPC,14,0.07,2.1,AEC,tutley
2025-08-20 16:27:53,2025-08-20 16:29:27,Ansys Mechanical Enterprise Solver,1,0.03,0.6,AEC,tutley
2025-08-20 15:48:38,2025-08-20 15:48:42,Ansys HPC,14,0.01,0.1,AEC,tutley
2025-08-20 15:48:10,2025-08-20 15:48:52,Ansys Mechanical Enterprise Solver,1,0.01,0.3,AEC,tutley
2025-08-20 16:24:12,2025-08-20 16:27:12,Ansys HPC,14,0.05,1.6,AEC,tutley
2025-08-20 16:28:01,2025-08-20 16:29:24,Ansys HPC,14,0.02,0.7,AEC,tutley
2025-08-20 16:07:56,2025-08-20 16:12:31,Ansys HPC,14,0.08,2.4,AEC,tutley
2025-08-20 16:16:09,2025-08-20 16:17:30,Ansys HPC,14,0.02,0.7,AEC,tutley
2025-08-20 15:57:44,2025-08-20 16:02:33,Ansys Mechanical Enterprise Solver,1,0.08,2.0,AEC,tutley
2025-08-20 16:07:07,2025-08-20 16:07:33,Ansys HPC,14,0.01,0.2,AEC,tutley
2025-08-20 16:24:05,2025-08-20 16:27:15,Ansys Mechanical Enterprise Solver,1,0.05,1.3,AEC,tutley
2025-08-20 15:45:01,2025-08-20 15:45:19,Ansys HPC,14,0.01,0.2,AEC,tutley
2025-08-20 15:45:32,2025-08-20 15:46:57,Ansys Mechanical Enterprise Solver,1,0.02,0.6,AEC,tutley
2025-08-20 15:41:51,2025-08-20 18:51:32,Ansys Mechanical Enterprise PrepPost,1,3.16,41.1,AEC,tutley
2025-08-20 18:22:47,2025-08-20 18:51:28,Ansys Discovery Simulation,1,0.48,7.6,AEC,tutley
2025-08-21 14:39:22,2025-08-21 14:39:35,Ansys Mechanical Enterprise Solver,1,0.01,0.1,AEC,nramioulle
2025-08-21 14:40:24,2025-08-21 14:41:00,Ansys Mechanical Enterprise Solver,1,0.01,0.2,AEC,nramioulle
2025-08-21 14:36:57,2025-08-21 14:37:19,Ansys Mechanical Enterprise Solver,1,0.01,0.2,AEC,nramioulle
2025-08-21 14:42:16,2025-08-21 14:42:47,Ansys Mechanical Enterprise Solver,1,0.01,0.2,AEC,nramioulle
2025-08-21 14:24:38,2025-08-21 14:27:33,Ansys Mechanical Enterprise PrepPost,1,0.05,0.6,AEC,nramioulle
2025-08-21 14:31:25,2025-08-21 14:44:59,Ansys Mechanical Enterprise PrepPost,1,0.23,2.9,AEC,nramioulle
2025-08-21 14:48:26,2025-08-21 14:49:52,Ansys Discovery Simulation,1,0.02,0.4,AEC,tutley
2025-08-21 14:48:25,2025-08-21 14:49:48,Ansys Discovery Simulation,1,0.02,0.4,AEC,tutley
2025-08-21 14:48:26,2025-08-21 14:49:54,Ansys Discovery Simulation,1,0.02,0.4,AEC,tutley
2025-08-21 14:48:27,2025-08-21 14:54:20,Ansys Discovery Simulation,1,0.1,1.6,AEC,tutley
2025-08-21 14:26:43,2025-08-21 14:53:43,Ansys GRANTA Materials Data for Simulation,1,0.45,14.4,AEC,nramioulle
2025-08-21 14:00:05,2025-08-21 14:06:30,Ansys CFD Enterprise Solver,1,0.11,2.8,AEC,eduffield
2025-08-21 13:45:51,2025-08-21 13:45:56,Ansys CFD Enterprise Solver,1,0.01,0.1,AEC,eduffield
2025-08-21 13:46:04,2025-08-21 13:49:32,Ansys CFD Enterprise Solver,1,0.06,1.5,AEC,eduffield
2025-08-21 14:45:01,2025-08-21 14:45:06,Ansys CFD Enterprise Solver,1,0.01,0.1,AEC,eduffield
2025-08-21 13:51:18,2025-08-21 13:52:27,Ansys CFD Enterprise Solver,1,0.02,0.5,AEC,eduffield
2025-08-21 14:45:15,2025-08-21 15:01:25,Ansys CFD Enterprise Solver,1,0.27,7.0,AEC,eduffield
2025-08-21 13:11:21,2025-08-21 13:17:59,Ansys CFD Enterprise Solver,1,0.11,2.9,AEC,eduffield
2025-08-21 13:51:05,2025-08-21 13:51:10,Ansys CFD Enterprise Solver,1,0.01,0.1,AEC,eduffield
2025-08-21 13:11:07,2025-08-21 13:11:13,Ansys CFD Enterprise Solver,1,0.01,0.1,AEC,eduffield
2025-08-21 13:59:52,2025-08-21 13:59:57,Ansys CFD Enterprise Solver,1,0.01,0.1,AEC,eduffield
2025-08-21 15:00:17,2025-08-21 15:21:30,Ansys Discovery Simulation,1,0.35,5.7,AEC,tutley
2025-08-21 13:07:27,2025-08-21 13:08:04,Ansys Discovery Simulation,1,0.01,0.2,AEC,eduffield
2025-08-21 14:40:03,2025-08-21 14:40:48,Ansys Discovery Simulation,1,0.01,0.2,AEC,eduffield
2025-08-21 14:34:18,2025-08-21 14:34:50,Ansys Discovery Simulation,1,0.01,0.1,AEC,eduffield
2025-08-21 15:40:16,2025-08-21 15:41:31,Ansys Discovery Simulation,1,0.02,0.3,AEC,eduffield
2025-08-21 14:29:58,2025-08-21 14:30:32,Ansys Discovery Simulation,1,0.01,0.1,AEC,eduffield
2025-08-21 15:41:52,2025-08-21 16:28:23,Ansys Discovery Simulation,1,0.78,12.4,AEC,eduffield
2025-08-21 13:40:43,2025-08-21 13:41:15,Ansys Discovery Simulation,1,0.01,0.1,AEC,eduffield
2025-08-21 14:21:42,2025-08-21 14:22:15,Ansys Discovery Simulation,1,0.01,0.1,AEC,eduffield
2025-08-21 13:32:44,2025-08-21 13:33:16,Ansys Discovery Simulation,1,0.01,0.1,AEC,eduffield
2025-08-21 13:18:53,2025-08-21 13:31:20,Ansys Discovery Simulation,1,0.21,3.3,AEC,eduffield
2025-08-21 16:29:25,2025-08-21 16:30:04,Ansys Discovery Simulation,1,0.01,0.2,AEC,eduffield
2025-08-21 15:13:31,2025-08-21 15:14:14,Ansys Discovery Simulation,1,0.01,0.2,AEC,eduffield
2025-08-21 16:31:21,2025-08-21 16:31:58,Ansys Discovery Simulation,1,0.01,0.2,AEC,eduffield
2025-08-21 13:53:34,2025-08-21 13:54:07,Ansys Discovery Simulation,1,0.01,0.1,AEC,eduffield
2025-08-21 13:56:58,2025-08-21 13:57:31,Ansys Discovery Simulation,1,0.01,0.1,AEC,eduffield
2025-08-21 14:14:37,2025-08-21 14:15:12,Ansys Discovery Simulation,1,0.01,0.2,AEC,eduffield
2025-08-21 15:20:03,2025-08-21 15:37:06,Ansys Discovery Simulation,1,0.28,4.5,AEC,eduffield
2025-08-21 14:25:46,2025-08-21 14:26:20,Ansys Discovery Simulation,1,0.01,0.2,AEC,eduffield
2025-08-21 15:38:08,2025-08-21 15:39:11,Ansys Discovery Simulation,1,0.02,0.3,AEC,eduffield
2025-08-21 13:49:54,2025-08-21 13:51:16,Ansys CFD PrepPost,1,0.02,0.3,AEC,eduffield
2025-08-21 13:40:22,2025-08-21 13:46:02,Ansys CFD PrepPost,1,0.09,1.2,AEC,eduffield
2025-08-21 13:56:37,2025-08-21 14:00:03,Ansys CFD PrepPost,1,0.06,0.7,AEC,eduffield
2025-08-21 16:28:58,2025-08-21 16:30:16,Ansys CFD PrepPost,1,0.02,0.3,AEC,eduffield
2025-08-21 14:37:56,2025-08-21 14:38:51,Ansys CFD PrepPost,1,0.02,0.2,AEC,eduffield
2025-08-21 13:52:57,2025-08-21 13:55:14,Ansys CFD PrepPost,1,0.04,0.5,AEC,eduffield
2025-08-21 16:30:58,2025-08-21 16:35:26,Ansys CFD PrepPost,1,0.07,1.0,AEC,eduffield
2025-08-21 15:01:55,2025-08-21 15:19:19,Ansys CFD PrepPost,1,0.29,3.8,AEC,eduffield
2025-08-21 13:32:05,2025-08-21 13:39:47,Ansys CFD PrepPost,1,0.13,1.7,AEC,eduffield
2025-08-21 14:39:15,2025-08-21 14:45:06,Ansys CFD PrepPost,1,0.1,1.3,AEC,eduffield
2025-08-21 13:06:53,2025-08-21 13:11:19,Ansys CFD PrepPost,1,0.07,1.0,AEC,eduffield
2025-08-21 14:07:46,2025-08-21 14:37:16,Ansys CFD PrepPost,1,0.49,6.4,AEC,eduffield
2025-08-21 15:45:42,2025-08-21 16:11:45,Ansys Mechanical Enterprise Solver,1,0.43,10.9,AEC,tutley
2025-08-21 17:48:46,2025-08-21 18:42:01,Ansys Mechanical Enterprise Solver,1,0.89,22.2,AEC,tutley
2025-08-21 15:45:51,2025-08-21 16:11:13,Ansys HPC,14,0.42,13.1,AEC,tutley
2025-08-21 16:35:51,2025-08-21 17:03:49,Ansys HPC,14,0.47,14.5,AEC,tutley
2025-08-21 16:35:43,2025-08-21 17:04:16,Ansys Mechanical Enterprise Solver,1,0.48,11.9,AEC,tutley
2025-08-21 17:10:16,2025-08-21 17:42:18,Ansys HPC,14,0.53,16.6,AEC,tutley
2025-08-21 17:48:54,2025-08-21 18:41:08,Ansys HPC,14,0.87,27.0,AEC,tutley
2025-08-21 17:10:08,2025-08-21 17:42:47,Ansys Mechanical Enterprise Solver,1,0.54,13.6,AEC,tutley
2025-08-21 15:25:50,2025-08-21 15:26:19,Ansys Discovery Simulation,1,0.01,0.1,AEC,tutley
2025-08-21 15:27:08,2025-08-21 15:27:50,Ansys Discovery Simulation,1,0.01,0.2,AEC,tutley
2025-08-21 18:45:18,2025-08-21 18:46:58,Ansys Discovery Simulation,1,0.03,0.4,AEC,tutley
2025-08-21 16:25:22,2025-08-21 16:32:24,Ansys Discovery Simulation,1,0.12,1.9,AEC,tutley
2025-08-21 16:32:36,2025-08-21 16:33:02,Ansys Discovery Simulation,1,0.01,0.1,AEC,tutley
2025-08-21 15:28:36,2025-08-21 18:49:53,Ansys GRANTA Materials Data for Simulation,1,3.35,107.4,AEC,tutley
2025-08-21 15:26:54,2025-08-21 18:49:51,Ansys Mechanical Enterprise PrepPost,1,3.38,44.0,AEC,tutley
2025-08-25 18:03:20,2025-08-25 18:09:30,Ansys Discovery Simulation,1,0.1,1.6,AEC,tutley
2025-08-25 17:58:49,2025-08-25 17:59:56,Ansys Discovery Simulation,1,0.02,0.3,AEC,tutley
2025-08-25 18:00:20,2025-08-25 18:01:10,Ansys Discovery Simulation,1,0.01,0.2,AEC,tutley
2025-08-25 18:09:42,2025-08-25 18:10:17,Ansys Discovery Simulation,1,0.01,0.2,AEC,tutley
2025-08-25 17:13:20,2025-08-25 17:37:34,Ansys HPC,14,0.4,12.5,AEC,tutley
2025-08-25 18:53:47,2025-08-25 18:54:30,Ansys HPC,14,0.01,0.4,AEC,tutley
2025-08-25 18:25:37,2025-08-25 18:46:59,Ansys Mechanical Enterprise Solver,1,0.36,8.9,AEC,tutley
2025-08-25 18:11:28,2025-08-25 18:11:59,Ansys HPC,14,0.01,0.3,AEC,tutley
2025-08-25 18:23:36,2025-08-25 18:23:43,Ansys Mechanical Enterprise Solver,1,0.01,0.1,AEC,tutley
2025-08-25 17:45:50,2025-08-25 17:45:53,Ansys Mechanical Enterprise Solver,1,0.01,0.1,AEC,tutley
2025-08-25 17:49:30,2025-08-25 17:49:57,Ansys Mechanical Enterprise Solver,1,0.01,0.2,AEC,tutley
2025-08-25 17:49:38,2025-08-25 17:49:55,Ansys HPC,14,0.01,0.1,AEC,tutley
2025-08-25 17:13:12,2025-08-25 17:37:56,Ansys Mechanical Enterprise Solver,1,0.41,10.3,AEC,tutley
2025-08-25 18:18:52,2025-08-25 18:19:49,Ansys HPC,14,0.02,0.5,AEC,tutley
2025-08-25 18:01:28,2025-08-25 18:02:12,Ansys Mechanical Enterprise Solver,1,0.01,0.3,AEC,tutley
2025-08-25 18:21:04,2025-08-25 18:22:00,Ansys HPC,14,0.02,0.5,AEC,tutley
2025-08-25 18:55:30,2025-08-25 19:02:17,Ansys Mechanical Enterprise Solver,1,0.11,2.8,AEC,tutley
2025-08-25 18:20:55,2025-08-25 18:22:02,Ansys Mechanical Enterprise Solver,1,0.02,0.5,AEC,tutley
2025-08-25 18:18:41,2025-08-25 18:19:52,Ansys Mechanical Enterprise Solver,1,0.02,0.5,AEC,tutley
2025-08-25 18:53:40,2025-08-25 18:54:33,Ansys Mechanical Enterprise Solver,1,0.01,0.4,AEC,tutley
2025-08-25 18:25:44,2025-08-25 18:46:44,Ansys HPC,14,0.35,10.8,AEC,tutley
2025-08-25 18:11:20,2025-08-25 18:12:02,Ansys Mechanical Enterprise Solver,1,0.01,0.3,AEC,tutley
2025-08-25 18:55:41,2025-08-25 19:02:14,Ansys HPC,14,0.11,3.4,AEC,tutley
2025-08-25 18:01:35,2025-08-25 18:02:09,Ansys HPC,14,0.01,0.3,AEC,tutley
2025-08-25 17:07:58,2025-08-25 19:03:51,Ansys Mechanical Enterprise PrepPost,1,1.93,25.1,AEC,tutley
2025-08-25 17:06:09,2025-08-25 17:07:41,Ansys Mechanical Enterprise PrepPost,1,0.03,0.3,AEC,tutley
2025-08-26 15:48:47,2025-08-26 16:08:42,Ansys Discovery Simulation,1,0.33,5.3,AEC,eduffield
2025-08-27 08:40:04,2025-08-27 08:42:12,Ansys Discovery Simulation,1,0.04,0.6,AEC,eduffield
2025-08-27 08:42:25,2025-08-27 09:34:45,Ansys Discovery Simulation,1,0.87,14.0,AEC,eduffield
2025-08-27 10:07:31,2025-08-27 10:09:59,Ansys Discovery Simulation,1,0.04,0.7,AEC,eduffield
2025-08-27 10:27:30,2025-08-27 10:33:03,Ansys Discovery Simulation,1,0.09,1.5,AEC,eduffield
2025-08-27 11:07:02,2025-08-27 12:46:50,Ansys Discovery Simulation,1,1.66,26.6,AEC,eduffield
2025-08-27 14:55:23,2025-08-27 15:41:48,Ansys Discovery Simulation,1,0.77,12.4,AEC,eduffield
2025-08-27 15:41:54,2025-08-27 15:48:48,Ansys Discovery Simulation,1,0.12,1.8,AEC,eduffield
2025-08-27 15:51:44,2025-08-27 15:52:15,Ansys Discovery Simulation,1,0.01,0.1,AEC,eduffield
2025-08-27 15:50:09,2025-08-27 15:55:37,Ansys CFD PrepPost,1,0.09,1.2,AEC,eduffield
2025-08-27 15:55:40,2025-08-27 16:43:13,Ansys CFD Enterprise Solver,1,0.79,20.6,AEC,eduffield
2025-08-27 15:55:26,2025-08-27 15:55:32,Ansys CFD Enterprise Solver,1,0.01,0.1,AEC,eduffield
2025-08-28 09:52:11,2025-08-28 09:57:35,Ansys CFD PrepPost,1,0.09,1.2,AEC,eduffield
2025-08-28 09:57:22,2025-08-28 09:57:27,Ansys CFD Enterprise Solver,1,0.01,0.1,AEC,eduffield
2025-08-28 09:57:37,2025-08-28 10:40:28,Ansys CFD Enterprise Solver,1,0.71,18.6,AEC,eduffield
2025-08-28 11:25:22,2025-08-28 11:26:09,Ansys Discovery Simulation,1,0.01,0.2,AEC,eduffield
2025-08-28 09:52:35,2025-08-28 09:53:27,Ansys Discovery Simulation,1,0.01,0.2,AEC,eduffield
2025-08-28 09:46:43,2025-08-28 09:51:18,Ansys Discovery Simulation,1,0.08,1.2,AEC,eduffield
2025-08-28 10:40:59,2025-08-28 11:12:55,Ansys Discovery Simulation,1,0.53,8.5,AEC,eduffield
2025-08-28 11:13:00,2025-08-28 11:25:18,Ansys Discovery Simulation,1,0.21,3.3,AEC,eduffield
2025-08-28 09:39:38,2025-08-28 09:45:36,Ansys Discovery Simulation,1,0.1,1.6,AEC,eduffield
2025-08-29 15:22:57,2025-08-29 15:39:46,Ansys BladeModeler,1,0.28,0.6,AEC,eduffield
2025-08-29 16:20:44,2025-08-29 16:21:27,Ansys BladeModeler,1,0.01,0.1,AEC,eduffield
2025-08-29 15:46:44,2025-08-29 15:47:25,Ansys BladeModeler,1,0.01,0.1,AEC,eduffield
2025-08-29 16:22:41,2025-08-29 16:23:06,Ansys BladeModeler,1,0.01,0.1,AEC,eduffield
2025-08-29 16:18:43,2025-08-29 16:19:56,Ansys BladeModeler,1,0.02,0.1,AEC,eduffield
2025-08-29 15:50:11,2025-08-29 15:50:37,Ansys BladeModeler,1,0.01,0.1,AEC,eduffield
2025-08-29 16:02:43,2025-08-29 16:03:05,Ansys BladeModeler,1,0.01,0.1,AEC,eduffield
2025-08-29 15:40:47,2025-08-29 15:41:28,Ansys BladeModeler,1,0.01,0.1,AEC,eduffield
2025-08-29 15:53:10,2025-08-29 15:53:39,Ansys BladeModeler,1,0.01,0.1,AEC,eduffield
2025-08-29 15:56:50,2025-08-29 16:01:55,Ansys BladeModeler,1,0.09,0.2,AEC,eduffield
2025-08-29 16:08:30,2025-08-29 16:15:08,Ansys BladeModeler,1,0.11,0.2,AEC,eduffield
2025-08-29 15:43:53,2025-08-29 15:45:15,Ansys BladeModeler,1,0.02,0.1,AEC,eduffield
2025-08-29 16:15:46,2025-08-29 16:16:31,Ansys BladeModeler,1,0.01,0.1,AEC,eduffield
2025-08-29 15:45:29,2025-08-29 15:46:10,Ansys BladeModeler,1,0.01,0.1,AEC,eduffield
2025-08-29 15:56:47,2025-08-29 16:01:57,Ansys Discovery Simulation,1,0.09,1.4,AEC,eduffield
2025-08-29 16:02:10,2025-08-29 16:07:46,Ansys Discovery Simulation,1,0.09,1.5,AEC,eduffield
2025-08-29 15:21:31,2025-08-29 15:22:41,Ansys Discovery Simulation,1,0.02,0.3,AEC,eduffield
2025-08-29 16:15:44,2025-08-29 16:16:31,Ansys Discovery Simulation,1,0.01,0.2,AEC,eduffield
2025-08-29 15:22:54,2025-08-29 15:39:48,Ansys Discovery Simulation,1,0.28,4.5,AEC,eduffield
2025-08-29 16:08:28,2025-08-29 16:15:10,Ansys Discovery Simulation,1,0.11,1.8,AEC,eduffield
2025-08-29 16:29:54,2025-08-29 16:31:51,Ansys Mechanical Enterprise PrepPost,1,0.03,0.4,AEC,eduffield
2025-08-29 15:46:22,2025-08-29 15:49:25,Ansys Mechanical Enterprise PrepPost,1,0.05,0.7,AEC,eduffield
2025-08-29 16:15:24,2025-08-29 16:18:16,Ansys Mechanical Enterprise PrepPost,1,0.05,0.6,AEC,eduffield
2025-08-29 15:40:44,2025-08-29 15:41:28,Ansys Discovery Simulation,1,0.01,0.2,AEC,eduffield
2025-08-29 16:22:10,2025-08-29 16:29:43,Ansys Discovery Simulation,1,0.13,2.0,AEC,eduffield
2025-08-29 15:49:40,2025-08-29 15:53:01,Ansys Discovery Simulation,1,0.06,0.9,AEC,eduffield
2025-08-29 15:45:26,2025-08-29 15:46:13,Ansys Discovery Simulation,1,0.01,0.2,AEC,eduffield
2025-08-29 16:20:21,2025-08-29 16:21:56,Ansys Mechanical Enterprise PrepPost,1,0.03,0.3,AEC,eduffield
2025-08-29 16:20:41,2025-08-29 16:21:27,Ansys Discovery Simulation,1,0.01,0.2,AEC,eduffield
2025-08-29 16:18:40,2025-08-29 16:19:59,Ansys Discovery Simulation,1,0.02,0.3,AEC,eduffield
2025-08-29 16:30:14,2025-08-29 16:31:16,Ansys Discovery Simulation,1,0.02,0.3,AEC,eduffield
2025-08-29 15:46:41,2025-08-29 15:47:25,Ansys Discovery Simulation,1,0.01,0.2,AEC,eduffield
2025-08-29 15:53:07,2025-08-29 15:53:42,Ansys Discovery Simulation,1,0.01,0.2,AEC,eduffield
2025-08-29 15:54:22,2025-08-29 15:56:06,Ansys Discovery Simulation,1,0.03,0.5,AEC,eduffield
2025-08-29 15:43:50,2025-08-29 15:45:17,Ansys Discovery Simulation,1,0.02,0.4,AEC,eduffield
2025-08-29 15:40:24,2025-08-29 15:43:19,Ansys Mechanical Enterprise PrepPost,1,0.05,0.6,AEC,eduffield
2025-09-04 12:53:37,2025-09-04 12:55:02,Ansys Mechanical Enterprise PrepPost,1,0.02,0.3,AEC,tutley
2025-09-04 12:54:21,2025-09-04 12:55:00,Ansys Discovery Simulation,1,0.01,0.2,AEC,tutley
2025-09-04 14:18:12,2025-09-04 14:19:02,Ansys Discovery Simulation,1,0.01,0.2,AEC,eduffield
2025-09-04 14:30:10,2025-09-04 14:56:06,Ansys Discovery Simulation,1,0.43,6.9,AEC,eduffield
2025-09-04 13:23:47,2025-09-04 13:39:00,Ansys HPC,14,0.25,7.9,AEC,tutley
2025-09-04 13:18:45,2025-09-04 13:22:46,Ansys Mechanical Enterprise Solver,1,0.07,1.7,AEC,tutley
2025-09-04 13:07:40,2025-09-04 13:07:45,Ansys HPC,14,0.01,0.1,AEC,tutley
2025-09-04 18:16:50,2025-09-04 18:27:07,Ansys Mechanical Enterprise Solver,1,0.17,4.3,AEC,tutley
2025-09-04 16:15:40,2025-09-04 16:15:59,Ansys HPC,14,0.01,0.2,AEC,tutley
2025-09-04 16:34:31,2025-09-04 16:38:50,Ansys HPC,14,0.07,2.2,AEC,tutley
2025-09-04 18:04:19,2025-09-04 18:04:53,Ansys Mechanical Enterprise Solver,1,0.01,0.2,AEC,tutley
2025-09-04 18:04:31,2025-09-04 18:04:50,Ansys HPC,14,0.01,0.2,AEC,tutley
2025-09-04 13:07:28,2025-09-04 13:07:47,Ansys Mechanical Enterprise Solver,1,0.01,0.1,AEC,tutley
2025-09-04 14:23:54,2025-09-04 14:40:32,Ansys Mechanical Enterprise Solver,1,0.28,6.9,AEC,tutley
2025-09-04 16:26:45,2025-09-04 16:32:09,Ansys Mechanical Enterprise Solver,1,0.09,2.2,AEC,tutley
2025-09-04 16:15:27,2025-09-04 16:16:02,Ansys Mechanical Enterprise Solver,1,0.01,0.2,AEC,tutley
2025-09-04 13:06:57,2025-09-04 13:07:06,Ansys Mechanical Enterprise Solver,1,0.01,0.1,AEC,tutley
2025-09-04 16:34:18,2025-09-04 16:38:53,Ansys Mechanical Enterprise Solver,1,0.08,1.9,AEC,tutley
2025-09-04 13:07:15,2025-09-04 13:07:18,Ansys Mechanical Enterprise Solver,1,0.01,0.1,AEC,tutley
2025-09-04 16:08:55,2025-09-04 16:09:31,Ansys Mechanical Enterprise Solver,1,0.01,0.3,AEC,tutley
2025-09-04 16:10:21,2025-09-04 16:10:43,Ansys HPC,14,0.01,0.2,AEC,tutley
2025-09-04 15:48:48,2025-09-04 15:49:24,Ansys Mechanical Enterprise Solver,1,0.01,0.3,AEC,tutley
2025-09-04 17:01:56,2025-09-04 17:02:49,Ansys Mechanical Enterprise Solver,1,0.01,0.4,AEC,tutley
2025-09-04 16:26:59,2025-09-04 16:32:01,Ansys HPC,14,0.08,2.6,AEC,tutley
2025-09-04 13:10:52,2025-09-04 13:11:13,Ansys HPC,14,0.01,0.2,AEC,tutley
2025-09-04 15:49:00,2025-09-04 15:49:21,Ansys HPC,14,0.01,0.2,AEC,tutley
2025-09-04 15:44:51,2025-09-04 15:45:28,Ansys Mechanical Enterprise Solver,1,0.01,0.3,AEC,tutley
2025-09-04 16:24:56,2025-09-04 16:25:14,Ansys HPC,14,0.01,0.2,AEC,tutley
2025-09-04 14:24:06,2025-09-04 14:40:02,Ansys HPC,14,0.27,8.2,AEC,tutley
2025-09-04 16:01:46,2025-09-04 16:02:11,Ansys HPC,14,0.01,0.2,AEC,tutley
2025-09-04 16:10:09,2025-09-04 16:10:46,Ansys Mechanical Enterprise Solver,1,0.01,0.3,AEC,tutley
2025-09-04 13:17:29,2025-09-04 13:18:04,Ansys Mechanical Enterprise Solver,1,0.01,0.2,AEC,tutley
2025-09-04 13:07:57,2025-09-04 13:08:04,Ansys Mechanical Enterprise Solver,1,0.01,0.1,AEC,tutley
2025-09-04 13:08:13,2025-09-04 13:08:15,Ansys Mechanical Enterprise Solver,1,0.01,0.1,AEC,tutley
2025-09-04 19:09:17,2025-09-04 19:09:56,Ansys Mechanical Enterprise Solver,1,0.01,0.3,AEC,tutley
2025-09-04 18:29:27,2025-09-04 18:45:31,Ansys Mechanical Enterprise Solver,1,0.27,6.7,AEC,tutley
2025-09-04 13:17:41,2025-09-04 13:18:02,Ansys HPC,14,0.01,0.2,AEC,tutley
2025-09-04 13:05:51,2025-09-04 13:06:45,Ansys HPC,14,0.01,0.5,AEC,tutley
2025-09-04 16:09:07,2025-09-04 16:09:28,Ansys HPC,14,0.01,0.2,AEC,tutley
2025-09-04 18:13:20,2025-09-04 18:13:23,Ansys Mechanical Enterprise Solver,1,0.01,0.1,AEC,tutley
2025-09-04 15:45:04,2025-09-04 15:45:26,Ansys HPC,14,0.01,0.2,AEC,tutley
2025-09-04 13:23:35,2025-09-04 13:39:27,Ansys Mechanical Enterprise Solver,1,0.26,6.6,AEC,tutley
2025-09-04 13:18:59,2025-09-04 13:22:41,Ansys HPC,14,0.06,1.9,AEC,tutley
2025-09-04 16:24:43,2025-09-04 16:25:16,Ansys Mechanical Enterprise Solver,1,0.01,0.2,AEC,tutley
2025-09-04 13:10:41,2025-09-04 13:11:16,Ansys Mechanical Enterprise Solver,1,0.01,0.2,AEC,tutley
2025-09-04 17:02:11,2025-09-04 17:02:46,Ansys HPC,14,0.01,0.3,AEC,tutley
2025-09-04 13:05:32,2025-09-04 13:06:47,Ansys Mechanical Enterprise Solver,1,0.02,0.5,AEC,tutley
2025-09-04 16:01:34,2025-09-04 16:02:15,Ansys Mechanical Enterprise Solver,1,0.01,0.3,AEC,tutley
2025-09-04 19:09:31,2025-09-04 19:09:53,Ansys HPC,14,0.01,0.2,AEC,tutley
2025-09-04 18:17:02,2025-09-04 18:27:03,Ansys HPC,14,0.17,5.2,AEC,tutley
2025-09-04 18:29:40,2025-09-04 18:45:12,Ansys HPC,14,0.26,8.0,AEC,tutley
2025-09-04 13:16:30,2025-09-04 13:16:56,Ansys Discovery Simulation,1,0.01,0.1,AEC,tutley
2025-09-04 12:57:49,2025-09-04 13:03:18,Ansys Discovery Simulation,1,0.09,1.5,AEC,tutley
2025-09-04 15:40:20,2025-09-04 15:44:21,Ansys Discovery Simulation,1,0.07,1.1,AEC,tutley
2025-09-04 17:54:23,2025-09-04 17:55:08,Ansys Discovery Simulation,1,0.01,0.2,AEC,tutley
2025-09-04 17:41:09,2025-09-04 17:53:04,Ansys Discovery Simulation,1,0.2,3.2,AEC,tutley
2025-09-04 17:56:22,2025-09-04 18:00:27,Ansys Discovery Simulation,1,0.07,1.1,AEC,tutley
2025-09-04 18:01:07,2025-09-04 19:26:38,Ansys Mechanical Enterprise PrepPost,1,1.43,18.5,AEC,tutley
2025-09-04 18:01:46,2025-09-04 18:02:35,Ansys Discovery Simulation,1,0.01,0.2,AEC,tutley
2025-09-04 16:55:55,2025-09-04 17:00:25,Ansys Discovery Simulation,1,0.08,1.2,AEC,tutley
2025-09-04 17:00:35,2025-09-04 17:01:13,Ansys Discovery Simulation,1,0.01,0.2,AEC,tutley
2025-09-04 18:02:51,2025-09-04 18:03:43,Ansys Discovery Simulation,1,0.01,0.2,AEC,tutley
2025-09-04 13:12:03,2025-09-04 13:15:53,Ansys Discovery Simulation,1,0.06,1.0,AEC,tutley
2025-09-04 13:03:55,2025-09-04 13:04:42,Ansys Discovery Simulation,1,0.01,0.2,AEC,tutley
2025-09-04 18:55:35,2025-09-04 19:27:13,Ansys Discovery Simulation,1,0.53,8.4,AEC,tutley
2025-09-04 13:03:36,2025-09-04 18:00:55,Ansys Mechanical Enterprise PrepPost,1,4.96,64.4,AEC,tutley
2025-09-04 19:35:11,2025-09-04 19:35:31,Ansys Discovery Simulation,1,0.01,0.1,AEC,tutley
2025-09-04 19:36:19,2025-09-04 19:36:57,Ansys Discovery Simulation,1,0.01,0.2,AEC,tutley
2025-09-04 19:35:15,2025-09-04 19:37:01,Ansys Discovery Simulation,1,0.03,0.5,AEC,tutley
2025-09-04 19:37:31,2025-09-04 19:38:34,Ansys Discovery Simulation,1,0.02,0.3,AEC,tutley
2025-09-04 19:52:58,2025-09-04 19:54:01,Ansys Discovery Simulation,1,0.02,0.3,AEC,tutley
2025-09-04 20:02:10,2025-09-04 20:02:43,Ansys Discovery Simulation,1,0.01,0.1,AEC,tutley
2025-09-04 20:00:54,2025-09-04 20:01:48,Ansys Discovery Simulation,1,0.01,0.2,AEC,tutley
2025-09-04 19:54:35,2025-09-04 19:55:25,Ansys Discovery Simulation,1,0.01,0.2,AEC,tutley
2025-09-04 19:51:39,2025-09-04 19:52:15,Ansys Discovery Simulation,1,0.01,0.2,AEC,tutley
2025-09-04 19:38:40,2025-09-04 19:51:11,Ansys Discovery Simulation,1,0.21,3.3,AEC,tutley
2025-09-04 20:13:33,2025-09-04 20:14:43,Ansys Mechanical Enterprise Solver,2,0.02,1.0,AEC,tutley
2025-09-04 20:09:22,2025-09-04 20:13:33,Ansys Mechanical Enterprise Solver,1,0.07,1.7,AEC,tutley
2025-09-04 20:15:21,2025-09-04 20:16:36,Ansys Mechanical Enterprise Solver,4,0.02,2.1,AEC,tutley
2025-09-04 20:14:43,2025-09-04 20:15:21,Ansys Mechanical Enterprise Solver,3,0.01,0.8,AEC,tutley
2025-09-04 20:16:36,2025-09-04 20:17:45,Ansys Mechanical Enterprise Solver,5,0.02,2.4,AEC,tutley
2025-09-04 20:17:45,2025-09-04 20:18:07,Ansys Mechanical Enterprise Solver,6,0.01,0.9,AEC,tutley
2025-09-04 19:54:21,2025-09-04 20:18:07,Ansys Mechanical Enterprise PrepPost,1,0.4,5.2,AEC,tutley
2025-09-04 19:51:26,2025-09-04 19:52:51,Ansys Mechanical Enterprise PrepPost,1,0.02,0.3,AEC,tutley
2025-09-08 13:01:38,2025-09-08 13:02:31,Ansys Mechanical Enterprise Solver,1,0.01,0.4,AEC,tutley
2025-09-08 13:04:07,2025-09-08 13:04:26,Ansys HPC,14,0.01,0.2,AEC,tutley
2025-09-08 13:15:32,2025-09-08 13:16:03,Ansys Mechanical Enterprise Solver,1,0.01,0.2,AEC,tutley
2025-09-08 12:58:49,2025-09-08 12:58:54,Ansys Mechanical Enterprise Solver,1,0.01,0.1,AEC,tutley
2025-09-08 13:03:55,2025-09-08 13:04:28,Ansys Mechanical Enterprise Solver,1,0.01,0.2,AEC,tutley
2025-09-08 13:02:00,2025-09-08 13:02:27,Ansys HPC,14,0.01,0.2,AEC,tutley
2025-09-08 12:54:10,2025-09-08 12:54:15,Ansys Mechanical Enterprise Solver,1,0.01,0.1,AEC,tutley
2025-09-08 13:15:43,2025-09-08 13:16:00,Ansys HPC,14,0.01,0.1,AEC,tutley
2025-09-08 13:11:55,2025-09-08 13:23:27,Ansys Mechanical Enterprise PrepPost,1,0.19,2.5,AEC,tutley
2025-09-08 12:53:28,2025-09-08 13:11:29,Ansys Mechanical Enterprise PrepPost,1,0.3,3.9,AEC,tutley
2025-09-08 13:23:34,2025-09-08 13:28:09,Ansys Mechanical Enterprise PrepPost,1,0.08,1.0,AEC,tutley
2025-09-08 13:28:17,2025-09-08 13:29:34,Ansys Discovery Simulation,1,0.02,0.3,AEC,tutley
2025-09-08 13:00:31,2025-09-08 13:01:20,Ansys Discovery Simulation,1,0.01,0.2,AEC,tutley
2025-09-08 12:55:32,2025-09-08 12:57:51,Ansys Discovery Simulation,1,0.04,0.6,AEC,tutley
2025-09-08 12:59:08,2025-09-08 13:00:21,Ansys Discovery Simulation,1,0.02,0.3,AEC,tutley
2025-09-08 13:12:34,2025-09-08 13:14:24,Ansys Discovery Simulation,1,0.03,0.5,AEC,tutley
2025-09-08 13:14:34,2025-09-08 13:14:59,Ansys Discovery Simulation,1,0.01,0.1,AEC,tutley
2025-09-08 12:57:57,2025-09-08 12:58:35,Ansys Discovery Simulation,1,0.01,0.2,AEC,tutley
2025-09-08 14:16:18,2025-09-08 15:39:25,Ansys CFD Enterprise Solver,1,1.39,36.0,AEC,eduffield
2025-09-08 13:44:46,2025-09-08 14:16:04,Ansys CFD Enterprise Solver,1,0.52,13.6,AEC,eduffield
2025-09-08 15:42:34,2025-09-08 16:06:20,Ansys CFD Enterprise Solver,1,0.4,10.3,AEC,eduffield
2025-09-08 16:06:42,2025-09-08 16:42:37,Ansys CFD Enterprise Solver,1,0.6,15.6,AEC,eduffield
2025-09-08 17:56:17,2025-09-08 17:56:44,Ansys Discovery Simulation,1,0.01,0.1,AEC,tutley
2025-09-08 17:57:33,2025-09-08 17:57:48,Ansys HPC,14,0.01,0.1,AEC,tutley
2025-09-08 18:02:13,2025-09-08 18:02:15,Ansys Mechanical Enterprise Solver,1,0.01,0.1,AEC,tutley
2025-09-08 17:58:39,2025-09-08 17:58:44,Ansys Mechanical Enterprise Solver,1,0.01,0.1,AEC,tutley
2025-09-08 18:01:16,2025-09-08 18:01:21,Ansys Mechanical Enterprise Solver,1,0.01,0.1,AEC,tutley
2025-09-08 17:57:15,2025-09-08 17:57:51,Ansys Mechanical Enterprise Solver,1,0.01,0.3,AEC,tutley
2025-09-08 17:59:32,2025-09-08 17:59:34,Ansys Mechanical Enterprise Solver,1,0.01,0.1,AEC,tutley
2025-09-08 18:02:47,2025-09-08 18:02:50,Ansys Mechanical Enterprise Solver,1,0.01,0.1,AEC,tutley
2025-09-08 17:55:58,2025-09-08 18:04:13,Ansys Mechanical Enterprise PrepPost,1,0.14,1.8,AEC,tutley
2025-09-09 09:57:41,2025-09-09 10:55:14,Ansys CFD Enterprise Solver,1,0.96,24.9,AEC,eduffield
2025-09-09 11:20:05,2025-09-09 11:29:56,Ansys CFD Enterprise Solver,1,0.16,4.3,AEC,eduffield
2025-09-09 08:09:55,2025-09-09 09:57:23,Ansys CFD Enterprise Solver,1,1.79,46.6,AEC,eduffield
2025-09-09 12:03:15,2025-09-09 12:15:16,Ansys Discovery Simulation,1,0.2,3.2,AEC,eduffield
2025-09-09 13:08:18,2025-09-09 13:16:53,Ansys CFD PrepPost,1,0.14,1.9,AEC,eduffield
2025-09-09 13:16:55,2025-09-09 14:01:08,Ansys CFD Enterprise Solver,1,0.74,19.2,AEC,eduffield
2025-09-09 13:16:21,2025-09-09 13:16:26,Ansys CFD Enterprise Solver,1,0.01,0.1,AEC,eduffield
2025-09-09 13:08:55,2025-09-09 13:09:20,Ansys Discovery Simulation,1,0.01,0.1,AEC,eduffield
2025-09-09 14:04:00,2025-09-09 14:05:43,Ansys Discovery Simulation,1,0.03,0.5,AEC,eduffield
2025-09-09 14:06:11,2025-09-09 14:06:42,Ansys Discovery Simulation,1,0.01,0.1,AEC,eduffield
2025-09-09 16:39:51,2025-09-09 16:40:26,Ansys Discovery Simulation,1,0.01,0.2,AEC,eduffield
2025-09-09 16:01:42,2025-09-09 16:39:41,Ansys Discovery Simulation,1,0.63,10.1,AEC,eduffield
2025-09-09 14:39:32,2025-09-09 14:59:11,Ansys Discovery Simulation,1,0.33,5.2,AEC,eduffield
2025-08-20 16:24:11,2025-08-20 16:40:06,Ansys Discovery Simulation,1,0.27,4.2,AEC,eduffield
2025-09-10 08:49:48,2025-09-10 08:50:10,Ansys Discovery Simulation,1,0.01,0.1,AEC,eduffield
2025-09-10 09:44:55,2025-09-10 09:45:21,Ansys Discovery Simulation,1,0.01,0.1,AEC,eduffield
2025-09-10 08:48:17,2025-09-10 08:48:46,Ansys Discovery Simulation,1,0.01,0.1,AEC,eduffield
2025-09-10 09:42:13,2025-09-10 09:42:38,Ansys Discovery Simulation,1,0.01,0.1,AEC,eduffield
2025-09-10 09:37:26,2025-09-10 09:37:53,Ansys Discovery Simulation,1,0.01,0.1,AEC,eduffield
2025-09-10 08:49:07,2025-09-10 08:59:21,Ansys CFD PrepPost,1,0.17,2.2,AEC,eduffield
2025-09-10 09:36:12,2025-09-10 09:49:45,Ansys CFD PrepPost,1,0.23,2.9,AEC,eduffield
2025-09-10 08:59:02,2025-09-10 08:59:07,Ansys CFD Enterprise Solver,1,0.01,0.1,AEC,eduffield
2025-09-10 08:59:23,2025-09-10 09:10:28,Ansys CFD Enterprise Solver,1,0.18,4.8,AEC,eduffield
2025-09-10 09:49:37,2025-09-10 09:49:41,Ansys CFD Enterprise Solver,1,0.01,0.1,AEC,eduffield
2025-09-10 09:49:47,2025-09-10 10:02:46,Ansys CFD Enterprise Solver,1,0.22,5.6,AEC,eduffield
2025-09-10 09:18:20,2025-09-10 09:35:04,Ansys CFD Enterprise Solver,1,0.28,7.3,AEC,eduffield
2025-09-10 09:12:00,2025-09-10 09:18:00,Ansys CFD Enterprise Solver,1,0.1,2.6,AEC,eduffield
2025-09-10 10:15:34,2025-09-10 10:15:58,Ansys Discovery Simulation,1,0.01,0.1,AEC,eduffield
2025-09-10 10:14:37,2025-09-10 10:20:05,Ansys CFD PrepPost,1,0.09,1.2,AEC,eduffield
2025-09-10 10:19:57,2025-09-10 10:20:02,Ansys CFD Enterprise Solver,2,0.01,0.1,AEC,eduffield
2025-09-10 10:20:07,2025-09-10 10:27:09,Ansys CFD Enterprise Solver,2,0.12,6.1,AEC,eduffield
2025-09-10 11:35:18,2025-09-10 11:38:06,Ansys CFD PrepPost,1,0.05,0.6,AEC,eduffield
2025-09-10 10:27:09,2025-09-10 11:27:09,Ansys CFD Enterprise Solver,1,1.0,26.0,AEC,eduffield
2025-09-10 10:08:37,2025-09-10 10:19:57,Ansys CFD Enterprise Solver,1,0.19,4.9,AEC,eduffield
2025-09-10 11:30:08,2025-09-10 11:34:59,Ansys CFD Enterprise Solver,1,0.08,2.1,AEC,eduffield
2025-09-10 11:37:57,2025-09-10 11:38:01,Ansys CFD Enterprise Solver,1,0.01,0.1,AEC,eduffield
2025-09-10 11:38:08,2025-09-10 12:01:46,Ansys CFD Enterprise Solver,1,0.39,10.2,AEC,eduffield
2025-09-10 15:56:22,2025-09-10 15:56:44,Ansys CFD PrepPost,1,0.01,0.1,AEC,eduffield
2025-09-10 14:45:58,2025-09-10 14:46:19,Ansys CFD PrepPost,1,0.01,0.1,AEC,eduffield
2025-09-10 14:16:54,2025-09-10 14:18:02,Ansys CFD PrepPost,1,0.02,0.2,AEC,eduffield
2025-09-10 14:15:30,2025-09-10 14:15:55,Ansys Discovery Simulation,1,0.01,0.1,AEC,eduffield
2025-09-10 15:06:05,2025-09-10 15:06:36,Ansys Discovery Simulation,1,0.01,0.1,AEC,eduffield
2025-09-10 16:09:47,2025-09-10 16:10:55,Ansys CFD PrepPost,1,0.02,0.2,AEC,eduffield
2025-09-10 16:10:05,2025-09-10 16:10:29,Ansys Discovery Simulation,1,0.01,0.1,AEC,eduffield
2025-09-10 15:20:25,2025-09-10 15:21:32,Ansys CFD PrepPost,1,0.02,0.2,AEC,eduffield
2025-09-10 14:17:12,2025-09-10 14:17:37,Ansys Discovery Simulation,1,0.01,0.1,AEC,eduffield
2025-09-10 13:35:12,2025-09-10 13:35:35,Ansys Discovery Simulation,1,0.01,0.1,AEC,eduffield
2025-09-10 15:57:11,2025-09-10 15:57:35,Ansys Discovery Simulation,1,0.01,0.1,AEC,eduffield
2025-09-10 15:20:42,2025-09-10 15:21:07,Ansys Discovery Simulation,1,0.01,0.1,AEC,eduffield
2025-09-10 14:56:47,2025-09-10 15:04:23,Ansys Discovery Simulation,1,0.13,2.0,AEC,eduffield
2025-09-10 15:07:31,2025-09-10 15:07:54,Ansys CFD PrepPost,1,0.01,0.1,AEC,eduffield
2025-09-10 15:08:25,2025-09-10 15:08:49,Ansys Discovery Simulation,1,0.01,0.1,AEC,eduffield
2025-09-10 14:46:29,2025-09-10 14:47:35,Ansys CFD PrepPost,1,0.02,0.2,AEC,eduffield
2025-09-10 14:45:15,2025-09-10 14:45:42,Ansys Discovery Simulation,1,0.01,0.1,AEC,eduffield
2025-09-10 15:08:05,2025-09-10 15:09:15,Ansys CFD PrepPost,1,0.02,0.3,AEC,eduffield
2025-09-10 13:34:50,2025-09-10 13:38:17,Ansys CFD PrepPost,1,0.06,0.7,AEC,eduffield
2025-09-10 15:56:54,2025-09-10 15:58:00,Ansys CFD PrepPost,1,0.02,0.2,AEC,eduffield
2025-09-10 16:09:16,2025-09-10 16:09:38,Ansys CFD PrepPost,1,0.01,0.1,AEC,eduffield
2025-09-10 16:08:06,2025-09-10 16:09:03,Ansys Discovery Simulation,1,0.02,0.3,AEC,eduffield
2025-09-10 15:18:12,2025-09-10 15:18:39,Ansys Discovery Simulation,1,0.01,0.1,AEC,eduffield
2025-09-10 14:46:46,2025-09-10 14:47:11,Ansys Discovery Simulation,1,0.01,0.1,AEC,eduffield
2025-09-10 15:44:52,2025-09-10 15:56:06,Ansys Discovery Simulation,1,0.19,3.0,AEC,eduffield
2025-09-10 14:16:24,2025-09-10 14:16:45,Ansys CFD PrepPost,1,0.01,0.1,AEC,eduffield
2025-09-10 15:19:54,2025-09-10 15:20:18,Ansys CFD PrepPost,1,0.01,0.1,AEC,eduffield
2025-09-10 14:18:50,2025-09-10 14:44:32,Ansys CFD Enterprise Solver,1,0.43,11.1,AEC,eduffield
2025-09-10 13:38:21,2025-09-10 14:15:06,Ansys CFD Enterprise Solver,1,0.61,15.9,AEC,eduffield
2025-09-10 15:58:46,2025-09-10 16:08:00,Ansys CFD Enterprise Solver,1,0.15,4.0,AEC,eduffield
2025-09-10 15:27:59,2025-09-10 15:43:29,Ansys CFD Enterprise Solver,1,0.26,6.7,AEC,eduffield
2025-09-10 16:12:11,2025-09-10 16:34:51,Ansys CFD Enterprise Solver,1,0.38,9.8,AEC,eduffield
2025-09-10 15:09:39,2025-09-10 15:16:48,Ansys CFD Enterprise Solver,1,0.12,3.1,AEC,eduffield
2025-09-10 14:47:56,2025-09-10 14:56:41,Ansys CFD Enterprise Solver,1,0.15,3.8,AEC,eduffield
2025-09-10 15:21:53,2025-09-10 15:27:37,Ansys CFD Enterprise Solver,1,0.1,2.5,AEC,eduffield
2025-09-10 13:38:10,2025-09-10 13:38:14,Ansys CFD Enterprise Solver,1,0.01,0.1,AEC,eduffield
2025-09-15 11:01:01,2025-09-15 11:02:37,Ansys Geometry Interface for SolidWorks,1,0.03,0.1,AEC,sgutteridge
2025-09-15 10:44:55,2025-09-15 10:46:38,Ansys Geometry Interface for SolidWorks,1,0.03,0.1,AEC,sgutteridge
2025-09-15 11:00:47,2025-09-15 11:04:44,Ansys Discovery Simulation,1,0.07,1.1,AEC,sgutteridge
2025-09-15 10:44:14,2025-09-15 10:51:17,Ansys BladeModeler,1,0.12,0.2,AEC,sgutteridge
2025-09-15 11:06:25,2025-09-15 11:06:56,Ansys Discovery Simulation,1,0.01,0.1,AEC,sgutteridge
2025-09-15 11:06:28,2025-09-15 11:06:56,Ansys BladeModeler,1,0.01,0.1,AEC,sgutteridge
2025-09-15 10:55:29,2025-09-15 10:56:50,Ansys BladeModeler,1,0.02,0.1,AEC,sgutteridge
2025-09-15 10:52:55,2025-09-15 10:53:41,Ansys Discovery Simulation,1,0.01,0.2,AEC,sgutteridge
2025-09-15 10:37:12,2025-09-15 10:42:20,Ansys Discovery Simulation,1,0.09,1.4,AEC,sgutteridge
2025-09-15 11:00:49,2025-09-15 11:04:42,Ansys BladeModeler,1,0.06,0.1,AEC,sgutteridge
2025-09-15 10:44:12,2025-09-15 10:51:19,Ansys Discovery Simulation,1,0.12,1.9,AEC,sgutteridge
2025-09-15 10:37:14,2025-09-15 10:42:18,Ansys BladeModeler,1,0.08,0.2,AEC,sgutteridge
2025-09-15 10:52:58,2025-09-15 10:53:38,Ansys BladeModeler,1,0.01,0.1,AEC,sgutteridge
2025-09-15 10:55:26,2025-09-15 10:56:53,Ansys Discovery Simulation,1,0.02,0.4,AEC,sgutteridge
2025-09-15 11:05:28,2025-09-15 11:38:55,Ansys CFD PrepPost,1,0.56,7.2,AEC,sgutteridge
2025-09-24 08:40:40,2025-09-24 10:19:15,Ansys Discovery Simulation,1,1.64,26.3,AEC,eduffield
2025-09-25 17:57:53,2025-09-25 17:59:08,Ansys Discovery Simulation,1,0.02,0.3,AEC,tutley
2025-09-29 14:45:13,2025-09-29 14:45:38,Ansys SPEOS Enterprise - 2023,1,0.01,0.3,AEC,atglassman
2025-09-29 14:44:55,2025-09-29 14:45:39,Ansys SpaceClaim,1,0.01,0.2,AEC,atglassman
2025-09-29 14:54:03,2025-09-29 14:54:31,Ansys Discovery Simulation,1,0.01,0.1,AEC,tutley
2025-09-29 14:55:03,2025-09-29 14:55:16,Ansys HPC,14,0.01,0.1,AEC,tutley
2025-09-29 14:44:34,2025-09-29 14:45:20,Ansys Discovery Simulation,1,0.01,0.2,AEC,tutley
2025-09-29 14:50:08,2025-09-29 14:50:27,Ansys HPC,14,0.01,0.2,AEC,tutley
2025-09-29 14:53:16,2025-09-29 14:53:55,Ansys Discovery Simulation,1,0.01,0.2,AEC,tutley
2025-09-29 14:54:52,2025-09-29 14:55:19,Ansys Mechanical Enterprise Solver,1,0.01,0.2,AEC,tutley
2025-09-29 14:49:55,2025-09-29 14:50:31,Ansys Mechanical Enterprise Solver,1,0.01,0.2,AEC,tutley
2025-09-29 14:45:53,2025-09-29 14:46:35,Ansys Mechanical Enterprise Solver,1,0.01,0.3,AEC,tutley
2025-09-29 14:35:41,2025-09-29 14:39:25,Ansys Discovery Simulation,1,0.06,1.0,AEC,tutley
2025-09-29 14:46:16,2025-09-29 14:46:32,Ansys HPC,14,0.01,0.1,AEC,tutley
2025-09-29 14:52:15,2025-09-29 15:03:59,Ansys Discovery Simulation,1,0.2,3.1,AEC,atglassman
2025-09-29 14:52:17,2025-09-29 15:03:56,Ansys BladeModeler,1,0.19,0.4,AEC,atglassman
2025-09-29 14:40:14,2025-09-29 15:05:24,Ansys Mechanical Enterprise PrepPost,1,0.42,5.5,AEC,tutley
2025-09-29 14:34:13,2025-09-29 14:35:33,Ansys Mechanical Enterprise PrepPost,1,0.02,0.3,AEC,tutley
2025-09-29 14:31:06,2025-09-29 14:33:58,Ansys Mechanical Enterprise PrepPost,1,0.05,0.6,AEC,tutley
2025-09-29 16:08:17,2025-09-29 16:09:01,Ansys Discovery Simulation,1,0.01,0.2,AEC,tutley
2025-09-29 16:01:51,2025-09-29 16:08:06,Ansys Discovery Simulation,1,0.1,1.7,AEC,tutley
2025-09-29 16:13:38,2025-09-29 16:14:26,Ansys Discovery Simulation,1,0.01,0.2,AEC,tutley
2025-09-29 16:12:36,2025-09-29 16:13:23,Ansys Discovery Simulation,1,0.01,0.2,AEC,tutley
2025-09-29 16:09:20,2025-09-29 16:09:56,Ansys Mechanical Enterprise Solver,1,0.01,0.3,AEC,tutley
2025-09-29 16:01:28,2025-09-29 16:15:58,Ansys Mechanical Enterprise PrepPost,1,0.24,3.1,AEC,tutley
2025-09-29 16:14:42,2025-09-29 16:15:11,Ansys Mechanical Enterprise Solver,1,0.01,0.2,AEC,tutley
2025-09-29 16:14:53,2025-09-29 16:15:08,Ansys HPC,14,0.01,0.1,AEC,tutley
2025-09-29 16:09:32,2025-09-29 16:09:52,Ansys HPC,14,0.01,0.2,AEC,tutley
2025-09-29 16:51:52,2025-09-29 16:52:44,Ansys Discovery Simulation,1,0.01,0.2,AEC,tutley
2025-09-29 16:48:59,2025-09-29 16:51:46,Ansys Discovery Simulation,1,0.05,0.7,AEC,tutley
2025-09-29 16:53:57,2025-09-29 16:54:12,Ansys HPC,14,0.01,0.1,AEC,tutley
2025-09-29 16:53:45,2025-09-29 16:54:16,Ansys Mechanical Enterprise Solver,1,0.01,0.2,AEC,tutley
2025-09-29 16:45:22,2025-09-29 17:11:29,Ansys Mechanical Enterprise PrepPost,1,0.44,5.7,AEC,tutley
2025-09-29 17:46:41,2025-09-29 18:02:32,Ansys GRANTA Materials Data for Simulation,1,0.26,8.5,AEC,tutley
2025-09-29 17:45:37,2025-09-29 17:46:07,Ansys Discovery Simulation,1,0.01,0.1,AEC,tutley
2025-09-29 18:17:02,2025-09-29 18:18:18,Ansys Discovery Simulation,1,0.02,0.3,AEC,tutley
2025-09-29 17:57:33,2025-09-29 17:57:57,Ansys Discovery Simulation,1,0.01,0.1,AEC,tutley
2025-09-29 18:18:31,2025-09-29 18:18:58,Ansys Discovery Simulation,1,0.01,0.1,AEC,tutley
2025-09-29 17:54:13,2025-09-29 17:57:24,Ansys Discovery Simulation,1,0.05,0.9,AEC,tutley
2025-09-29 17:40:34,2025-09-29 17:45:16,Ansys Discovery Simulation,1,0.08,1.3,AEC,tutley
2025-09-29 18:02:57,2025-09-29 18:03:47,Ansys Discovery Simulation,1,0.01,0.2,AEC,tutley
2025-09-29 17:24:20,2025-09-29 17:30:14,Ansys Discovery Simulation,1,0.1,1.6,AEC,tutley
2025-09-29 18:15:52,2025-09-29 18:16:21,Ansys Mechanical Enterprise Solver,1,0.01,0.2,AEC,tutley
2025-09-29 18:12:54,2025-09-29 18:13:05,Ansys HPC,14,0.01,0.1,AEC,tutley
2025-09-29 17:53:14,2025-09-29 17:53:34,Ansys Mechanical Enterprise Solver,1,0.01,0.1,AEC,tutley
2025-09-29 18:40:21,2025-09-29 18:40:48,Ansys HPC,14,0.01,0.2,AEC,tutley
2025-09-29 18:09:14,2025-09-29 18:09:39,Ansys Mechanical Enterprise Solver,1,0.01,0.2,AEC,tutley
2025-09-29 17:49:45,2025-09-29 17:50:04,Ansys Mechanical Enterprise Solver,1,0.01,0.1,AEC,tutley
2025-09-29 18:19:23,2025-09-29 18:19:50,Ansys Mechanical Enterprise Solver,1,0.01,0.2,AEC,tutley
2025-09-29 18:31:58,2025-09-29 18:32:11,Ansys HPC,14,0.01,0.1,AEC,tutley
2025-09-29 18:19:34,2025-09-29 18:19:47,Ansys HPC,14,0.01,0.1,AEC,tutley
2025-09-29 18:40:09,2025-09-29 18:40:51,Ansys Mechanical Enterprise Solver,1,0.01,0.3,AEC,tutley
2025-09-29 18:12:43,2025-09-29 18:13:08,Ansys Mechanical Enterprise Solver,1,0.01,0.2,AEC,tutley
2025-09-29 17:53:25,2025-09-29 17:53:32,Ansys HPC,14,0.01,0.1,AEC,tutley
2025-09-29 18:16:04,2025-09-29 18:16:18,Ansys HPC,14,0.01,0.1,AEC,tutley
2025-09-29 18:37:30,2025-09-29 18:37:40,Ansys HPC,14,0.01,0.1,AEC,tutley
2025-09-29 18:26:20,2025-09-29 18:26:44,Ansys Mechanical Enterprise Solver,1,0.01,0.2,AEC,tutley
2025-09-29 17:59:42,2025-09-29 17:59:53,Ansys HPC,14,0.01,0.1,AEC,tutley
2025-09-29 18:26:30,2025-09-29 18:26:41,Ansys HPC,14,0.01,0.1,AEC,tutley
2025-09-29 18:20:40,2025-09-29 18:21:07,Ansys Mechanical Enterprise Solver,1,0.01,0.2,AEC,tutley
2025-09-29 18:37:17,2025-09-29 18:37:44,Ansys Mechanical Enterprise Solver,1,0.01,0.2,AEC,tutley
2025-09-29 17:49:56,2025-09-29 17:50:02,Ansys HPC,14,0.01,0.1,AEC,tutley
2025-09-29 17:59:32,2025-09-29 17:59:56,Ansys Mechanical Enterprise Solver,1,0.01,0.2,AEC,tutley
2025-09-29 18:31:47,2025-09-29 18:32:14,Ansys Mechanical Enterprise Solver,1,0.01,0.2,AEC,tutley
2025-09-29 18:09:26,2025-09-29 18:09:37,Ansys HPC,14,0.01,0.1,AEC,tutley
2025-09-29 18:20:51,2025-09-29 18:21:04,Ansys HPC,14,0.01,0.1,AEC,tutley
2025-09-29 17:45:25,2025-09-29 18:02:31,Ansys Mechanical Enterprise PrepPost,1,0.28,3.7,AEC,tutley
2025-09-29 18:08:14,2025-09-29 18:30:24,Ansys Mechanical Enterprise PrepPost,1,0.37,4.8,AEC,tutley
2025-09-29 18:02:43,2025-09-29 18:08:04,Ansys Mechanical Enterprise PrepPost,1,0.09,1.2,AEC,tutley
2025-09-29 18:30:34,2025-09-29 18:35:38,Ansys Mechanical Enterprise PrepPost,1,0.08,1.1,AEC,tutley
2025-09-29 18:35:49,2025-09-29 18:51:54,Ansys Mechanical Enterprise PrepPost,1,0.27,3.5,AEC,tutley
2025-09-29 18:49:39,2025-09-29 18:49:47,Ansys BladeModeler,1,0.01,0.1,AEC,atglassman
2025-09-29 19:10:30,2025-09-29 19:10:38,Ansys BladeModeler,1,0.01,0.1,AEC,atglassman
2025-09-29 16:58:07,2025-09-29 17:05:38,Ansys BladeModeler,1,0.13,0.3,AEC,atglassman
2025-09-29 18:43:17,2025-09-29 18:43:28,Ansys Discovery Simulation,1,0.01,0.1,AEC,atglassman
2025-09-29 19:09:57,2025-09-29 19:10:08,Ansys Discovery Simulation,1,0.01,0.1,AEC,atglassman
2025-09-29 18:58:50,2025-09-29 19:07:27,Ansys Discovery Simulation,1,0.14,2.3,AEC,atglassman
2025-09-29 16:33:48,2025-09-29 16:56:15,Ansys BladeModeler,1,0.37,0.7,AEC,atglassman
2025-09-29 17:05:45,2025-09-29 18:40:55,Ansys Discovery Simulation,1,1.59,25.4,AEC,atglassman
2025-09-29 18:49:37,2025-09-29 18:49:47,Ansys Discovery Simulation,1,0.01,0.1,AEC,atglassman
2025-09-29 19:08:53,2025-09-29 19:09:06,Ansys BladeModeler,1,0.01,0.1,AEC,atglassman
2025-09-29 19:08:51,2025-09-29 19:09:08,Ansys Discovery Simulation,1,0.01,0.2,AEC,atglassman
2025-09-29 19:09:17,2025-09-29 19:09:25,Ansys BladeModeler,1,0.01,0.1,AEC,atglassman
2025-09-29 19:09:40,2025-09-29 19:09:51,Ansys Discovery Simulation,1,0.01,0.1,AEC,atglassman
2025-09-29 19:10:00,2025-09-29 19:10:08,Ansys BladeModeler,1,0.01,0.1,AEC,atglassman
2025-09-29 19:09:14,2025-09-29 19:09:25,Ansys Discovery Simulation,1,0.01,0.1,AEC,atglassman
2025-09-29 17:05:48,2025-09-29 18:40:52,Ansys BladeModeler,1,1.58,3.2,AEC,atglassman
2025-09-29 16:33:46,2025-09-29 16:56:18,Ansys Discovery Simulation,1,0.38,6.0,AEC,atglassman
2025-09-29 19:09:43,2025-09-29 19:09:51,Ansys BladeModeler,1,0.01,0.1,AEC,atglassman
2025-09-29 19:07:48,2025-09-29 19:07:59,Ansys Discovery Simulation,1,0.01,0.1,AEC,atglassman
2025-09-29 18:50:02,2025-09-29 18:50:12,Ansys Discovery Simulation,1,0.01,0.1,AEC,atglassman
2025-09-29 18:43:20,2025-09-29 18:43:28,Ansys BladeModeler,1,0.01,0.1,AEC,atglassman
2025-09-29 18:50:05,2025-09-29 18:50:12,Ansys BladeModeler,1,0.01,0.1,AEC,atglassman
2025-09-29 19:07:50,2025-09-29 19:07:59,Ansys BladeModeler,1,0.01,0.1,AEC,atglassman
2025-09-29 18:58:53,2025-09-29 19:07:25,Ansys BladeModeler,1,0.14,0.3,AEC,atglassman
2025-09-29 16:58:04,2025-09-29 17:05:40,Ansys Discovery Simulation,1,0.13,2.0,AEC,atglassman
2025-09-29 19:10:27,2025-09-29 19:10:38,Ansys Discovery Simulation,1,0.01,0.1,AEC,atglassman
2025-09-29 18:52:48,2025-09-29 18:54:04,Ansys Mechanical Enterprise PrepPost,1,0.02,0.3,AEC,atglassman
2025-09-29 19:02:57,2025-09-29 19:11:08,Ansys Mechanical Enterprise PrepPost,1,0.14,1.8,AEC,atglassman
2025-09-29 18:42:53,2025-09-29 18:51:28,Ansys Mechanical Enterprise PrepPost,1,0.14,1.9,AEC,atglassman
2025-09-29 19:22:42,2025-09-29 19:23:14,Ansys BladeModeler,1,0.01,0.1,AEC,atglassman
2025-09-29 19:54:14,2025-09-29 19:54:33,Ansys BladeModeler,1,0.01,0.1,AEC,atglassman
2025-09-29 19:54:11,2025-09-29 19:54:35,Ansys Discovery Simulation,1,0.01,0.1,AEC,atglassman
2025-09-29 19:47:50,2025-09-29 19:48:01,Ansys Discovery Simulation,1,0.01,0.1,AEC,atglassman
2025-09-29 19:23:40,2025-09-29 19:46:03,Ansys BladeModeler,1,0.37,0.7,AEC,atglassman
2025-09-29 19:22:40,2025-09-29 19:23:16,Ansys Discovery Simulation,1,0.01,0.2,AEC,atglassman
2025-09-29 19:23:38,2025-09-29 19:46:05,Ansys Discovery Simulation,1,0.37,6.0,AEC,atglassman
2025-09-29 19:47:53,2025-09-29 19:48:01,Ansys BladeModeler,1,0.01,0.1,AEC,atglassman
2025-09-29 19:27:40,2025-09-29 19:28:21,Ansys Mechanical Enterprise PrepPost,1,0.01,0.1,AEC,atglassman
2025-09-29 19:54:42,2025-09-29 20:18:55,Ansys Mechanical Enterprise PrepPost,1,0.4,5.2,AEC,atglassman
2025-09-29 19:47:31,2025-09-29 19:52:51,Ansys Mechanical Enterprise PrepPost,1,0.09,1.2,AEC,atglassman
2025-09-30 12:20:49,2025-09-30 12:25:14,Ansys Mechanical Enterprise PrepPost,1,0.07,1.0,AEC,atglassman
2025-09-30 13:47:09,2025-09-30 14:02:38,Ansys Mechanical Enterprise PrepPost,1,0.26,3.4,AEC,atglassman
2025-09-30 15:37:07,2025-09-30 16:25:23,Ansys Mechanical Enterprise PrepPost,1,0.8,10.5,AEC,atglassman
2025-09-30 18:58:10,2025-09-30 19:06:19,Ansys Mechanical Enterprise Solver,1,0.14,3.4,AEC,atglassman
2025-09-30 18:11:52,2025-09-30 18:57:18,Ansys Mechanical Enterprise Solver,1,0.76,18.9,AEC,atglassman
2025-09-30 17:51:48,2025-09-30 17:59:57,Ansys Mechanical Enterprise Solver,1,0.14,3.4,AEC,atglassman
2025-09-30 17:28:45,2025-09-30 17:28:48,Ansys Mechanical Enterprise Solver,1,0.01,0.1,AEC,atglassman
2025-09-30 17:41:23,2025-09-30 17:49:53,Ansys Mechanical Enterprise Solver,1,0.14,3.5,AEC,atglassman
2025-09-30 16:52:44,2025-09-30 19:06:54,Ansys Mechanical Enterprise PrepPost,1,2.24,29.1,AEC,atglassman
2025-10-01 14:25:38,2025-10-01 15:27:02,Ansys Mechanical Enterprise Solver,1,1.02,25.6,AEC,atglassman
2025-10-01 15:53:02,2025-10-01 16:03:49,Ansys Mechanical Enterprise Solver,1,0.18,4.5,AEC,atglassman
2025-10-01 15:37:32,2025-10-01 15:52:28,Ansys Mechanical Enterprise Solver,1,0.25,6.2,AEC,atglassman
2025-10-01 16:04:23,2025-10-01 16:12:42,Ansys Mechanical Enterprise Solver,1,0.14,3.5,AEC,atglassman
2025-10-01 14:21:45,2025-10-01 16:16:36,Ansys Mechanical Enterprise PrepPost,1,1.91,24.9,AEC,atglassman
2025-10-01 17:59:18,2025-10-01 20:01:28,Ansys Mechanical Enterprise Solver,1,2.04,50.9,AEC,atglassman
2025-10-01 17:23:47,2025-10-01 17:32:43,Ansys Mechanical Enterprise Solver,1,0.15,3.7,AEC,atglassman
2025-10-01 17:47:12,2025-10-01 17:55:34,Ansys Mechanical Enterprise Solver,1,0.14,3.5,AEC,atglassman
2025-10-01 17:37:34,2025-10-01 17:45:48,Ansys Mechanical Enterprise Solver,1,0.14,3.4,AEC,atglassman
2025-10-01 17:18:44,2025-10-01 20:16:22,Ansys Mechanical Enterprise PrepPost,1,2.96,38.5,AEC,atglassman
2025-10-02 17:55:33,2025-10-02 18:03:17,Ansys Mechanical Enterprise Solver,1,0.13,3.2,AEC,atglassman
2025-10-02 18:21:23,2025-10-02 18:32:19,Ansys Mechanical Enterprise Solver,1,0.18,4.6,AEC,atglassman
2025-10-02 17:50:30,2025-10-02 19:33:48,Ansys Mechanical Enterprise PrepPost,1,1.72,22.4,AEC,atglassman
2025-10-03 10:11:14,2025-10-03 10:16:09,Ansys CFD PrepPost,1,0.08,1.1,AEC,eduffield
2025-10-03 10:16:32,2025-10-03 10:30:41,Ansys CFD Enterprise Solver,1,0.24,6.1,AEC,eduffield
2025-10-03 14:30:07,2025-10-03 16:07:39,Ansys Mechanical Enterprise PrepPost,1,1.63,21.1,AEC,atglassman
2025-10-07 18:02:43,2025-10-07 18:06:06,Ansys Mechanical Enterprise Solver,1,0.06,1.4,AEC,atglassman
2025-10-07 18:13:56,2025-10-07 18:17:15,Ansys Mechanical Enterprise Solver,1,0.06,1.4,AEC,atglassman
2025-10-07 17:49:43,2025-10-07 18:01:29,Ansys Mechanical Enterprise Solver,1,0.2,4.9,AEC,atglassman
2025-10-07 17:48:39,2025-10-07 17:49:31,Ansys Mechanical Enterprise Solver,1,0.01,0.4,AEC,atglassman
2025-10-07 16:41:58,2025-10-07 18:22:42,Ansys Mechanical Enterprise PrepPost,1,1.68,21.8,AEC,atglassman
2025-10-07 18:24:28,2025-10-07 18:27:47,Ansys Mechanical Enterprise Solver,1,0.06,1.4,AEC,atglassman
2025-10-07 18:53:38,2025-10-07 19:12:32,Ansys Mechanical Enterprise Solver,1,0.32,7.9,AEC,atglassman
2025-10-07 18:28:38,2025-10-07 18:52:46,Ansys Mechanical Enterprise Solver,1,0.4,10.1,AEC,atglassman
2025-10-07 18:23:44,2025-10-07 20:12:32,Ansys Mechanical Enterprise PrepPost,1,1.81,23.6,AEC,atglassman
2025-10-07 21:43:43,2025-10-07 21:46:50,Ansys Mechanical Enterprise Solver,1,0.05,1.3,AEC,atglassman
2025-10-07 21:42:55,2025-10-07 21:46:50,Ansys Mechanical Enterprise PrepPost,1,0.07,0.9,AEC,atglassman
2025-10-08 09:20:54,2025-10-08 10:37:30,Ansys Discovery Simulation,1,1.28,20.4,AEC,prusello
2025-10-08 15:40:26,2025-10-08 15:43:48,Ansys Mechanical Enterprise Solver,1,0.06,1.4,AEC,atglassman
2025-10-08 15:45:37,2025-10-08 16:08:45,Ansys Mechanical Enterprise Solver,1,0.39,9.6,AEC,atglassman
2025-10-08 16:11:57,2025-10-08 16:15:46,Ansys Mechanical Enterprise Solver,1,0.06,1.6,AEC,atglassman
2025-10-08 16:00:49,2025-10-08 16:01:39,Ansys Discovery Simulation,1,0.01,0.2,AEC,eduffield
2025-10-08 16:16:50,2025-10-08 16:17:21,Ansys Discovery Simulation,1,0.01,0.1,AEC,eduffield
2025-10-08 16:02:49,2025-10-08 16:14:25,Ansys Discovery Simulation,1,0.19,3.1,AEC,eduffield
2025-10-08 16:15:11,2025-10-08 16:15:53,Ansys CFD PrepPost,1,0.01,0.1,AEC,eduffield
2025-10-08 16:16:16,2025-10-08 16:33:45,Ansys CFD PrepPost,1,0.29,3.8,AEC,eduffield
2025-10-08 15:39:29,2025-10-08 17:00:52,Ansys Mechanical Enterprise PrepPost,1,1.36,17.6,AEC,atglassman
2025-10-09 09:24:59,2025-10-09 09:29:30,Ansys CFD PrepPost,1,0.08,1.0,AEC,eduffield
2025-10-09 08:37:47,2025-10-09 08:38:50,Ansys CFD PrepPost,1,0.02,0.2,AEC,eduffield
2025-10-09 08:39:17,2025-10-09 08:50:50,Ansys CFD PrepPost,1,0.19,2.5,AEC,eduffield
2025-10-09 08:54:38,2025-10-09 08:58:57,Ansys CFD PrepPost,1,0.07,0.9,AEC,eduffield
2025-10-09 10:10:35,2025-10-09 10:13:12,Ansys Discovery Simulation,1,0.04,0.7,AEC,eduffield
2025-10-09 08:55:48,2025-10-09 08:56:13,Ansys Discovery Simulation,1,0.01,0.1,AEC,eduffield
2025-10-09 08:28:50,2025-10-09 08:29:21,Ansys Discovery Simulation,1,0.01,0.1,AEC,eduffield
2025-10-09 08:38:12,2025-10-09 08:38:38,Ansys Discovery Simulation,1,0.01,0.1,AEC,eduffield
2025-10-09 08:39:49,2025-10-09 08:40:14,Ansys Discovery Simulation,1,0.01,0.1,AEC,eduffield
2025-10-09 10:13:28,2025-10-09 10:13:59,Ansys Discovery Simulation,1,0.01,0.1,AEC,eduffield
2025-10-09 08:21:01,2025-10-09 08:27:53,Ansys Discovery Simulation,1,0.11,1.8,AEC,eduffield
2025-10-09 08:50:58,2025-10-09 08:54:19,Ansys Discovery Simulation,1,0.06,0.9,AEC,eduffield
2025-10-09 09:29:59,2025-10-09 09:30:28,Ansys Discovery Simulation,1,0.01,0.1,AEC,eduffield
2025-10-09 09:25:26,2025-10-09 09:25:52,Ansys Discovery Simulation,1,0.01,0.1,AEC,eduffield
2025-10-09 08:59:03,2025-10-09 09:24:36,Ansys Discovery Simulation,1,0.43,6.8,AEC,eduffield
2025-10-09 08:28:30,2025-10-09 08:37:13,Ansys Mechanical Enterprise PrepPost,1,0.15,1.9,AEC,eduffield
2025-10-09 10:13:16,2025-10-09 10:14:01,Ansys Mechanical Enterprise PrepPost,1,0.01,0.2,AEC,eduffield
2025-10-09 09:46:21,2025-10-09 09:46:35,Ansys Mechanical Enterprise PrepPost,1,0.01,0.1,AEC,eduffield
2025-10-09 09:29:41,2025-10-09 09:45:53,Ansys Mechanical Enterprise PrepPost,1,0.27,3.5,AEC,eduffield
2025-10-09 09:46:10,2025-10-09 09:46:20,Ansys Mechanical Enterprise PrepPost,1,0.01,0.1,AEC,eduffield
2025-10-09 10:14:03,2025-10-09 10:14:34,Ansys Mechanical Enterprise PrepPost,1,0.01,0.1,AEC,eduffield
2025-10-09 09:47:02,2025-10-09 10:10:27,Ansys CFD Enterprise Solver,1,0.39,10.1,AEC,eduffield
2025-10-09 10:15:49,2025-10-09 10:54:55,Ansys CFD Enterprise Solver,1,0.65,16.9,AEC,eduffield
2025-10-10 09:11:21,2025-10-10 09:44:14,Ansys CFD Enterprise Solver,1,0.55,14.3,AEC,eduffield
2025-10-10 09:44:54,2025-10-10 09:59:19,Ansys CFD Enterprise Solver,1,0.24,6.2,AEC,eduffield
2025-10-10 11:38:58,2025-10-10 11:46:14,Ansys CFD Enterprise Solver,1,0.12,3.1,AEC,eduffield
2025-10-15 14:11:08,2025-10-15 14:21:07,Ansys Discovery Simulation,1,0.17,2.7,AEC,eduffield
2025-10-23 09:58:15,2025-10-23 09:58:26,Ansys Mechanical Enterprise Solver,1,0.01,0.1,AEC,nramioulle
2025-10-23 09:49:22,2025-10-23 10:02:58,Ansys GRANTA Materials Data for Simulation,1,0.23,7.3,AEC,nramioulle
2025-10-23 09:53:56,2025-10-23 09:54:07,Ansys Mechanical Enterprise Solver,1,0.01,0.1,AEC,nramioulle
2025-10-23 09:52:53,2025-10-23 09:53:03,Ansys Mechanical Enterprise Solver,1,0.01,0.1,AEC,nramioulle
2025-10-23 09:52:13,2025-10-23 09:52:30,Ansys Mechanical Enterprise Solver,1,0.01,0.1,AEC,nramioulle
2025-10-23 09:57:43,2025-10-23 09:57:54,Ansys Mechanical Enterprise Solver,1,0.01,0.1,AEC,nramioulle
2025-10-23 09:59:19,2025-10-23 09:59:31,Ansys Mechanical Enterprise Solver,1,0.01,0.1,AEC,nramioulle
2025-10-23 09:53:34,2025-10-23 09:53:45,Ansys Mechanical Enterprise Solver,1,0.01,0.1,AEC,nramioulle
2025-10-23 10:03:09,2025-10-23 10:04:55,Ansys Discovery Simulation,1,0.03,0.5,AEC,nramioulle
2025-10-23 10:05:36,2025-10-23 10:06:54,Ansys Discovery Simulation,1,0.02,0.3,AEC,nramioulle
2025-10-23 09:45:43,2025-10-23 09:46:15,Ansys Discovery Simulation,1,0.01,0.1,AEC,nramioulle
2025-10-23 09:07:49,2025-10-23 09:45:00,Ansys Discovery Simulation,1,0.62,9.9,AEC,nramioulle
2025-10-23 10:05:16,2025-10-23 10:10:11,Ansys Mechanical Enterprise PrepPost,1,0.08,1.1,AEC,nramioulle
2025-10-23 09:45:28,2025-10-23 10:02:57,Ansys Mechanical Enterprise PrepPost,1,0.29,3.8,AEC,nramioulle
2025-10-23 10:11:33,2025-10-23 10:38:29,Ansys CFD Enterprise Solver,1,0.45,11.7,AEC,nramioulle
2025-10-23 12:24:41,2025-10-23 12:27:22,Ansys Discovery Simulation,1,0.05,0.7,AEC,nramioulle
2025-10-23 12:08:28,2025-10-23 12:16:08,Ansys Discovery Simulation,1,0.13,2.0,AEC,nramioulle
2025-10-23 12:27:25,2025-10-23 12:30:12,Ansys Mechanical Enterprise PrepPost,1,0.05,0.6,AEC,nramioulle
2025-10-23 12:18:37,2025-10-23 12:24:42,Ansys CFD Enterprise Solver,1,0.1,2.6,AEC,nramioulle
2025-10-23 12:30:20,2025-10-23 12:36:45,Ansys CFD Enterprise Solver,1,0.11,2.8,AEC,nramioulle
2025-10-23 20:22:53,2025-10-23 20:23:02,Ansys Mechanical Enterprise PrepPost,1,0.01,0.1,AEC,eduffield
2025-10-23 20:13:31,2025-10-23 20:14:01,Ansys Discovery Simulation,1,0.01,0.1,AEC,eduffield
2025-10-23 20:06:56,2025-10-23 20:09:07,Ansys Mechanical Enterprise PrepPost,1,0.04,0.5,AEC,eduffield
2025-10-23 19:54:22,2025-10-23 19:57:36,Ansys Discovery Simulation,1,0.05,0.9,AEC,eduffield
2025-10-23 20:07:13,2025-10-23 20:07:41,Ansys Discovery Simulation,1,0.01,0.1,AEC,eduffield
2025-10-23 20:09:31,2025-10-23 20:09:59,Ansys Discovery Simulation,1,0.01,0.1,AEC,eduffield
2025-10-23 20:02:29,2025-10-23 20:03:12,Ansys Discovery Simulation,1,0.01,0.2,AEC,eduffield
2025-10-23 20:11:23,2025-10-23 20:11:52,Ansys Discovery Simulation,1,0.01,0.1,AEC,eduffield
2025-10-23 19:59:15,2025-10-23 20:02:26,Ansys Discovery Simulation,1,0.05,0.8,AEC,eduffield
2025-10-23 20:23:04,2025-10-23 20:23:18,Ansys Mechanical Enterprise PrepPost,1,0.01,0.1,AEC,eduffield
2025-10-23 20:09:13,2025-10-23 20:10:58,Ansys Mechanical Enterprise PrepPost,1,0.03,0.4,AEC,eduffield
2025-10-23 18:46:56,2025-10-23 18:51:20,Ansys Discovery Simulation,1,0.07,1.2,AEC,eduffield
2025-10-23 20:17:43,2025-10-23 20:17:52,Ansys Mechanical Enterprise PrepPost,1,0.01,0.1,AEC,eduffield
2025-10-23 20:22:20,2025-10-23 20:22:29,Ansys Mechanical Enterprise PrepPost,1,0.01,0.1,AEC,eduffield
2025-10-23 19:57:41,2025-10-23 19:58:31,Ansys Discovery Simulation,1,0.01,0.2,AEC,eduffield
2025-10-23 20:11:06,2025-10-23 20:13:08,Ansys Mechanical Enterprise PrepPost,1,0.03,0.4,AEC,eduffield
2025-10-23 20:15:32,2025-10-23 20:16:41,Ansys Mechanical Enterprise PrepPost,1,0.02,0.2,AEC,eduffield
2025-10-23 20:17:53,2025-10-23 20:18:07,Ansys Mechanical Enterprise PrepPost,1,0.01,0.1,AEC,eduffield
2025-10-23 18:56:37,2025-10-23 18:59:00,Ansys Mechanical Enterprise PrepPost,1,0.04,0.5,AEC,eduffield
2025-10-23 20:17:13,2025-10-23 20:17:22,Ansys Mechanical Enterprise PrepPost,1,0.01,0.1,AEC,eduffield
2025-10-23 18:45:50,2025-10-23 18:46:41,Ansys Discovery Simulation,1,0.01,0.2,AEC,eduffield
2025-10-23 18:59:15,2025-10-23 18:59:24,Ansys Mechanical Enterprise PrepPost,1,0.01,0.1,AEC,eduffield
2025-10-23 20:17:24,2025-10-23 20:17:37,Ansys Mechanical Enterprise PrepPost,1,0.01,0.1,AEC,eduffield
2025-10-23 18:51:58,2025-10-23 18:52:25,Ansys Discovery Simulation,1,0.01,0.1,AEC,eduffield
2025-10-23 20:13:14,2025-10-23 20:15:28,Ansys Mechanical Enterprise PrepPost,1,0.04,0.5,AEC,eduffield
2025-10-23 20:19:37,2025-10-23 20:22:14,Ansys Discovery Simulation,1,0.04,0.7,AEC,eduffield
2025-10-23 18:59:26,2025-10-23 18:59:39,Ansys Mechanical Enterprise PrepPost,1,0.01,0.1,AEC,eduffield
2025-10-23 19:52:46,2025-10-23 19:53:39,Ansys Discovery Simulation,1,0.01,0.2,AEC,eduffield
2025-10-23 18:51:40,2025-10-23 18:56:33,Ansys Mechanical Enterprise PrepPost,1,0.08,1.1,AEC,eduffield
2025-10-23 20:03:38,2025-10-23 20:05:55,Ansys Discovery Simulation,1,0.04,0.6,AEC,eduffield
2025-10-23 20:22:31,2025-10-23 20:22:45,Ansys Mechanical Enterprise PrepPost,1,0.01,0.1,AEC,eduffield
2025-10-23 21:38:16,2025-10-23 21:45:45,Ansys CFD Enterprise Solver,1,0.12,3.2,AEC,eduffield
2025-10-23 21:12:08,2025-10-23 21:14:07,Ansys CFD Enterprise Solver,1,0.03,0.9,AEC,eduffield
2025-10-23 22:55:52,2025-10-23 23:00:26,Ansys CFD Enterprise Solver,1,0.08,2.0,AEC,eduffield
2025-10-23 19:00:11,2025-10-23 19:49:42,Ansys CFD Enterprise Solver,1,0.83,21.5,AEC,eduffield
2025-10-23 21:32:00,2025-10-23 21:38:04,Ansys CFD Enterprise Solver,1,0.1,2.6,AEC,eduffield
2025-10-23 21:02:28,2025-10-23 21:09:58,Ansys CFD Enterprise Solver,1,0.13,3.3,AEC,eduffield
2025-10-23 20:37:25,2025-10-23 21:00:30,Ansys CFD Enterprise Solver,1,0.38,10.0,AEC,eduffield
2025-10-23 20:23:39,2025-10-23 20:33:18,Ansys CFD Enterprise Solver,1,0.16,4.2,AEC,eduffield
2025-10-23 21:22:04,2025-10-23 21:22:59,Ansys CFD Enterprise Solver,1,0.02,0.4,AEC,eduffield
2025-10-23 21:53:12,2025-10-23 22:00:27,Ansys CFD Enterprise Solver,1,0.12,3.1,AEC,eduffield
2025-10-23 21:45:57,2025-10-23 21:53:00,Ansys CFD Enterprise Solver,1,0.12,3.1,AEC,eduffield
2025-10-23 20:34:36,2025-10-23 20:35:57,Ansys CFD Enterprise Solver,1,0.02,0.6,AEC,eduffield
2025-10-23 21:24:50,2025-10-23 21:31:47,Ansys CFD Enterprise Solver,1,0.12,3.0,AEC,eduffield
2025-10-24 08:38:26,2025-10-24 08:38:52,Ansys CFD Enterprise Solver,1,0.01,0.2,AEC,eduffield
2025-10-24 07:59:30,2025-10-24 08:12:15,Ansys CFD Enterprise Solver,1,0.21,5.5,AEC,eduffield
2025-10-24 07:25:14,2025-10-24 07:27:02,Ansys CFD Enterprise Solver,1,0.03,0.8,AEC,eduffield
2025-10-24 08:25:55,2025-10-24 08:38:08,Ansys CFD Enterprise Solver,1,0.2,5.3,AEC,eduffield
2025-10-24 07:34:17,2025-10-24 07:47:14,Ansys CFD Enterprise Solver,1,0.22,5.6,AEC,eduffield
2025-10-24 08:12:33,2025-10-24 08:25:36,Ansys CFD Enterprise Solver,1,0.22,5.7,AEC,eduffield
2025-10-24 07:47:32,2025-10-24 07:59:13,Ansys CFD Enterprise Solver,1,0.2,5.1,AEC,eduffield
2025-10-24 12:01:03,2025-10-24 12:01:35,Ansys Discovery Simulation,1,0.01,0.1,AEC,eduffield
2025-10-24 12:01:45,2025-10-24 12:14:22,Ansys Discovery Simulation,1,0.21,3.4,AEC,eduffield
2025-10-24 12:24:18,2025-10-24 12:38:32,Ansys Discovery Simulation,1,0.24,3.8,AEC,eduffield
2025-10-24 14:42:25,2025-10-24 15:01:44,Ansys Discovery Simulation,1,0.32,5.1,AEC,eduffield
2025-10-27 13:03:13,2025-10-27 13:03:27,Ansys optiSLang Enterprise,1,0.01,0.1,AEC,kbaldwin
2025-10-27 17:38:19,2025-10-27 17:39:24,Ansys Discovery Simulation,1,0.02,0.3,AEC,prusello
2025-10-27 17:38:19,2025-10-27 17:54:58,Ansys Discovery Simulation,1,0.28,4.4,AEC,prusello
2025-10-28 09:23:40,2025-10-28 09:52:30,Ansys CFD Enterprise Solver,1,0.48,12.5,AEC,nramioulle
2025-10-28 10:03:00,2025-10-28 10:05:44,Ansys GRANTA Materials Data for Simulation,1,0.05,1.5,AEC,nramioulle
2025-10-28 10:17:06,2025-10-28 10:17:37,Ansys Discovery Simulation,1,0.01,0.1,AEC,nramioulle
2025-10-28 10:12:01,2025-10-28 10:12:32,Ansys Discovery Simulation,1,0.01,0.1,AEC,nramioulle
2025-10-28 09:10:28,2025-10-28 09:11:01,Ansys Discovery Simulation,1,0.01,0.1,AEC,nramioulle
2025-10-28 10:23:26,2025-10-28 10:23:56,Ansys Discovery Simulation,1,0.01,0.1,AEC,nramioulle
2025-10-28 09:07:12,2025-10-28 09:10:06,Ansys Discovery Simulation,1,0.05,0.8,AEC,nramioulle
2025-10-28 09:55:02,2025-10-28 09:55:14,Ansys Mechanical Enterprise Solver,1,0.01,0.1,AEC,nramioulle
2025-10-28 09:55:53,2025-10-28 09:56:04,Ansys Mechanical Enterprise Solver,1,0.01,0.1,AEC,nramioulle
2025-10-28 09:57:28,2025-10-28 09:57:39,Ansys Mechanical Enterprise Solver,1,0.01,0.1,AEC,nramioulle
2025-10-28 09:59:32,2025-10-28 09:59:43,Ansys Mechanical Enterprise Solver,1,0.01,0.1,AEC,nramioulle
2025-10-28 09:56:34,2025-10-28 09:56:45,Ansys Mechanical Enterprise Solver,1,0.01,0.1,AEC,nramioulle
2025-10-28 09:58:12,2025-10-28 09:58:23,Ansys Mechanical Enterprise Solver,1,0.01,0.1,AEC,nramioulle
2025-10-28 10:13:13,2025-10-28 10:13:24,Ansys Mechanical Enterprise Solver,1,0.01,0.1,AEC,nramioulle
2025-10-28 10:20:42,2025-10-28 10:20:53,Ansys Mechanical Enterprise Solver,1,0.01,0.1,AEC,nramioulle
2025-10-28 10:24:48,2025-10-28 10:24:59,Ansys Mechanical Enterprise Solver,1,0.01,0.1,AEC,nramioulle
2025-10-28 10:35:18,2025-10-28 10:35:29,Ansys Mechanical Enterprise Solver,1,0.01,0.1,AEC,nramioulle
2025-10-28 10:33:03,2025-10-28 10:33:13,Ansys Mechanical Enterprise Solver,1,0.01,0.1,AEC,nramioulle
2025-10-28 10:04:01,2025-10-28 10:04:12,Ansys Mechanical Enterprise Solver,1,0.01,0.1,AEC,nramioulle
2025-10-28 10:21:00,2025-10-28 10:21:11,Ansys Mechanical Enterprise Solver,1,0.01,0.1,AEC,nramioulle
2025-10-28 10:29:21,2025-10-28 10:29:33,Ansys Mechanical Enterprise Solver,1,0.01,0.1,AEC,nramioulle
2025-10-28 10:01:56,2025-10-28 10:02:07,Ansys Mechanical Enterprise Solver,1,0.01,0.1,AEC,nramioulle
2025-10-28 10:43:19,2025-10-28 10:43:21,Ansys Mechanical Enterprise Solver,1,0.01,0.1,AEC,nramioulle
2025-10-28 10:30:20,2025-10-28 10:30:31,Ansys Mechanical Enterprise Solver,1,0.01,0.1,AEC,nramioulle
2025-10-28 10:27:32,2025-10-28 10:27:44,Ansys Mechanical Enterprise Solver,1,0.01,0.1,AEC,nramioulle
2025-10-28 10:45:09,2025-10-28 10:45:20,Ansys Mechanical Enterprise Solver,1,0.01,0.1,AEC,nramioulle
2025-10-28 10:43:55,2025-10-28 10:44:06,Ansys Mechanical Enterprise Solver,1,0.01,0.1,AEC,nramioulle
2025-10-28 10:03:14,2025-10-28 10:03:25,Ansys Mechanical Enterprise Solver,1,0.01,0.1,AEC,nramioulle
2025-10-28 10:48:06,2025-10-28 10:48:17,Ansys Mechanical Enterprise Solver,1,0.01,0.1,AEC,nramioulle
2025-10-28 10:35:53,2025-10-28 10:36:04,Ansys Mechanical Enterprise Solver,1,0.01,0.1,AEC,nramioulle
2025-10-28 10:45:33,2025-10-28 10:45:47,Ansys Mechanical Enterprise Solver,1,0.01,0.1,AEC,nramioulle
2025-10-28 09:10:11,2025-10-28 09:19:45,Ansys Mechanical Enterprise PrepPost,1,0.16,2.1,AEC,nramioulle
2025-10-28 09:19:57,2025-10-28 09:20:06,Ansys Mechanical Enterprise PrepPost,1,0.01,0.1,AEC,nramioulle
2025-10-28 10:16:48,2025-10-28 10:22:17,Ansys Mechanical Enterprise PrepPost,1,0.09,1.2,AEC,nramioulle
2025-10-28 10:07:16,2025-10-28 10:07:25,Ansys Mechanical Enterprise PrepPost,1,0.01,0.1,AEC,nramioulle
2025-10-28 09:52:28,2025-10-28 10:05:43,Ansys Mechanical Enterprise PrepPost,1,0.22,2.9,AEC,nramioulle
2025-10-28 09:20:08,2025-10-28 09:20:19,Ansys Mechanical Enterprise PrepPost,1,0.01,0.1,AEC,nramioulle
2025-10-28 10:11:42,2025-10-28 10:14:46,Ansys Mechanical Enterprise PrepPost,1,0.05,0.7,AEC,nramioulle
2025-10-28 10:09:33,2025-10-28 10:09:43,Ansys Mechanical Enterprise PrepPost,1,0.01,0.1,AEC,nramioulle
2025-10-28 10:22:36,2025-10-28 10:22:45,Ansys Mechanical Enterprise PrepPost,1,0.01,0.1,AEC,nramioulle
2025-10-28 10:47:22,2025-10-28 10:47:31,Ansys Mechanical Enterprise PrepPost,1,0.01,0.1,AEC,nramioulle
2025-10-28 10:51:00,2025-10-28 11:07:48,Ansys Mechanical Enterprise PrepPost,1,0.28,3.6,AEC,nramioulle
2025-10-28 10:22:26,2025-10-28 10:22:34,Ansys Mechanical Enterprise PrepPost,1,0.01,0.1,AEC,nramioulle
2025-10-28 10:15:14,2025-10-28 10:15:23,Ansys Mechanical Enterprise PrepPost,1,0.01,0.1,AEC,nramioulle
2025-10-28 10:16:01,2025-10-28 10:16:10,Ansys Mechanical Enterprise PrepPost,1,0.01,0.1,AEC,nramioulle
2025-10-28 10:15:25,2025-10-28 10:15:34,Ansys Mechanical Enterprise PrepPost,1,0.01,0.1,AEC,nramioulle
2025-10-28 10:34:35,2025-10-28 10:36:46,Ansys Mechanical Enterprise PrepPost,1,0.04,0.5,AEC,nramioulle
2025-10-28 10:16:12,2025-10-28 10:16:21,Ansys Mechanical Enterprise PrepPost,1,0.01,0.1,AEC,nramioulle
2025-10-28 10:32:22,2025-10-28 10:34:04,Ansys Mechanical Enterprise PrepPost,1,0.03,0.4,AEC,nramioulle
2025-10-28 10:23:08,2025-10-28 10:25:37,Ansys Mechanical Enterprise PrepPost,1,0.04,0.5,AEC,nramioulle
2025-10-28 10:07:27,2025-10-28 10:07:35,Ansys Mechanical Enterprise PrepPost,1,0.01,0.1,AEC,nramioulle
2025-10-28 10:47:36,2025-10-28 10:48:52,Ansys Mechanical Enterprise PrepPost,1,0.02,0.3,AEC,nramioulle
2025-10-28 10:26:20,2025-10-28 10:32:15,Ansys Mechanical Enterprise PrepPost,1,0.1,1.3,AEC,nramioulle
2025-10-28 10:38:36,2025-10-28 10:47:09,Ansys Mechanical Enterprise PrepPost,1,0.14,1.9,AEC,nramioulle
2025-10-29 10:36:33,2025-10-29 10:37:17,Ansys CFD Enterprise Solver,1,0.01,0.3,AEC,sgutteridge
2025-10-29 10:47:42,2025-10-29 10:51:27,Ansys CFD Enterprise Solver,1,0.06,1.6,AEC,sgutteridge
2025-10-29 13:09:42,2025-10-29 13:57:23,Ansys Discovery Simulation,1,0.79,12.7,AEC,eduffield
2025-10-29 14:17:52,2025-10-29 15:31:21,Ansys Discovery Simulation,1,1.22,19.6,AEC,eduffield
2025-10-30 08:46:10,2025-10-30 10:45:26,Ansys Discovery Simulation,1,1.99,31.8,AEC,eduffield
2025-10-30 13:19:06,2025-10-30 13:34:19,Ansys Discovery Simulation,1,0.25,4.1,AEC,eduffield
2025-10-30 14:39:38,2025-10-30 15:02:17,Ansys Discovery Simulation,1,0.38,6.0,AEC,eduffield
2025-10-31 08:25:22,2025-10-31 09:05:26,Ansys Discovery Enterprise,1,0.67,12.0,AEC,eduffield
2025-10-31 10:35:56,2025-10-31 10:36:22,Ansys Discovery Enterprise,1,0.01,0.1,AEC,eduffield
2025-10-31 10:27:05,2025-10-31 10:27:41,Ansys Discovery Enterprise,1,0.01,0.2,AEC,eduffield
2025-10-31 10:20:02,2025-10-31 10:23:49,Ansys Discovery Enterprise,1,0.06,1.1,AEC,eduffield
2025-10-31 10:23:52,2025-10-31 10:25:38,Ansys Discovery Enterprise,1,0.03,0.5,AEC,eduffield
2025-10-31 10:26:39,2025-10-31 10:34:12,Ansys CFD PrepPost,1,0.13,1.8,AEC,eduffield
2025-10-31 09:15:57,2025-10-31 09:53:02,Ansys Discovery Enterprise,1,0.62,11.1,AEC,eduffield
2025-10-31 10:35:27,2025-10-31 10:38:11,Ansys CFD PrepPost,1,0.05,0.6,AEC,eduffield
2025-10-31 10:38:13,2025-10-31 10:38:36,Ansys CFD Enterprise Solver,1,0.01,0.2,AEC,eduffield
2025-10-31 10:34:02,2025-10-31 10:34:06,Ansys CFD Enterprise Solver,1,0.01,0.1,AEC,eduffield
2025-10-31 10:38:01,2025-10-31 10:38:06,Ansys CFD Enterprise Solver,1,0.01,0.1,AEC,eduffield
2025-10-31 10:34:14,2025-10-31 10:34:49,Ansys CFD Enterprise Solver,1,0.01,0.3,AEC,eduffield
2025-10-31 10:39:11,2025-10-31 13:30:08,Ansys CFD Enterprise Solver,1,2.85,79.8,AEC,eduffield
2025-10-31 14:10:26,2025-10-31 15:38:10,Ansys CFD Enterprise Solver,1,1.46,40.9,AEC,eduffield
2025-11-03 08:53:45,2025-11-03 08:54:37,Ansys CFD Enterprise Solver,1,0.01,0.4,AEC,eduffield
2025-11-03 14:20:43,2025-11-03 15:44:32,Ansys CFD Enterprise Solver,1,1.4,39.1,AEC,eduffield
2025-11-04 08:27:28,2025-11-04 09:41:19,Ansys CFD Enterprise Solver,1,1.23,34.5,AEC,eduffield
2025-11-03 14:19:27,2025-11-03 14:19:52,Ansys CFD Enterprise Solver,1,0.01,0.2,AEC,eduffield
2025-11-04 10:17:23,2025-11-04 11:11:02,Ansys Discovery Enterprise,1,0.89,16.1,AEC,eduffield
2025-11-04 11:13:05,2025-11-04 11:37:24,Ansys Discovery Enterprise,1,0.41,7.3,AEC,eduffield
2025-11-04 12:04:25,2025-11-04 12:11:08,Ansys CFD PrepPost,1,0.11,1.6,AEC,eduffield
2025-11-04 12:12:35,2025-11-04 12:14:53,Ansys CFD PrepPost,1,0.04,0.5,AEC,eduffield
2025-11-04 13:51:48,2025-11-04 13:57:07,Ansys Discovery Enterprise,2,0.09,3.2,AEC,tutley
2025-11-04 12:11:11,2025-11-04 12:12:16,Ansys CFD Enterprise Solver,1,0.02,0.5,AEC,eduffield
2025-11-04 12:10:58,2025-11-04 12:11:03,Ansys CFD Enterprise Solver,1,0.01,0.1,AEC,eduffield
2025-11-04 12:14:41,2025-11-04 12:14:46,Ansys CFD Enterprise Solver,1,0.01,0.1,AEC,eduffield
2025-11-04 12:14:55,2025-11-04 14:31:19,Ansys CFD Enterprise Solver,1,2.27,63.6,AEC,eduffield
2025-11-04 14:31:24,2025-11-04 14:35:14,Ansys Discovery Enterprise,1,0.06,1.1,AEC,eduffield
2025-11-04 13:58:42,2025-11-04 13:59:45,Ansys Discovery Enterprise,1,0.02,0.3,AEC,tutley
2025-11-04 11:57:47,2025-11-04 12:03:58,Ansys Discovery Enterprise,1,0.1,1.9,AEC,eduffield
2025-11-04 14:03:19,2025-11-04 14:04:08,Ansys Discovery Enterprise,1,0.01,0.2,AEC,tutley
2025-11-04 13:30:19,2025-11-04 13:51:48,Ansys Discovery Enterprise,1,0.36,6.4,AEC,tutley
2025-11-04 14:01:08,2025-11-04 14:03:10,Ansys Discovery Enterprise,1,0.03,0.6,AEC,tutley
2025-11-04 12:05:25,2025-11-04 12:06:23,Ansys Discovery Enterprise,1,0.02,0.3,AEC,eduffield
2025-11-04 14:30:51,2025-11-04 14:36:28,Ansys Discovery Enterprise,1,0.09,1.7,AEC,tutley
2025-11-04 14:36:32,2025-11-04 14:37:18,Ansys Discovery Enterprise,1,0.01,0.2,AEC,tutley
2025-11-04 14:35:24,2025-11-04 14:39:59,Ansys Discovery Enterprise,1,0.08,1.4,AEC,eduffield
2025-11-04 13:57:07,2025-11-04 13:58:19,Ansys Discovery Enterprise,1,0.02,0.4,AEC,tutley
2025-11-04 14:52:51,2025-11-04 14:56:02,Ansys CFD PrepPost,1,0.05,0.7,AEC,eduffield
2025-11-04 14:55:53,2025-11-04 14:55:57,Ansys CFD Enterprise Solver,1,0.01,0.1,AEC,eduffield
2025-11-04 14:56:04,2025-11-04 15:30:38,Ansys CFD Enterprise Solver,1,0.58,16.1,AEC,eduffield
2025-11-04 15:32:18,2025-11-04 15:33:26,Ansys Mechanical Enterprise Solver,1,0.02,0.5,AEC,tutley
2025-11-04 15:04:41,2025-11-04 15:06:52,Ansys Mechanical Enterprise Solver,1,0.04,1.0,AEC,tutley
2025-11-04 15:11:17,2025-11-04 15:11:32,Ansys HPC,14,0.01,0.1,AEC,tutley
2025-11-04 15:12:13,2025-11-04 15:12:26,Ansys HPC,14,0.01,0.1,AEC,tutley
2025-11-04 15:11:04,2025-11-04 15:11:35,Ansys Mechanical Enterprise Solver,1,0.01,0.2,AEC,tutley
2025-11-04 15:32:32,2025-11-04 15:33:23,Ansys HPC,14,0.01,0.4,AEC,tutley
2025-11-04 15:12:00,2025-11-04 15:12:29,Ansys Mechanical Enterprise Solver,1,0.01,0.2,AEC,tutley
2025-11-04 15:01:44,2025-11-04 15:04:01,Ansys HPC,14,0.04,1.2,AEC,tutley
2025-11-04 15:16:58,2025-11-04 15:17:13,Ansys HPC,14,0.01,0.1,AEC,tutley
2025-11-04 15:01:30,2025-11-04 15:04:05,Ansys Mechanical Enterprise Solver,1,0.04,1.2,AEC,tutley
2025-11-04 15:21:20,2025-11-04 15:21:51,Ansys Mechanical Enterprise Solver,1,0.01,0.2,AEC,tutley
2025-11-04 15:00:47,2025-11-04 15:01:00,Ansys HPC,14,0.01,0.1,AEC,tutley
2025-11-04 14:57:19,2025-11-04 14:58:28,Ansys Mechanical Enterprise Solver,1,0.02,0.5,AEC,tutley
2025-11-04 15:00:36,2025-11-04 15:01:02,Ansys Mechanical Enterprise Solver,1,0.01,0.2,AEC,tutley
2025-11-04 15:18:30,2025-11-04 15:19:59,Ansys HPC,14,0.03,0.8,AEC,tutley
2025-11-04 15:18:16,2025-11-04 15:20:05,Ansys Mechanical Enterprise Solver,1,0.03,0.8,AEC,tutley
2025-11-04 15:13:30,2025-11-04 15:15:41,Ansys Mechanical Enterprise Solver,1,0.04,1.0,AEC,tutley
2025-11-04 14:47:08,2025-11-04 14:47:21,Ansys HPC,14,0.01,0.1,AEC,tutley
2025-11-04 15:13:44,2025-11-04 15:15:36,Ansys HPC,14,0.03,1.0,AEC,tutley
2025-11-04 14:00:27,2025-11-04 15:34:43,Ansys GRANTA Materials Data for Simulation,1,1.57,51.8,AEC,tutley
2025-11-04 14:57:32,2025-11-04 14:58:24,Ansys HPC,14,0.01,0.4,AEC,tutley
2025-11-04 13:58:28,2025-11-04 15:34:42,Ansys Mechanical Enterprise PrepPost,1,1.6,22.5,AEC,tutley
2025-11-04 15:16:46,2025-11-04 15:17:16,Ansys Mechanical Enterprise Solver,1,0.01,0.2,AEC,tutley
2025-11-04 15:04:55,2025-11-04 15:06:47,Ansys HPC,14,0.03,1.0,AEC,tutley
2025-11-04 14:46:49,2025-11-04 14:47:23,Ansys Mechanical Enterprise Solver,1,0.01,0.3,AEC,tutley
2025-11-04 15:21:33,2025-11-04 15:21:48,Ansys HPC,14,0.01,0.1,AEC,tutley
2025-11-04 15:36:33,2025-11-04 15:39:54,Ansys Discovery Enterprise,1,0.06,1.0,AEC,eduffield
2025-11-04 15:34:57,2025-11-04 15:36:30,Ansys Discovery Enterprise,1,0.03,0.5,AEC,eduffield
2025-11-04 14:53:33,2025-11-04 14:54:02,Ansys Discovery Enterprise,1,0.01,0.1,AEC,eduffield
2025-11-04 14:48:06,2025-11-04 14:52:28,Ansys Discovery Enterprise,1,0.07,1.3,AEC,eduffield
2025-11-04 15:30:44,2025-11-04 15:34:52,Ansys Discovery Enterprise,1,0.07,1.2,AEC,eduffield
2025-11-05 08:08:20,2025-11-05 08:09:09,Ansys Discovery Enterprise,1,0.01,0.2,AEC,eduffield
2025-11-05 08:04:44,2025-11-05 08:08:17,Ansys Discovery Enterprise,1,0.06,1.1,AEC,eduffield
2025-11-05 08:09:11,2025-11-05 08:10:06,Ansys Discovery Enterprise,1,0.02,0.3,AEC,eduffield
2025-11-05 08:11:36,2025-11-05 08:26:29,Ansys Discovery Enterprise,1,0.25,4.5,AEC,eduffield
2025-11-05 08:02:20,2025-11-05 08:04:32,Ansys Discovery Enterprise,1,0.04,0.7,AEC,eduffield
2025-11-05 07:40:23,2025-11-05 07:41:35,Ansys Discovery Enterprise,1,0.02,0.4,AEC,eduffield
2025-11-05 08:10:08,2025-11-05 08:11:33,Ansys Discovery Enterprise,1,0.02,0.4,AEC,eduffield
2025-11-05 08:27:42,2025-11-05 08:28:10,Ansys Discovery Enterprise,1,0.01,0.1,AEC,eduffield
2025-11-05 08:27:07,2025-11-05 08:32:14,Ansys CFD PrepPost,1,0.09,1.2,AEC,eduffield
2025-11-05 07:42:11,2025-11-05 08:01:54,Ansys CFD Enterprise Solver,1,0.33,9.2,AEC,eduffield
2025-11-05 08:32:17,2025-11-05 09:17:25,Ansys CFD Enterprise Solver,1,0.75,21.1,AEC,eduffield
2025-11-05 08:32:04,2025-11-05 08:32:09,Ansys CFD Enterprise Solver,1,0.01,0.1,AEC,eduffield
2025-11-05 09:35:03,2025-11-05 09:50:04,Ansys CFD Enterprise Solver,1,0.25,7.0,AEC,eduffield
2025-11-05 16:58:05,2025-11-05 17:10:27,Ansys Discovery Enterprise,1,0.21,3.7,AEC,prusello
2025-11-05 17:15:50,2025-11-05 17:19:35,Ansys Discovery Enterprise,1,0.06,1.1,AEC,prusello
2025-11-06 10:16:35,2025-11-06 10:44:57,Ansys CFD Enterprise Solver,1,0.47,13.2,AEC,sgutteridge
2025-11-06 09:53:35,2025-11-06 09:57:22,Ansys CFD Enterprise Solver,1,0.06,1.8,AEC,sgutteridge
2025-11-06 10:45:28,2025-11-06 10:45:40,Ansys CFD PrepPost,1,0.01,0.1,AEC,sgutteridge
2025-11-06 10:45:05,2025-11-06 11:03:48,Ansys Mechanical Enterprise PrepPost,1,0.31,4.4,AEC,sgutteridge
2025-11-06 10:45:54,2025-11-06 10:48:36,Ansys CFD PrepPost,1,0.05,0.6,AEC,sgutteridge
2025-11-06 10:48:53,2025-11-06 11:00:04,Ansys CFD PrepPost,1,0.19,2.6,AEC,sgutteridge
2025-11-06 09:58:21,2025-11-06 10:13:39,Ansys Mechanical Enterprise PrepPost,1,0.26,3.6,AEC,sgutteridge
2025-11-06 11:00:49,2025-11-06 11:01:38,Ansys Mechanical Enterprise Solver,1,0.01,0.4,AEC,sgutteridge
2025-11-07 13:30:00,2025-11-07 13:39:31,Ansys Discovery Enterprise,1,0.16,2.9,AEC,tutley
2025-11-07 14:16:25,2025-11-07 14:17:00,Ansys Mechanical Enterprise Solver,1,0.01,0.3,AEC,tutley
2025-11-07 14:20:00,2025-11-07 14:21:17,Ansys Mechanical Enterprise Solver,1,0.02,0.6,AEC,tutley
2025-11-07 14:32:17,2025-11-07 14:32:47,Ansys Mechanical Enterprise Solver,1,0.01,0.2,AEC,tutley
2025-11-07 14:31:10,2025-11-07 14:31:13,Ansys HPC,14,0.01,0.1,AEC,tutley
2025-11-07 14:17:22,2025-11-07 14:18:30,Ansys Mechanical Enterprise Solver,1,0.02,0.5,AEC,tutley
2025-11-07 14:19:11,2025-11-07 14:19:24,Ansys HPC,14,0.01,0.1,AEC,tutley
2025-11-07 14:32:28,2025-11-07 14:32:43,Ansys HPC,14,0.01,0.1,AEC,tutley
2025-11-07 14:17:35,2025-11-07 14:18:27,Ansys HPC,14,0.01,0.4,AEC,tutley
2025-11-07 14:19:00,2025-11-07 14:19:27,Ansys Mechanical Enterprise Solver,1,0.01,0.2,AEC,tutley
2025-11-07 14:33:36,2025-11-07 14:34:55,Ansys Mechanical Enterprise Solver,1,0.02,0.6,AEC,tutley
2025-11-07 14:33:51,2025-11-07 14:34:51,Ansys HPC,14,0.02,0.5,AEC,tutley
2025-11-07 14:20:15,2025-11-07 14:21:13,Ansys HPC,14,0.02,0.5,AEC,tutley
2025-11-07 14:16:41,2025-11-07 14:16:58,Ansys HPC,14,0.01,0.1,AEC,tutley
2025-11-07 13:42:01,2025-11-07 15:41:33,Ansys Mechanical Enterprise PrepPost,1,1.99,27.9,AEC,tutley
2025-11-07 17:16:56,2025-11-07 17:18:15,Ansys Mechanical Enterprise Solver,1,0.02,0.6,AEC,tutley
2025-11-07 17:24:54,2025-11-07 17:25:33,Ansys Mechanical Enterprise Solver,1,0.01,0.3,AEC,tutley
2025-11-07 16:45:45,2025-11-07 16:46:26,Ansys Mechanical Enterprise Solver,1,0.01,0.3,AEC,tutley
2025-11-07 16:46:33,2025-11-07 16:48:31,Ansys Mechanical Enterprise Solver,1,0.03,0.9,AEC,tutley
2025-11-07 16:52:59,2025-11-07 16:54:26,Ansys Mechanical Enterprise Solver,1,0.02,0.7,AEC,tutley
2025-11-07 16:55:53,2025-11-07 16:57:16,Ansys Mechanical Enterprise Solver,1,0.02,0.6,AEC,tutley
2025-11-07 16:17:06,2025-11-07 16:18:29,Ansys Mechanical Enterprise Solver,1,0.02,0.6,AEC,tutley
2025-11-07 16:41:10,2025-11-07 16:41:41,Ansys Mechanical Enterprise Solver,1,0.01,0.2,AEC,tutley
2025-11-07 16:41:48,2025-11-07 16:43:07,Ansys Mechanical Enterprise Solver,1,0.02,0.6,AEC,tutley
2025-11-07 16:49:40,2025-11-07 16:51:07,Ansys Mechanical Enterprise Solver,1,0.02,0.7,AEC,tutley
2025-11-07 17:25:41,2025-11-07 17:27:06,Ansys Mechanical Enterprise Solver,1,0.02,0.7,AEC,tutley
2025-11-07 17:05:14,2025-11-07 17:05:47,Ansys Mechanical Enterprise Solver,1,0.01,0.3,AEC,tutley
2025-11-07 16:55:13,2025-11-07 16:55:45,Ansys Mechanical Enterprise Solver,1,0.01,0.2,AEC,tutley
2025-11-07 16:48:53,2025-11-07 16:49:31,Ansys Mechanical Enterprise Solver,1,0.01,0.3,AEC,tutley
2025-11-07 17:05:55,2025-11-07 17:07:20,Ansys Mechanical Enterprise Solver,1,0.02,0.7,AEC,tutley
2025-11-07 16:16:27,2025-11-07 16:16:58,Ansys Mechanical Enterprise Solver,1,0.01,0.2,AEC,tutley
2025-11-07 16:52:21,2025-11-07 16:52:52,Ansys Mechanical Enterprise Solver,1,0.01,0.2,AEC,tutley
2025-11-07 17:18:45,2025-11-07 17:20:09,Ansys Mechanical Enterprise Solver,1,0.02,0.7,AEC,tutley
2025-11-07 17:17:09,2025-11-07 17:18:12,Ansys HPC,14,0.02,0.5,AEC,tutley
2025-11-07 16:49:05,2025-11-07 16:49:28,Ansys HPC,14,0.01,0.2,AEC,tutley
2025-11-07 16:52:33,2025-11-07 16:52:49,Ansys HPC,14,0.01,0.1,AEC,tutley
2025-11-07 16:20:20,2025-11-07 16:20:23,Ansys HPC,14,0.01,0.1,AEC,tutley
2025-11-07 16:17:20,2025-11-07 16:18:24,Ansys HPC,14,0.02,0.6,AEC,tutley
2025-11-07 16:16:39,2025-11-07 16:16:55,Ansys HPC,14,0.01,0.1,AEC,tutley
2025-11-07 16:55:25,2025-11-07 16:55:42,Ansys HPC,14,0.01,0.1,AEC,tutley
2025-11-07 16:53:14,2025-11-07 16:54:21,Ansys HPC,14,0.02,0.6,AEC,tutley
2025-11-07 16:32:23,2025-11-07 16:32:25,Ansys HPC,14,0.01,0.1,AEC,tutley
2025-11-07 16:26:08,2025-11-07 16:26:10,Ansys HPC,14,0.01,0.1,AEC,tutley
2025-11-07 16:31:03,2025-11-07 16:31:06,Ansys HPC,14,0.01,0.1,AEC,tutley
2025-11-07 17:25:55,2025-11-07 17:27:03,Ansys HPC,14,0.02,0.6,AEC,tutley
2025-11-07 17:06:09,2025-11-07 17:07:15,Ansys HPC,14,0.02,0.6,AEC,tutley
2025-11-07 16:45:57,2025-11-07 16:46:24,Ansys HPC,14,0.01,0.2,AEC,tutley
2025-11-07 16:22:28,2025-11-07 16:22:31,Ansys HPC,14,0.01,0.1,AEC,tutley
2025-11-07 17:18:57,2025-11-07 17:20:03,Ansys HPC,14,0.02,0.6,AEC,tutley
2025-11-07 16:56:07,2025-11-07 16:57:13,Ansys HPC,14,0.02,0.6,AEC,tutley
2025-11-07 17:31:29,2025-11-07 17:31:32,Ansys HPC,14,0.01,0.1,AEC,tutley
2025-11-07 17:25:07,2025-11-07 17:25:30,Ansys HPC,14,0.01,0.2,AEC,tutley
2025-11-07 16:19:12,2025-11-07 16:19:15,Ansys HPC,14,0.01,0.1,AEC,tutley
2025-11-07 16:49:54,2025-11-07 16:51:02,Ansys HPC,14,0.02,0.6,AEC,tutley
2025-11-07 16:42:02,2025-11-07 16:43:04,Ansys HPC,14,0.02,0.5,AEC,tutley
2025-11-07 17:05:27,2025-11-07 17:05:44,Ansys HPC,14,0.01,0.1,AEC,tutley
2025-11-07 16:41:22,2025-11-07 16:41:38,Ansys HPC,14,0.01,0.1,AEC,tutley
2025-11-07 17:29:49,2025-11-07 17:29:52,Ansys HPC,14,0.01,0.1,AEC,tutley
2025-11-07 16:23:16,2025-11-07 16:23:18,Ansys HPC,14,0.01,0.1,AEC,tutley
2025-11-07 16:46:50,2025-11-07 16:48:28,Ansys HPC,14,0.03,0.8,AEC,tutley
2025-11-07 16:13:59,2025-11-07 17:33:45,Ansys Mechanical Enterprise PrepPost,1,1.33,18.6,AEC,tutley
2025-11-07 17:43:20,2025-11-07 17:44:38,Ansys HPC,14,0.02,0.7,AEC,tutley
2025-11-07 18:27:02,2025-11-07 18:28:04,Ansys HPC,14,0.02,0.5,AEC,tutley
2025-11-07 18:02:30,2025-11-07 18:03:01,Ansys Mechanical Enterprise Solver,1,0.01,0.2,AEC,tutley
2025-11-07 17:43:04,2025-11-07 17:44:41,Ansys Mechanical Enterprise Solver,1,0.03,0.8,AEC,tutley
2025-11-07 18:26:50,2025-11-07 18:28:09,Ansys Mechanical Enterprise Solver,1,0.02,0.6,AEC,tutley
2025-11-07 18:39:58,2025-11-07 18:40:04,Ansys HPC,14,0.01,0.1,AEC,tutley
2025-11-07 17:53:16,2025-11-07 17:53:47,Ansys Mechanical Enterprise Solver,1,0.01,0.2,AEC,tutley
2025-11-07 18:36:41,2025-11-07 18:36:58,Ansys HPC,14,0.01,0.2,AEC,tutley
2025-11-07 18:57:05,2025-11-07 18:58:05,Ansys HPC,14,0.02,0.5,AEC,tutley
2025-11-07 17:46:43,2025-11-07 17:48:07,Ansys Mechanical Enterprise Solver,1,0.02,0.7,AEC,tutley
2025-11-07 18:37:09,2025-11-07 18:38:48,Ansys Mechanical Enterprise Solver,1,0.03,0.8,AEC,tutley
2025-11-07 17:53:55,2025-11-07 17:55:16,Ansys Mechanical Enterprise Solver,1,0.02,0.6,AEC,tutley
2025-11-07 17:39:04,2025-11-07 17:41:01,Ansys Mechanical Enterprise Solver,1,0.03,0.9,AEC,tutley
2025-11-07 18:40:39,2025-11-07 18:40:45,Ansys HPC,14,0.01,0.1,AEC,tutley
2025-11-07 18:36:28,2025-11-07 18:37:02,Ansys Mechanical Enterprise Solver,1,0.01,0.3,AEC,tutley
2025-11-07 17:39:17,2025-11-07 17:40:57,Ansys HPC,14,0.03,0.9,AEC,tutley
2025-11-07 18:03:23,2025-11-07 18:04:27,Ansys HPC,14,0.02,0.6,AEC,tutley
2025-11-07 18:15:16,2025-11-07 18:15:21,Ansys HPC,14,0.01,0.1,AEC,tutley
2025-11-07 18:35:46,2025-11-07 18:35:52,Ansys HPC,14,0.01,0.1,AEC,tutley
2025-11-07 18:03:08,2025-11-07 18:04:32,Ansys Mechanical Enterprise Solver,1,0.02,0.7,AEC,tutley
2025-11-07 18:02:43,2025-11-07 18:02:58,Ansys HPC,14,0.01,0.1,AEC,tutley
2025-11-07 17:46:55,2025-11-07 17:48:02,Ansys HPC,14,0.02,0.6,AEC,tutley
2025-11-07 17:54:09,2025-11-07 17:55:13,Ansys HPC,14,0.02,0.5,AEC,tutley
2025-11-07 17:53:28,2025-11-07 17:53:44,Ansys HPC,14,0.01,0.1,AEC,tutley
2025-11-07 18:37:24,2025-11-07 18:38:42,Ansys HPC,14,0.02,0.7,AEC,tutley
2025-11-07 18:56:52,2025-11-07 18:58:09,Ansys Mechanical Enterprise Solver,1,0.02,0.6,AEC,tutley
2025-11-07 18:34:53,2025-11-07 18:34:59,Ansys HPC,14,0.01,0.1,AEC,tutley
2025-11-07 17:37:55,2025-11-07 19:07:56,Ansys Mechanical Enterprise PrepPost,1,1.5,21.0,AEC,tutley
2025-11-10 10:09:44,2025-11-10 10:19:06,Ansys CFD Enterprise Solver,1,0.16,4.4,AEC,sgutteridge
2025-11-10 10:05:12,2025-11-10 10:07:44,Ansys CFD Enterprise Solver,1,0.04,1.2,AEC,sgutteridge
2025-11-10 10:19:14,2025-11-10 10:26:42,Ansys Mechanical Enterprise PrepPost,1,0.12,1.7,AEC,sgutteridge
2025-11-10 10:21:13,2025-11-10 10:25:59,Ansys CFD Enterprise Solver,1,0.08,2.2,AEC,sgutteridge
2025-11-10 10:40:00,2025-11-10 11:01:37,Ansys CFD Enterprise Solver,1,0.36,10.1,AEC,sgutteridge
2025-11-10 10:29:45,2025-11-10 10:39:29,Ansys CFD Enterprise Solver,1,0.16,4.5,AEC,sgutteridge
2025-11-10 10:50:18,2025-11-10 10:50:28,Ansys Geometry Interface for SolidWorks,1,0.01,0.1,AEC,sgutteridge
2025-11-10 11:03:11,2025-11-10 11:03:21,Ansys Geometry Interface for SolidWorks,1,0.01,0.1,AEC,sgutteridge
2025-11-10 10:56:29,2025-11-10 10:58:20,Ansys CFD PrepPost,1,0.03,0.4,AEC,sgutteridge
2025-11-10 10:49:58,2025-11-10 10:52:38,Ansys Discovery Enterprise,1,0.04,0.8,AEC,sgutteridge
2025-11-10 10:48:33,2025-11-10 10:49:35,Ansys Discovery Enterprise,1,0.02,0.3,AEC,sgutteridge
2025-11-10 11:23:27,2025-11-10 11:29:30,Ansys CFD PrepPost,1,0.1,1.4,AEC,sgutteridge
2025-11-10 10:50:01,2025-11-10 10:52:36,Ansys BladeModeler,1,0.04,0.1,AEC,sgutteridge
2025-11-10 10:53:18,2025-11-10 10:54:03,Ansys Discovery Enterprise,1,0.01,0.2,AEC,sgutteridge
2025-11-10 10:53:21,2025-11-10 10:54:00,Ansys BladeModeler,1,0.01,0.1,AEC,sgutteridge
2025-11-10 10:54:19,2025-11-10 10:55:56,Ansys Discovery Enterprise,1,0.03,0.5,AEC,sgutteridge
2025-11-10 11:27:09,2025-11-10 11:27:21,Ansys Discovery Enterprise,1,0.01,0.1,AEC,sgutteridge
2025-11-10 10:48:36,2025-11-10 10:49:33,Ansys BladeModeler,1,0.02,0.1,AEC,sgutteridge
2025-11-10 10:54:22,2025-11-10 10:55:54,Ansys BladeModeler,1,0.03,0.1,AEC,sgutteridge
2025-11-10 11:27:12,2025-11-10 11:27:21,Ansys BladeModeler,1,0.01,0.1,AEC,sgutteridge
2025-11-10 11:02:14,2025-11-10 11:05:46,Ansys Discovery Enterprise,1,0.06,1.1,AEC,sgutteridge
2025-11-10 10:57:01,2025-11-10 10:57:09,Ansys BladeModeler,1,0.01,0.1,AEC,sgutteridge
2025-11-10 10:56:58,2025-11-10 10:57:09,Ansys Discovery Enterprise,1,0.01,0.1,AEC,sgutteridge
2025-11-10 11:02:16,2025-11-10 11:05:43,Ansys BladeModeler,1,0.06,0.1,AEC,sgutteridge
2025-11-10 11:29:33,2025-11-10 11:59:00,Ansys CFD Enterprise Solver,1,0.49,13.7,AEC,sgutteridge
2025-11-10 11:29:21,2025-11-10 11:29:26,Ansys CFD Enterprise Solver,1,0.01,0.1,AEC,sgutteridge
2025-11-10 13:17:25,2025-11-10 13:17:35,Ansys Geometry Interface for SolidWorks,1,0.01,0.1,AEC,sgutteridge
2025-11-10 13:16:42,2025-11-10 13:20:33,Ansys BladeModeler,1,0.06,0.1,AEC,sgutteridge
2025-11-10 13:22:14,2025-11-10 13:22:26,Ansys Discovery Enterprise,1,0.01,0.1,AEC,sgutteridge
2025-11-10 13:22:17,2025-11-10 13:22:26,Ansys BladeModeler,1,0.01,0.1,AEC,sgutteridge
2025-11-10 14:00:27,2025-11-10 14:00:37,Ansys BladeModeler,1,0.01,0.1,AEC,sgutteridge
2025-11-10 13:16:39,2025-11-10 13:20:35,Ansys Discovery Enterprise,1,0.07,1.2,AEC,sgutteridge
2025-11-10 14:00:24,2025-11-10 14:00:37,Ansys Discovery Enterprise,1,0.01,0.1,AEC,sgutteridge
2025-11-10 13:25:12,2025-11-10 13:59:52,Ansys CFD Enterprise Solver,1,0.58,16.2,AEC,sgutteridge
2025-11-10 13:11:32,2025-11-10 13:16:27,Ansys CFD Enterprise Solver,1,0.08,2.3,AEC,sgutteridge
2025-11-10 13:24:59,2025-11-10 13:25:04,Ansys CFD Enterprise Solver,1,0.01,0.1,AEC,sgutteridge
2025-11-10 14:05:20,2025-11-10 14:23:30,Ansys CFD Enterprise Solver,1,0.3,8.5,AEC,sgutteridge
2025-11-10 14:37:37,2025-11-10 14:48:39,Ansys CFD PrepPost,1,0.18,2.6,AEC,sgutteridge
2025-11-10 13:21:50,2025-11-10 13:25:09,Ansys CFD PrepPost,1,0.06,0.8,AEC,sgutteridge
2025-11-10 14:34:45,2025-11-10 14:37:25,Ansys CFD PrepPost,1,0.04,0.6,AEC,sgutteridge
2025-11-10 14:33:52,2025-11-10 14:34:04,Ansys CFD PrepPost,1,0.01,0.1,AEC,sgutteridge
2025-11-10 14:33:33,2025-11-10 14:50:09,Ansys Mechanical Enterprise PrepPost,1,0.28,3.9,AEC,sgutteridge
2025-11-10 14:00:06,2025-11-10 14:04:47,Ansys Mechanical Enterprise PrepPost,1,0.08,1.1,AEC,sgutteridge
2025-11-10 18:03:37,2025-11-10 18:03:48,Ansys Mechanical Enterprise Solver,1,0.01,0.1,AEC,sgutteridge
2025-11-10 18:04:19,2025-11-10 18:05:00,Ansys Mechanical Enterprise Solver,1,0.01,0.3,AEC,sgutteridge
2025-11-10 18:02:44,2025-11-10 18:08:23,Ansys Mechanical Enterprise PrepPost,1,0.09,1.3,AEC,sgutteridge
2025-11-10 18:12:12,2025-11-10 18:12:23,Ansys Geometry Interface for SolidWorks,1,0.01,0.1,AEC,sgutteridge
2025-11-10 18:37:45,2025-11-10 18:37:56,Ansys Geometry Interface for SolidWorks,1,0.01,0.1,AEC,sgutteridge
2025-11-10 18:44:53,2025-11-10 18:47:55,Ansys CFD PrepPost,1,0.05,0.7,AEC,sgutteridge
2025-11-10 18:45:19,2025-11-10 18:45:30,Ansys Discovery Enterprise,1,0.01,0.1,AEC,sgutteridge
2025-11-10 18:37:22,2025-11-10 18:42:13,Ansys Discovery Enterprise,1,0.08,1.5,AEC,sgutteridge
2025-11-10 18:11:44,2025-11-10 18:15:14,Ansys Discovery Enterprise,1,0.06,1.1,AEC,sgutteridge
2025-11-10 18:45:21,2025-11-10 18:45:30,Ansys BladeModeler,1,0.01,0.1,AEC,sgutteridge
2025-11-10 18:11:47,2025-11-10 18:15:12,Ansys BladeModeler,1,0.06,0.1,AEC,sgutteridge
2025-11-10 18:16:33,2025-11-10 18:16:41,Ansys BladeModeler,1,0.01,0.1,AEC,sgutteridge
2025-11-10 18:15:54,2025-11-10 18:19:45,Ansys CFD PrepPost,1,0.06,0.9,AEC,sgutteridge
2025-11-10 18:16:30,2025-11-10 18:16:41,Ansys Discovery Enterprise,1,0.01,0.1,AEC,sgutteridge
2025-11-10 18:37:25,2025-11-10 18:42:13,Ansys BladeModeler,1,0.08,0.2,AEC,sgutteridge
2025-11-10 18:47:58,2025-11-10 18:59:41,Ansys CFD Enterprise Solver,1,0.2,5.5,AEC,sgutteridge
2025-11-10 18:19:35,2025-11-10 18:19:40,Ansys CFD Enterprise Solver,1,0.01,0.1,AEC,sgutteridge
2025-11-10 18:47:45,2025-11-10 18:47:49,Ansys CFD Enterprise Solver,1,0.01,0.1,AEC,sgutteridge
2025-11-10 18:19:48,2025-11-10 18:36:15,Ansys CFD Enterprise Solver,1,0.27,7.7,AEC,sgutteridge
2025-11-11 13:50:22,2025-11-11 13:59:37,Ansys HPC,4,0.15,2.3,AEC,sgutteridge
2025-11-11 13:50:12,2025-11-11 13:59:37,Ansys CFD Enterprise Solver,1,0.16,4.4,AEC,sgutteridge
2025-11-11 14:24:49,2025-11-11 14:34:05,Ansys CFD Enterprise Solver,1,0.15,4.3,AEC,sgutteridge
2025-11-11 14:24:56,2025-11-11 14:34:05,Ansys HPC,4,0.15,2.3,AEC,sgutteridge
2025-11-11 14:37:50,2025-11-11 14:42:36,Ansys CFD Enterprise Solver,1,0.08,2.2,AEC,sgutteridge
2025-11-11 14:03:28,2025-11-11 14:14:03,Ansys CFD Enterprise Solver,1,0.18,4.9,AEC,sgutteridge
2025-11-11 14:46:34,2025-11-11 14:48:35,Ansys CFD Enterprise Solver,1,0.03,0.9,AEC,sgutteridge
2025-11-11 13:36:58,2025-11-11 13:44:38,Ansys CFD Enterprise Solver,1,0.13,3.6,AEC,sgutteridge
2025-11-11 14:48:48,2025-11-11 14:57:45,Ansys CFD Enterprise Solver,1,0.15,4.2,AEC,sgutteridge
2025-11-11 14:14:58,2025-11-11 14:17:54,Ansys CFD Enterprise Solver,1,0.05,1.4,AEC,sgutteridge
2025-11-11 15:03:07,2025-11-11 15:14:10,Ansys CFD PrepPost,1,0.18,2.6,AEC,sgutteridge
2025-11-11 15:00:03,2025-11-11 15:02:41,Ansys CFD PrepPost,1,0.04,0.6,AEC,sgutteridge
2025-11-11 14:59:21,2025-11-11 14:59:32,Ansys CFD PrepPost,1,0.01,0.1,AEC,sgutteridge
2025-11-11 13:35:12,2025-11-11 13:35:23,Ansys Mechanical Enterprise PrepPost,1,0.01,0.1,AEC,sgutteridge
2025-11-11 14:59:02,2025-11-11 15:18:02,Ansys Mechanical Enterprise PrepPost,1,0.32,4.4,AEC,sgutteridge
2025-11-11 13:35:39,2025-11-11 13:35:48,Ansys Mechanical Enterprise PrepPost,1,0.01,0.1,AEC,sgutteridge
2025-11-11 13:35:25,2025-11-11 13:35:36,Ansys Mechanical Enterprise PrepPost,1,0.01,0.1,AEC,sgutteridge
2025-11-11 13:34:58,2025-11-11 13:35:09,Ansys Mechanical Enterprise PrepPost,1,0.01,0.1,AEC,sgutteridge
2025-11-11 15:14:28,2025-11-11 15:15:02,Ansys Mechanical Enterprise Solver,1,0.01,0.3,AEC,sgutteridge
2025-11-11 16:32:23,2025-11-11 16:42:26,Ansys Mechanical Enterprise PrepPost,1,0.17,2.3,AEC,sgutteridge
2025-11-11 16:28:44,2025-11-11 16:30:01,Ansys Mechanical Enterprise PrepPost,1,0.02,0.3,AEC,sgutteridge
2025-11-11 16:53:51,2025-11-11 16:55:52,Ansys Discovery Enterprise,1,0.03,0.6,AEC,tutley
2025-11-11 16:56:24,2025-11-11 16:57:05,Ansys Discovery Enterprise,1,0.01,0.2,AEC,tutley
2025-11-11 16:57:24,2025-11-11 17:27:27,Ansys GRANTA Materials Data for Simulation,1,0.5,16.5,AEC,tutley
2025-11-11 17:19:10,2025-11-11 17:23:32,Ansys Mechanical Enterprise Solver,2,0.07,4.1,AEC,tutley
2025-11-11 17:08:20,2025-11-11 17:12:27,Ansys HPC,14,0.07,2.1,AEC,tutley
2025-11-11 17:39:36,2025-11-11 17:46:59,Ansys Mechanical Enterprise Solver,1,0.12,3.4,AEC,tutley
2025-11-11 17:38:56,2025-11-11 17:39:26,Ansys HPC,14,0.01,0.3,AEC,tutley
2025-11-11 17:16:49,2025-11-11 17:17:20,Ansys Mechanical Enterprise Solver,1,0.01,0.2,AEC,tutley
2025-11-11 17:17:01,2025-11-11 17:17:18,Ansys HPC,14,0.01,0.1,AEC,tutley
2025-11-11 16:57:43,2025-11-11 16:57:46,Ansys Mechanical Enterprise Solver,1,0.01,0.1,AEC,tutley
2025-11-11 17:39:54,2025-11-11 17:46:53,Ansys HPC,14,0.12,3.6,AEC,tutley
2025-11-11 17:00:01,2025-11-11 17:00:25,Ansys HPC,14,0.01,0.2,AEC,tutley
2025-11-11 16:59:47,2025-11-11 17:00:28,Ansys Mechanical Enterprise Solver,1,0.01,0.3,AEC,tutley
2025-11-11 17:19:23,2025-11-11 17:23:32,Ansys HPC,14,0.07,2.1,AEC,tutley
2025-11-11 17:18:04,2025-11-11 17:19:10,Ansys Mechanical Enterprise Solver,1,0.02,0.5,AEC,tutley
2025-11-11 17:38:44,2025-11-11 17:39:29,Ansys Mechanical Enterprise Solver,1,0.01,0.4,AEC,tutley
2025-11-11 17:08:08,2025-11-11 17:12:32,Ansys Mechanical Enterprise Solver,1,0.07,2.1,AEC,tutley
2025-11-11 17:02:37,2025-11-11 17:06:42,Ansys Mechanical Enterprise Solver,1,0.07,1.9,AEC,tutley
2025-11-11 17:02:52,2025-11-11 17:06:37,Ansys HPC,14,0.06,1.9,AEC,tutley
2025-11-11 16:56:05,2025-11-11 17:48:24,Ansys Mechanical Enterprise PrepPost,1,0.87,12.2,AEC,tutley
2025-11-11 17:24:25,2025-11-11 17:52:41,Ansys CFD Enterprise Solver,1,0.47,13.2,AEC,sgutteridge
2025-11-11 18:02:48,2025-11-11 18:06:50,Ansys CFD Enterprise Solver,1,0.07,1.9,AEC,sgutteridge
2025-11-12 12:15:27,2025-11-12 12:39:39,Ansys CFD Enterprise Solver,1,0.4,11.3,AEC,sgutteridge
2025-11-12 13:08:30,2025-11-12 13:42:35,Ansys CFD Enterprise Solver,1,0.57,15.9,AEC,sgutteridge
2025-11-12 13:46:27,2025-11-12 13:57:29,Ansys CFD PrepPost,1,0.18,2.6,AEC,sgutteridge
2025-11-12 13:43:07,2025-11-12 13:43:18,Ansys CFD PrepPost,1,0.01,0.1,AEC,sgutteridge
2025-11-12 13:43:31,2025-11-12 13:46:14,Ansys CFD PrepPost,1,0.05,0.6,AEC,sgutteridge
2025-11-12 13:42:47,2025-11-12 14:02:54,Ansys Mechanical Enterprise PrepPost,1,0.34,4.7,AEC,sgutteridge
2025-11-12 14:00:36,2025-11-12 14:01:10,Ansys Mechanical Enterprise Solver,1,0.01,0.3,AEC,sgutteridge
2025-11-13 12:49:03,2025-11-13 13:20:48,Ansys Discovery Enterprise,1,0.53,9.5,AEC,nramioulle
2025-11-13 13:26:42,2025-11-13 13:28:10,Ansys Discovery Enterprise,1,0.02,0.4,AEC,nramioulle
2025-11-13 13:21:45,2025-11-13 13:22:22,Ansys Discovery Enterprise,1,0.01,0.2,AEC,nramioulle
2025-11-13 13:28:29,2025-11-13 13:28:52,Ansys Discovery Enterprise,1,0.01,0.1,AEC,nramioulle
2025-11-13 13:52:31,2025-11-13 13:52:40,Ansys Discovery Enterprise,1,0.01,0.1,AEC,sgutteridge
2025-11-13 13:52:33,2025-11-13 13:52:40,Ansys BladeModeler,1,0.01,0.1,AEC,sgutteridge
2025-11-13 13:52:44,2025-11-13 13:52:51,Ansys CFD PrepPost,1,0.01,0.1,AEC,sgutteridge
2025-11-13 13:57:18,2025-11-13 13:57:33,Ansys CFD PrepPost,1,0.01,0.1,AEC,sgutteridge
2025-11-13 13:59:28,2025-11-13 14:00:01,Ansys CFD PrepPost,1,0.01,0.1,AEC,sgutteridge
2025-11-13 13:57:50,2025-11-13 13:59:09,Ansys CFD PrepPost,1,0.02,0.3,AEC,sgutteridge
2025-11-13 14:00:22,2025-11-13 14:04:57,Ansys CFD PrepPost,1,0.08,1.1,AEC,sgutteridge
2025-11-13 14:13:07,2025-11-13 14:17:55,Ansys Mechanical Enterprise Solver,1,0.08,2.2,AEC,sgutteridge
2025-11-13 14:05:55,2025-11-13 14:10:53,Ansys Mechanical Enterprise Solver,1,0.08,2.3,AEC,sgutteridge
2025-11-13 13:23:53,2025-11-13 13:28:29,Ansys Mechanical Enterprise PrepPost,1,0.08,1.1,AEC,sgutteridge
2025-11-13 13:52:15,2025-11-13 14:19:36,Ansys Mechanical Enterprise PrepPost,1,0.46,6.4,AEC,sgutteridge
2025-11-13 13:35:38,2025-11-13 13:39:56,Ansys CFD Enterprise Solver,1,0.07,2.0,AEC,sgutteridge
2025-11-13 13:40:57,2025-11-13 13:52:04,Ansys CFD Enterprise Solver,1,0.19,5.2,AEC,sgutteridge
2025-11-13 14:20:03,2025-11-13 14:24:47,Ansys CFD Enterprise Solver,1,0.08,2.2,AEC,sgutteridge
2025-11-13 13:33:44,2025-11-13 14:34:08,Ansys GRANTA Materials Data for Simulation,1,1.01,33.2,AEC,nramioulle
2025-11-13 14:34:43,2025-11-13 14:36:03,Ansys CFD Enterprise Solver,1,0.02,0.6,AEC,sgutteridge
2025-11-13 14:36:30,2025-11-13 14:36:41,Ansys BladeModeler,1,0.01,0.1,AEC,sgutteridge
2025-11-13 14:36:28,2025-11-13 14:36:41,Ansys Discovery Enterprise,1,0.01,0.1,AEC,sgutteridge
2025-11-13 14:36:45,2025-11-13 14:36:53,Ansys CFD PrepPost,1,0.01,0.1,AEC,sgutteridge
2025-11-13 14:39:54,2025-11-13 14:42:26,Ansys CFD PrepPost,1,0.04,0.6,AEC,sgutteridge
2025-11-13 14:42:38,2025-11-13 14:53:42,Ansys CFD PrepPost,1,0.18,2.6,AEC,sgutteridge
2025-11-13 14:36:11,2025-11-13 14:56:30,Ansys Mechanical Enterprise PrepPost,1,0.34,4.7,AEC,sgutteridge
2025-11-13 14:54:32,2025-11-13 14:55:16,Ansys Mechanical Enterprise Solver,1,0.01,0.3,AEC,sgutteridge
2025-11-13 15:19:25,2025-11-13 15:19:42,Ansys Mechanical Enterprise Solver,1,0.01,0.1,AEC,nramioulle
2025-11-13 15:22:17,2025-11-13 15:22:36,Ansys Mechanical Enterprise Solver,1,0.01,0.2,AEC,nramioulle
2025-11-13 14:53:21,2025-11-13 14:53:31,Ansys Mechanical Enterprise Solver,1,0.01,0.1,AEC,nramioulle
2025-11-13 13:54:14,2025-11-13 13:54:26,Ansys Mechanical Enterprise Solver,1,0.01,0.1,AEC,nramioulle
2025-11-13 14:18:40,2025-11-13 14:18:51,Ansys Mechanical Enterprise Solver,1,0.01,0.1,AEC,nramioulle
2025-11-13 14:19:21,2025-11-13 14:19:31,Ansys Mechanical Enterprise Solver,1,0.01,0.1,AEC,nramioulle
2025-11-13 14:58:32,2025-11-13 14:58:43,Ansys Mechanical Enterprise Solver,1,0.01,0.1,AEC,nramioulle
2025-11-13 15:04:44,2025-11-13 15:05:06,Ansys Mechanical Enterprise Solver,1,0.01,0.2,AEC,nramioulle
2025-11-13 13:45:49,2025-11-13 13:45:58,Ansys Mechanical Enterprise Solver,1,0.01,0.1,AEC,nramioulle
2025-11-13 14:53:51,2025-11-13 14:54:01,Ansys Mechanical Enterprise Solver,1,0.01,0.1,AEC,nramioulle
2025-11-13 14:03:56,2025-11-13 14:04:06,Ansys Mechanical Enterprise Solver,1,0.01,0.1,AEC,nramioulle
2025-11-13 14:04:17,2025-11-13 14:04:26,Ansys Mechanical Enterprise Solver,1,0.01,0.1,AEC,nramioulle
2025-11-13 15:03:14,2025-11-13 15:03:39,Ansys Mechanical Enterprise Solver,1,0.01,0.2,AEC,nramioulle
2025-11-13 15:08:25,2025-11-13 15:08:50,Ansys Mechanical Enterprise Solver,1,0.01,0.2,AEC,nramioulle
2025-11-13 15:24:03,2025-11-13 15:24:30,Ansys Mechanical Enterprise Solver,1,0.01,0.2,AEC,nramioulle
2025-11-13 15:16:19,2025-11-13 15:16:37,Ansys Mechanical Enterprise Solver,1,0.01,0.1,AEC,nramioulle
2025-11-13 14:42:24,2025-11-13 14:42:34,Ansys Mechanical Enterprise Solver,1,0.01,0.1,AEC,nramioulle
2025-11-13 13:44:35,2025-11-13 13:44:48,Ansys Mechanical Enterprise Solver,1,0.01,0.1,AEC,nramioulle
2025-11-13 14:31:37,2025-11-13 14:31:48,Ansys Mechanical Enterprise Solver,1,0.01,0.1,AEC,nramioulle
2025-11-13 14:59:13,2025-11-13 14:59:24,Ansys Mechanical Enterprise Solver,1,0.01,0.1,AEC,nramioulle
2025-11-13 13:46:12,2025-11-13 13:46:24,Ansys Mechanical Enterprise Solver,1,0.01,0.1,AEC,nramioulle
2025-11-13 14:32:28,2025-11-13 14:32:38,Ansys Mechanical Enterprise Solver,1,0.01,0.1,AEC,nramioulle
2025-11-13 14:27:07,2025-11-13 14:27:18,Ansys Mechanical Enterprise Solver,1,0.01,0.1,AEC,nramioulle
2025-11-13 14:16:59,2025-11-13 14:17:10,Ansys Mechanical Enterprise Solver,1,0.01,0.1,AEC,nramioulle
2025-11-13 14:42:58,2025-11-13 14:43:09,Ansys Mechanical Enterprise Solver,1,0.01,0.1,AEC,nramioulle
2025-11-13 15:05:34,2025-11-13 15:05:58,Ansys Mechanical Enterprise Solver,1,0.01,0.2,AEC,nramioulle
2025-11-13 15:11:58,2025-11-13 15:12:17,Ansys Mechanical Enterprise Solver,1,0.01,0.1,AEC,nramioulle
2025-11-13 15:20:57,2025-11-13 15:21:14,Ansys Mechanical Enterprise Solver,1,0.01,0.1,AEC,nramioulle
2025-11-13 15:32:56,2025-11-13 15:33:25,Ansys Mechanical Enterprise Solver,1,0.01,0.2,AEC,nramioulle
2025-11-13 13:55:06,2025-11-13 13:55:36,Ansys Mechanical Enterprise Solver,1,0.01,0.2,AEC,nramioulle
2025-11-13 13:59:52,2025-11-13 14:00:03,Ansys Mechanical Enterprise Solver,1,0.01,0.1,AEC,nramioulle
2025-11-13 13:40:24,2025-11-13 13:40:35,Ansys Mechanical Enterprise Solver,1,0.01,0.1,AEC,nramioulle
2025-11-13 15:18:19,2025-11-13 15:18:38,Ansys Mechanical Enterprise Solver,1,0.01,0.2,AEC,nramioulle
2025-11-13 14:03:21,2025-11-13 14:03:32,Ansys Mechanical Enterprise Solver,1,0.01,0.1,AEC,nramioulle
2025-11-13 14:32:53,2025-11-13 14:33:04,Ansys Mechanical Enterprise Solver,1,0.01,0.1,AEC,nramioulle
2025-11-13 14:01:23,2025-11-13 14:01:33,Ansys Mechanical Enterprise Solver,1,0.01,0.1,AEC,nramioulle
2025-11-13 13:47:15,2025-11-13 13:47:28,Ansys Mechanical Enterprise Solver,1,0.01,0.1,AEC,nramioulle
2025-11-13 13:43:48,2025-11-13 13:44:01,Ansys Mechanical Enterprise Solver,1,0.01,0.1,AEC,nramioulle
2025-11-13 14:01:59,2025-11-13 14:02:10,Ansys Mechanical Enterprise Solver,1,0.01,0.1,AEC,nramioulle
2025-11-13 15:07:44,2025-11-13 15:08:07,Ansys Mechanical Enterprise Solver,1,0.01,0.2,AEC,nramioulle
2025-11-13 15:28:18,2025-11-13 15:28:35,Ansys Mechanical Enterprise Solver,1,0.01,0.1,AEC,nramioulle
2025-11-13 14:20:09,2025-11-13 14:20:20,Ansys Mechanical Enterprise Solver,1,0.01,0.1,AEC,nramioulle
2025-11-13 14:46:07,2025-11-13 14:46:17,Ansys Mechanical Enterprise Solver,1,0.01,0.1,AEC,nramioulle
2025-11-13 14:33:13,2025-11-13 14:33:22,Ansys Mechanical Enterprise Solver,1,0.01,0.1,AEC,nramioulle
2025-11-13 14:43:57,2025-11-13 14:44:10,Ansys Mechanical Enterprise Solver,1,0.01,0.1,AEC,nramioulle
2025-11-13 15:31:56,2025-11-13 15:32:21,Ansys Mechanical Enterprise Solver,1,0.01,0.2,AEC,nramioulle
2025-11-13 14:48:44,2025-11-13 14:48:54,Ansys Mechanical Enterprise Solver,1,0.01,0.1,AEC,nramioulle
2025-11-13 14:00:22,2025-11-13 14:00:32,Ansys Mechanical Enterprise Solver,1,0.01,0.1,AEC,nramioulle
2025-11-13 14:47:38,2025-11-13 14:47:49,Ansys Mechanical Enterprise Solver,1,0.01,0.1,AEC,nramioulle
2025-11-13 15:04:03,2025-11-13 15:04:26,Ansys Mechanical Enterprise Solver,1,0.01,0.2,AEC,nramioulle
2025-11-13 14:43:35,2025-11-13 14:43:46,Ansys Mechanical Enterprise Solver,1,0.01,0.1,AEC,nramioulle
2025-11-13 14:10:34,2025-11-13 14:10:45,Ansys Mechanical Enterprise Solver,1,0.01,0.1,AEC,nramioulle
2025-11-13 15:17:46,2025-11-13 15:18:03,Ansys Mechanical Enterprise Solver,1,0.01,0.1,AEC,nramioulle
2025-11-13 13:38:23,2025-11-13 13:38:53,Ansys Mechanical Enterprise Solver,1,0.01,0.2,AEC,nramioulle
2025-11-13 14:29:54,2025-11-13 14:30:05,Ansys Mechanical Enterprise Solver,1,0.01,0.1,AEC,nramioulle
2025-11-13 14:22:11,2025-11-13 14:22:24,Ansys Mechanical Enterprise Solver,1,0.01,0.1,AEC,nramioulle
2025-11-13 14:44:52,2025-11-13 14:45:03,Ansys Mechanical Enterprise Solver,1,0.01,0.1,AEC,nramioulle
2025-11-13 13:53:16,2025-11-13 13:53:29,Ansys Mechanical Enterprise Solver,1,0.01,0.1,AEC,nramioulle
2025-11-13 14:15:17,2025-11-13 14:15:27,Ansys Mechanical Enterprise Solver,1,0.01,0.1,AEC,nramioulle
2025-11-13 15:01:14,2025-11-13 15:01:39,Ansys Mechanical Enterprise Solver,1,0.01,0.2,AEC,nramioulle
2025-11-13 15:14:21,2025-11-13 15:14:40,Ansys Mechanical Enterprise Solver,1,0.01,0.1,AEC,nramioulle
2025-11-13 14:30:26,2025-11-13 14:30:37,Ansys Mechanical Enterprise Solver,1,0.01,0.1,AEC,nramioulle
2025-11-13 14:49:44,2025-11-13 14:49:57,Ansys Mechanical Enterprise Solver,1,0.01,0.1,AEC,nramioulle
2025-11-13 14:22:38,2025-11-13 14:22:50,Ansys Mechanical Enterprise Solver,1,0.01,0.1,AEC,nramioulle
2025-11-13 15:13:13,2025-11-13 15:13:32,Ansys Mechanical Enterprise Solver,1,0.01,0.1,AEC,nramioulle
2025-11-13 15:29:23,2025-11-13 15:29:46,Ansys Mechanical Enterprise Solver,1,0.01,0.2,AEC,nramioulle
2025-11-13 15:09:28,2025-11-13 15:09:49,Ansys Mechanical Enterprise Solver,1,0.01,0.2,AEC,nramioulle
2025-11-13 15:01:55,2025-11-13 15:02:22,Ansys Mechanical Enterprise Solver,1,0.01,0.2,AEC,nramioulle
2025-11-13 13:58:55,2025-11-13 13:58:58,Ansys Mechanical Enterprise Solver,1,0.01,0.1,AEC,nramioulle
2025-11-13 14:54:25,2025-11-13 14:54:36,Ansys Mechanical Enterprise Solver,1,0.01,0.1,AEC,nramioulle
2025-11-13 14:15:50,2025-11-13 14:16:01,Ansys Mechanical Enterprise Solver,1,0.01,0.1,AEC,nramioulle
2025-11-13 14:25:47,2025-11-13 14:25:57,Ansys Mechanical Enterprise Solver,1,0.01,0.1,AEC,nramioulle
2025-11-13 14:27:48,2025-11-13 14:27:59,Ansys Mechanical Enterprise Solver,1,0.01,0.1,AEC,nramioulle
2025-11-13 15:10:45,2025-11-13 15:10:59,Ansys Mechanical Enterprise Solver,1,0.01,0.1,AEC,nramioulle
2025-11-13 13:55:53,2025-11-13 13:56:04,Ansys Mechanical Enterprise Solver,1,0.01,0.1,AEC,nramioulle
2025-11-13 15:37:43,2025-11-13 15:38:08,Ansys Mechanical Enterprise Solver,1,0.01,0.2,AEC,nramioulle
2025-11-13 15:44:42,2025-11-13 15:45:04,Ansys Mechanical Enterprise Solver,1,0.01,0.2,AEC,nramioulle
2025-11-13 15:41:18,2025-11-13 15:41:40,Ansys Mechanical Enterprise Solver,1,0.01,0.2,AEC,nramioulle
2025-11-13 15:34:09,2025-11-13 15:34:34,Ansys Mechanical Enterprise Solver,1,0.01,0.2,AEC,nramioulle
2025-11-13 15:43:33,2025-11-13 15:43:51,Ansys Mechanical Enterprise Solver,1,0.01,0.1,AEC,nramioulle
2025-11-13 15:50:29,2025-11-13 15:50:46,Ansys Mechanical Enterprise Solver,1,0.01,0.1,AEC,nramioulle
2025-11-13 15:48:19,2025-11-13 15:48:36,Ansys Mechanical Enterprise Solver,1,0.01,0.1,AEC,nramioulle
2025-11-13 15:39:55,2025-11-13 15:40:18,Ansys Mechanical Enterprise Solver,1,0.01,0.2,AEC,nramioulle
2025-11-13 15:49:34,2025-11-13 15:49:53,Ansys Mechanical Enterprise Solver,1,0.01,0.1,AEC,nramioulle
2025-11-13 15:47:06,2025-11-13 15:47:25,Ansys Mechanical Enterprise Solver,1,0.01,0.1,AEC,nramioulle
2025-11-13 15:46:14,2025-11-13 15:46:32,Ansys Mechanical Enterprise Solver,1,0.01,0.1,AEC,nramioulle
2025-11-13 15:58:49,2025-11-13 15:59:08,Ansys Mechanical Enterprise Solver,1,0.01,0.2,AEC,nramioulle
2025-11-13 15:35:09,2025-11-13 15:35:34,Ansys Mechanical Enterprise Solver,1,0.01,0.2,AEC,nramioulle
2025-11-13 13:29:33,2025-11-13 16:09:15,Ansys Mechanical Enterprise PrepPost,1,2.66,37.3,AEC,nramioulle
2025-11-13 13:28:17,2025-11-13 13:28:53,Ansys Mechanical Enterprise PrepPost,1,0.01,0.1,AEC,nramioulle
2025-11-13 13:21:24,2025-11-13 13:26:54,Ansys Mechanical Enterprise PrepPost,1,0.09,1.3,AEC,nramioulle
2025-11-14 09:11:51,2025-11-14 09:14:29,Ansys Discovery Enterprise,1,0.04,0.8,AEC,nramioulle
2025-11-14 09:22:30,2025-11-14 09:23:16,Ansys Discovery Enterprise,1,0.01,0.2,AEC,nramioulle
2025-11-14 09:27:32,2025-11-14 09:27:55,Ansys Discovery Enterprise,1,0.01,0.1,AEC,nramioulle
2025-11-14 09:20:19,2025-11-14 09:20:46,Ansys Discovery Enterprise,1,0.01,0.1,AEC,nramioulle
2025-11-14 09:14:53,2025-11-14 09:15:20,Ansys Discovery Enterprise,1,0.01,0.1,AEC,nramioulle
2025-11-14 09:18:27,2025-11-14 09:19:54,Ansys Discovery Enterprise,1,0.02,0.4,AEC,nramioulle
2025-11-14 09:26:22,2025-11-14 09:27:27,Ansys Discovery Enterprise,1,0.02,0.3,AEC,nramioulle
2025-11-14 09:23:41,2025-11-14 09:24:05,Ansys Discovery Enterprise,1,0.01,0.1,AEC,nramioulle
2025-11-14 09:25:26,2025-11-14 09:25:43,Ansys Mechanical Enterprise Solver,1,0.01,0.1,AEC,nramioulle
2025-11-14 09:05:03,2025-11-14 09:05:24,Ansys Mechanical Enterprise Solver,1,0.01,0.2,AEC,nramioulle
2025-11-14 09:08:15,2025-11-14 09:08:37,Ansys Mechanical Enterprise Solver,1,0.01,0.2,AEC,nramioulle
2025-11-14 09:21:13,2025-11-14 09:21:30,Ansys Mechanical Enterprise Solver,1,0.01,0.1,AEC,nramioulle
2025-11-14 09:34:09,2025-11-14 09:34:26,Ansys Mechanical Enterprise Solver,1,0.01,0.1,AEC,nramioulle
2025-11-14 09:17:20,2025-11-14 09:17:37,Ansys Mechanical Enterprise Solver,1,0.01,0.1,AEC,nramioulle
2025-11-14 09:30:08,2025-11-14 09:30:23,Ansys Mechanical Enterprise Solver,1,0.01,0.1,AEC,nramioulle
2025-11-14 09:32:30,2025-11-14 09:32:44,Ansys Mechanical Enterprise Solver,1,0.01,0.1,AEC,nramioulle
2025-11-14 09:06:09,2025-11-14 09:06:28,Ansys Mechanical Enterprise Solver,1,0.01,0.1,AEC,nramioulle
2025-11-14 09:28:24,2025-11-14 09:28:39,Ansys Mechanical Enterprise Solver,1,0.01,0.1,AEC,nramioulle
2025-11-14 09:31:05,2025-11-14 09:31:20,Ansys Mechanical Enterprise Solver,1,0.01,0.1,AEC,nramioulle
2025-11-14 09:14:34,2025-11-14 09:18:38,Ansys Mechanical Enterprise PrepPost,1,0.07,0.9,AEC,nramioulle
2025-11-14 09:23:22,2025-11-14 09:34:26,Ansys Mechanical Enterprise PrepPost,1,0.18,2.6,AEC,nramioulle
2025-11-14 09:03:46,2025-11-14 09:12:08,Ansys Mechanical Enterprise PrepPost,1,0.14,2.0,AEC,nramioulle
2025-11-14 09:20:01,2025-11-14 09:22:48,Ansys Mechanical Enterprise PrepPost,1,0.05,0.7,AEC,nramioulle
2025-11-14 09:34:26,2025-11-14 09:36:32,Ansys Mechanical Enterprise PrepPost,1,0.04,0.5,AEC,nramioulle
2025-11-17 14:19:31,2025-11-17 14:19:46,Ansys Mechanical Enterprise Solver,1,0.01,0.1,AEC,nramioulle
2025-11-17 14:15:40,2025-11-17 14:16:00,Ansys Mechanical Enterprise Solver,1,0.01,0.2,AEC,nramioulle
2025-11-17 14:13:13,2025-11-17 14:13:26,Ansys Mechanical Enterprise Solver,1,0.01,0.1,AEC,nramioulle
2025-11-17 14:17:56,2025-11-17 14:18:11,Ansys Mechanical Enterprise Solver,1,0.01,0.1,AEC,nramioulle
2025-11-17 14:14:12,2025-11-17 14:14:30,Ansys Mechanical Enterprise Solver,1,0.01,0.1,AEC,nramioulle
2025-11-17 14:11:46,2025-11-17 14:20:36,Ansys Mechanical Enterprise PrepPost,1,0.15,2.1,AEC,nramioulle
2025-11-17 14:13:54,2025-11-17 14:14:01,Ansys Mechanical Enterprise Solver,1,0.01,0.1,AEC,nramioulle
2025-11-17 14:12:26,2025-11-17 14:12:57,Ansys Mechanical Enterprise Solver,1,0.01,0.2,AEC,nramioulle
2025-11-17 14:19:00,2025-11-17 14:19:15,Ansys Mechanical Enterprise Solver,1,0.01,0.1,AEC,nramioulle
2025-11-18 12:53:34,2025-11-18 13:03:41,Ansys Discovery Enterprise,1,0.17,3.0,AEC,tutley
2025-11-18 13:03:50,2025-11-18 13:04:35,Ansys Discovery Enterprise,1,0.01,0.2,AEC,tutley
2025-11-18 13:06:43,2025-11-18 13:36:29,Ansys Discovery Enterprise,1,0.5,8.9,AEC,tutley
2025-11-18 17:35:26,2025-11-18 17:43:08,Ansys Mechanical Enterprise PrepPost,1,0.13,1.8,AEC,tutley
2025-11-19 09:46:13,2025-11-19 09:56:31,Ansys CFD PrepPost,1,0.17,2.4,AEC,eduffield
2025-11-19 09:46:51,2025-11-19 09:47:17,Ansys Discovery Enterprise,1,0.01,0.1,AEC,eduffield
2025-11-19 10:22:03,2025-11-19 10:23:15,Ansys Discovery Enterprise,1,0.02,0.4,AEC,eduffield
2025-11-19 10:34:52,2025-11-19 10:36:01,Ansys Discovery Enterprise,1,0.02,0.3,AEC,eduffield
2025-11-19 09:41:47,2025-11-19 09:45:32,Ansys Discovery Enterprise,1,0.06,1.1,AEC,eduffield
2025-11-19 10:10:33,2025-11-19 10:11:52,Ansys Discovery Enterprise,1,0.02,0.4,AEC,eduffield
2025-11-19 10:31:26,2025-11-19 10:32:50,Ansys Discovery Enterprise,1,0.02,0.4,AEC,eduffield
2025-11-19 10:24:27,2025-11-19 10:30:00,Ansys Discovery Enterprise,1,0.09,1.7,AEC,eduffield
2025-11-19 10:13:32,2025-11-19 10:15:02,Ansys Discovery Enterprise,1,0.03,0.4,AEC,eduffield
2025-11-19 10:36:40,2025-11-19 10:47:17,Ansys Discovery Enterprise,1,0.18,3.2,AEC,eduffield
2025-11-19 10:33:23,2025-11-19 10:34:33,Ansys Discovery Enterprise,1,0.02,0.4,AEC,eduffield
2025-11-19 10:48:22,2025-11-19 10:56:48,Ansys Discovery Enterprise,1,0.14,2.5,AEC,eduffield
2025-11-19 11:07:56,2025-11-19 11:11:16,Ansys Discovery Enterprise,1,0.06,1.0,AEC,eduffield
2025-11-19 10:58:13,2025-11-19 11:07:06,Ansys Discovery Enterprise,1,0.15,2.7,AEC,eduffield
2025-11-19 09:56:49,2025-11-19 10:04:17,Ansys Discovery Enterprise,1,0.12,2.2,AEC,eduffield
2025-11-19 10:04:34,2025-11-19 10:10:07,Ansys Discovery Enterprise,1,0.09,1.7,AEC,eduffield
2025-11-19 11:26:37,2025-11-19 11:30:08,Ansys CFD PrepPost,1,0.06,0.8,AEC,eduffield
2025-11-19 11:33:55,2025-11-19 11:39:30,Ansys CFD PrepPost,1,0.09,1.3,AEC,eduffield
2025-11-19 15:42:57,2025-11-19 15:46:56,Ansys Zemax OpticStudio Enterprise,1,0.07,1.3,AEC,tutley
2025-11-19 16:15:48,2025-11-19 16:19:09,Ansys Zemax OpticStudio Enterprise,1,0.06,1.1,AEC,tutley
2025-11-19 11:51:57,2025-11-19 11:55:19,Ansys Discovery Enterprise,1,0.06,1.0,AEC,eduffield
2025-11-19 17:08:28,2025-11-19 17:14:02,Ansys Discovery Enterprise,1,0.09,1.7,AEC,eduffield
2025-11-19 11:34:16,2025-11-19 11:34:41,Ansys Discovery Enterprise,1,0.01,0.1,AEC,eduffield
2025-11-19 11:30:47,2025-11-19 11:33:21,Ansys Discovery Enterprise,1,0.04,0.8,AEC,eduffield
2025-11-19 11:26:59,2025-11-19 11:27:23,Ansys Discovery Enterprise,1,0.01,0.1,AEC,eduffield
2025-11-19 11:15:02,2025-11-19 11:26:08,Ansys Discovery Enterprise,1,0.18,3.3,AEC,eduffield
2025-11-19 11:28:25,2025-11-19 11:28:50,Ansys Discovery Enterprise,1,0.01,0.1,AEC,eduffield
2025-11-19 15:38:27,2025-11-19 16:13:36,Ansys Discovery Enterprise,1,0.59,10.5,AEC,eduffield
2025-11-19 17:14:27,2025-11-19 17:15:00,Ansys Discovery Enterprise,1,0.01,0.2,AEC,eduffield
2025-11-19 13:33:55,2025-11-19 13:34:26,Ansys Discovery Enterprise,1,0.01,0.2,AEC,eduffield
2025-11-19 13:32:07,2025-11-19 13:33:35,Ansys Discovery Enterprise,1,0.02,0.4,AEC,eduffield
2025-11-19 13:34:29,2025-11-19 13:35:03,Ansys Mechanical Enterprise PrepPost,1,0.01,0.1,AEC,eduffield
2025-11-19 17:15:03,2025-11-19 17:15:41,Ansys Mechanical Enterprise PrepPost,1,0.01,0.1,AEC,eduffield
2025-11-19 17:14:14,2025-11-19 17:15:01,Ansys Mechanical Enterprise PrepPost,1,0.01,0.2,AEC,eduffield
2025-11-19 13:33:42,2025-11-19 13:34:27,Ansys Mechanical Enterprise PrepPost,1,0.01,0.2,AEC,eduffield
2025-11-19 12:55:21,2025-11-19 12:57:31,Ansys CFD Enterprise Solver,1,0.04,1.0,AEC,eduffield
2025-11-19 13:38:15,2025-11-19 13:38:57,Ansys CFD Enterprise Solver,1,0.01,0.3,AEC,eduffield
2025-11-19 13:04:36,2025-11-19 13:28:19,Ansys CFD Enterprise Solver,1,0.4,11.1,AEC,eduffield
2025-11-19 17:17:37,2025-11-19 17:48:18,Ansys CFD Enterprise Solver,1,0.51,14.3,AEC,eduffield
2025-11-19 11:39:32,2025-11-19 11:50:24,Ansys CFD Enterprise Solver,1,0.18,5.1,AEC,eduffield
2025-11-19 13:39:26,2025-11-19 14:33:51,Ansys CFD Enterprise Solver,1,0.91,25.4,AEC,eduffield
2025-11-19 15:02:41,2025-11-19 15:11:18,Ansys CFD Enterprise Solver,1,0.14,4.0,AEC,eduffield
2025-11-19 11:55:44,2025-11-19 12:17:00,Ansys CFD Enterprise Solver,1,0.35,9.9,AEC,eduffield
2025-11-19 12:59:19,2025-11-19 13:03:21,Ansys CFD Enterprise Solver,1,0.07,1.9,AEC,eduffield
2025-11-19 15:11:33,2025-11-19 15:20:08,Ansys CFD Enterprise Solver,1,0.14,4.0,AEC,eduffield
2025-11-19 15:20:35,2025-11-19 15:37:23,Ansys CFD Enterprise Solver,1,0.28,7.8,AEC,eduffield
2025-11-19 11:39:20,2025-11-19 11:39:25,Ansys CFD Enterprise Solver,1,0.01,0.1,AEC,eduffield
2025-11-19 16:13:55,2025-11-19 17:08:22,Ansys CFD Enterprise Solver,1,0.91,25.4,AEC,eduffield
2025-11-19 22:53:40,2025-11-19 22:56:35,Ansys Mechanical Enterprise PrepPost,1,0.05,0.7,AEC,eduffield
2025-11-19 22:14:57,2025-11-19 22:24:56,Ansys CFD Enterprise Solver,1,0.17,4.7,AEC,eduffield
2025-11-19 21:28:55,2025-11-19 21:30:01,Ansys CFD Enterprise Solver,1,0.02,0.5,AEC,eduffield
2025-11-19 21:27:27,2025-11-19 21:28:32,Ansys CFD Enterprise Solver,1,0.02,0.5,AEC,eduffield
2025-11-19 21:21:35,2025-11-19 21:22:40,Ansys CFD Enterprise Solver,1,0.02,0.5,AEC,eduffield
2025-11-19 21:46:43,2025-11-19 21:47:46,Ansys CFD Enterprise Solver,1,0.02,0.5,AEC,eduffield
2025-11-19 21:50:25,2025-11-19 21:51:28,Ansys CFD Enterprise Solver,1,0.02,0.5,AEC,eduffield
2025-11-19 21:40:46,2025-11-19 21:41:48,Ansys CFD Enterprise Solver,1,0.02,0.5,AEC,eduffield
2025-11-19 21:12:56,2025-11-19 21:14:00,Ansys CFD Enterprise Solver,1,0.02,0.5,AEC,eduffield
2025-11-19 21:42:14,2025-11-19 21:43:18,Ansys CFD Enterprise Solver,1,0.02,0.5,AEC,eduffield
2025-11-19 21:39:14,2025-11-19 21:40:21,Ansys CFD Enterprise Solver,1,0.02,0.5,AEC,eduffield
2025-11-19 21:14:24,2025-11-19 21:15:28,Ansys CFD Enterprise Solver,1,0.02,0.5,AEC,eduffield
2025-11-19 21:18:40,2025-11-19 21:19:46,Ansys CFD Enterprise Solver,1,0.02,0.5,AEC,eduffield
2025-11-19 21:49:40,2025-11-19 21:49:56,Ansys CFD Enterprise Solver,1,0.01,0.1,AEC,eduffield
2025-11-19 21:51:55,2025-11-19 21:53:02,Ansys CFD Enterprise Solver,1,0.02,0.5,AEC,eduffield
2025-11-19 21:24:29,2025-11-19 21:25:35,Ansys CFD Enterprise Solver,1,0.02,0.5,AEC,eduffield
2025-11-19 22:10:59,2025-11-19 22:14:17,Ansys CFD Enterprise Solver,1,0.06,1.5,AEC,eduffield
2025-11-19 21:00:45,2025-11-19 21:01:50,Ansys CFD Enterprise Solver,1,0.02,0.5,AEC,eduffield
2025-11-19 21:17:13,2025-11-19 21:18:18,Ansys CFD Enterprise Solver,1,0.02,0.5,AEC,eduffield
2025-11-19 20:59:22,2025-11-19 21:00:24,Ansys CFD Enterprise Solver,1,0.02,0.5,AEC,eduffield
2025-11-19 20:36:56,2025-11-19 20:48:29,Ansys CFD Enterprise Solver,1,0.19,5.4,AEC,eduffield
2025-11-19 22:25:34,2025-11-19 22:34:36,Ansys CFD Enterprise Solver,1,0.15,4.2,AEC,eduffield
2025-11-19 21:15:49,2025-11-19 21:16:52,Ansys CFD Enterprise Solver,1,0.02,0.5,AEC,eduffield
2025-11-19 21:23:02,2025-11-19 21:24:07,Ansys CFD Enterprise Solver,1,0.02,0.5,AEC,eduffield
2025-11-19 21:25:57,2025-11-19 21:27:03,Ansys CFD Enterprise Solver,1,0.02,0.5,AEC,eduffield
2025-11-19 22:08:50,2025-11-19 22:10:13,Ansys CFD Enterprise Solver,1,0.02,0.6,AEC,eduffield
2025-11-19 21:48:11,2025-11-19 21:49:14,Ansys CFD Enterprise Solver,1,0.02,0.5,AEC,eduffield
2025-11-19 20:57:57,2025-11-19 20:59:01,Ansys CFD Enterprise Solver,1,0.02,0.5,AEC,eduffield
2025-11-19 21:20:07,2025-11-19 21:21:14,Ansys CFD Enterprise Solver,1,0.02,0.5,AEC,eduffield
2025-11-19 21:05:37,2025-11-19 21:12:20,Ansys CFD Enterprise Solver,1,0.11,3.1,AEC,eduffield
2025-11-19 20:53:46,2025-11-19 20:57:35,Ansys CFD Enterprise Solver,1,0.06,1.8,AEC,eduffield
2025-11-19 21:45:15,2025-11-19 21:46:18,Ansys CFD Enterprise Solver,1,0.02,0.5,AEC,eduffield
2025-11-19 22:04:13,2025-11-19 22:07:57,Ansys CFD Enterprise Solver,1,0.06,1.7,AEC,eduffield
2025-11-19 21:53:29,2025-11-19 21:54:34,Ansys CFD Enterprise Solver,1,0.02,0.5,AEC,eduffield
2025-11-19 21:43:45,2025-11-19 21:44:48,Ansys CFD Enterprise Solver,1,0.02,0.5,AEC,eduffield
2025-11-19 22:35:17,2025-11-19 22:37:03,Ansys CFD Enterprise Solver,1,0.03,0.8,AEC,eduffield
2025-11-19 22:37:35,2025-11-19 22:44:29,Ansys CFD Enterprise Solver,1,0.11,3.2,AEC,eduffield
2025-11-19 22:44:53,2025-11-19 22:52:33,Ansys CFD Enterprise Solver,1,0.13,3.6,AEC,eduffield
2025-11-19 22:52:56,2025-11-19 22:53:27,Ansys CFD Enterprise Solver,1,0.01,0.2,AEC,eduffield
2025-11-19 22:59:11,2025-11-19 23:09:33,Ansys CFD Enterprise Solver,1,0.17,4.8,AEC,eduffield
2025-11-20 01:30:36,2025-11-20 01:33:22,Ansys CFD Enterprise Solver,1,0.05,1.3,AEC,eduffield
2025-11-20 01:39:47,2025-11-20 01:42:36,Ansys CFD Enterprise Solver,1,0.05,1.3,AEC,eduffield
2025-11-19 23:43:24,2025-11-19 23:45:57,Ansys CFD Enterprise Solver,1,0.04,1.2,AEC,eduffield
2025-11-20 00:18:42,2025-11-20 00:21:21,Ansys CFD Enterprise Solver,1,0.04,1.2,AEC,eduffield
2025-11-20 00:15:45,2025-11-20 00:18:28,Ansys CFD Enterprise Solver,1,0.05,1.3,AEC,eduffield
2025-11-20 01:46:00,2025-11-20 01:49:04,Ansys CFD Enterprise Solver,1,0.05,1.4,AEC,eduffield
2025-11-20 00:24:34,2025-11-20 00:27:22,Ansys CFD Enterprise Solver,1,0.05,1.3,AEC,eduffield
2025-11-20 00:27:37,2025-11-20 00:30:16,Ansys CFD Enterprise Solver,1,0.04,1.2,AEC,eduffield
2025-11-19 23:46:09,2025-11-19 23:48:52,Ansys CFD Enterprise Solver,1,0.05,1.3,AEC,eduffield
2025-11-20 00:30:30,2025-11-20 00:33:11,Ansys CFD Enterprise Solver,1,0.04,1.3,AEC,eduffield
2025-11-19 23:16:51,2025-11-19 23:28:48,Ansys CFD Enterprise Solver,1,0.2,5.6,AEC,eduffield
2025-11-19 23:37:26,2025-11-19 23:40:26,Ansys CFD Enterprise Solver,1,0.05,1.4,AEC,eduffield
2025-11-20 01:21:24,2025-11-20 01:24:10,Ansys CFD Enterprise Solver,1,0.05,1.3,AEC,eduffield
2025-11-20 00:42:24,2025-11-20 00:45:07,Ansys CFD Enterprise Solver,1,0.05,1.3,AEC,eduffield
2025-11-20 00:54:19,2025-11-20 00:57:06,Ansys CFD Enterprise Solver,1,0.05,1.3,AEC,eduffield
2025-11-20 00:12:43,2025-11-20 00:15:31,Ansys CFD Enterprise Solver,1,0.05,1.3,AEC,eduffield
2025-11-20 00:21:35,2025-11-20 00:24:20,Ansys CFD Enterprise Solver,1,0.05,1.3,AEC,eduffield
2025-11-20 01:33:39,2025-11-20 01:36:25,Ansys CFD Enterprise Solver,1,0.05,1.3,AEC,eduffield
2025-11-20 00:33:26,2025-11-20 00:36:09,Ansys CFD Enterprise Solver,1,0.05,1.3,AEC,eduffield
2025-11-19 23:34:34,2025-11-19 23:37:14,Ansys CFD Enterprise Solver,1,0.04,1.2,AEC,eduffield
2025-11-19 23:58:01,2025-11-20 00:00:41,Ansys CFD Enterprise Solver,1,0.04,1.2,AEC,eduffield
2025-11-20 01:06:17,2025-11-20 01:09:02,Ansys CFD Enterprise Solver,1,0.05,1.3,AEC,eduffield
2025-11-20 00:06:48,2025-11-20 00:09:31,Ansys CFD Enterprise Solver,1,0.05,1.3,AEC,eduffield
2025-11-20 01:36:42,2025-11-20 01:39:31,Ansys CFD Enterprise Solver,1,0.05,1.3,AEC,eduffield
2025-11-20 01:42:52,2025-11-20 01:45:41,Ansys CFD Enterprise Solver,1,0.05,1.3,AEC,eduffield
2025-11-20 01:15:27,2025-11-20 01:18:09,Ansys CFD Enterprise Solver,1,0.05,1.3,AEC,eduffield
2025-11-19 23:29:14,2025-11-19 23:31:36,Ansys CFD Enterprise Solver,1,0.04,1.1,AEC,eduffield
2025-11-20 00:57:20,2025-11-20 01:00:05,Ansys CFD Enterprise Solver,1,0.05,1.3,AEC,eduffield
2025-11-19 23:49:06,2025-11-19 23:52:09,Ansys CFD Enterprise Solver,1,0.05,1.4,AEC,eduffield
2025-11-20 01:09:17,2025-11-20 01:12:05,Ansys CFD Enterprise Solver,1,0.05,1.3,AEC,eduffield
2025-11-19 23:40:38,2025-11-19 23:43:12,Ansys CFD Enterprise Solver,1,0.04,1.2,AEC,eduffield
2025-11-20 01:24:26,2025-11-20 01:27:17,Ansys CFD Enterprise Solver,1,0.05,1.3,AEC,eduffield
2025-11-20 00:48:20,2025-11-20 00:51:06,Ansys CFD Enterprise Solver,1,0.05,1.3,AEC,eduffield
2025-11-20 00:03:51,2025-11-20 00:06:35,Ansys CFD Enterprise Solver,1,0.05,1.3,AEC,eduffield
2025-11-20 00:00:54,2025-11-20 00:03:38,Ansys CFD Enterprise Solver,1,0.05,1.3,AEC,eduffield
2025-11-20 01:00:20,2025-11-20 01:03:06,Ansys CFD Enterprise Solver,1,0.05,1.3,AEC,eduffield
2025-11-20 01:12:21,2025-11-20 01:15:11,Ansys CFD Enterprise Solver,1,0.05,1.3,AEC,eduffield
2025-11-20 00:09:44,2025-11-20 00:12:26,Ansys CFD Enterprise Solver,1,0.05,1.3,AEC,eduffield
2025-11-20 01:18:26,2025-11-20 01:21:07,Ansys CFD Enterprise Solver,1,0.04,1.3,AEC,eduffield
2025-11-20 00:51:21,2025-11-20 00:54:05,Ansys CFD Enterprise Solver,1,0.05,1.3,AEC,eduffield
2025-11-19 23:31:49,2025-11-19 23:34:22,Ansys CFD Enterprise Solver,1,0.04,1.2,AEC,eduffield
2025-11-19 23:52:21,2025-11-19 23:54:59,Ansys CFD Enterprise Solver,1,0.04,1.2,AEC,eduffield
2025-11-20 00:45:23,2025-11-20 00:48:05,Ansys CFD Enterprise Solver,1,0.04,1.3,AEC,eduffield
2025-11-20 01:03:21,2025-11-20 01:06:02,Ansys CFD Enterprise Solver,1,0.05,1.3,AEC,eduffield
2025-11-19 23:55:12,2025-11-19 23:57:48,Ansys CFD Enterprise Solver,1,0.04,1.2,AEC,eduffield
2025-11-20 01:27:33,2025-11-20 01:30:19,Ansys CFD Enterprise Solver,1,0.05,1.3,AEC,eduffield
2025-11-20 00:39:26,2025-11-20 00:42:09,Ansys CFD Enterprise Solver,1,0.05,1.3,AEC,eduffield
2025-11-20 00:36:24,2025-11-20 00:39:10,Ansys CFD Enterprise Solver,1,0.05,1.3,AEC,eduffield
2025-11-20 14:19:14,2025-11-20 14:20:09,Ansys CFD Enterprise Solver,1,0.02,0.4,AEC,eduffield
2025-11-20 14:27:42,2025-11-20 14:34:07,Ansys CFD Enterprise Solver,1,0.11,3.0,AEC,eduffield
2025-11-20 14:20:32,2025-11-20 14:27:06,Ansys CFD Enterprise Solver,1,0.11,3.1,AEC,eduffield
2025-11-20 17:40:29,2025-11-20 17:49:29,Ansys CFD Enterprise Solver,1,0.15,4.2,AEC,eduffield
2025-11-20 19:20:21,2025-11-20 19:23:42,Ansys CFD Enterprise Solver,1,0.06,1.6,AEC,sgutteridge
2025-11-20 19:27:27,2025-11-20 19:27:59,Ansys CFD Enterprise Solver,1,0.01,0.2,AEC,eduffield
2025-11-20 20:16:17,2025-11-20 20:16:57,Ansys Mechanical Enterprise PrepPost,1,0.01,0.2,AEC,eduffield
2025-11-20 20:16:59,2025-11-20 20:17:16,Ansys Mechanical Enterprise PrepPost,1,0.01,0.1,AEC,eduffield
2025-11-20 20:16:28,2025-11-20 20:16:56,Ansys Discovery Enterprise,1,0.01,0.1,AEC,eduffield
2025-11-20 20:11:30,2025-11-20 20:16:08,Ansys Mechanical Enterprise PrepPost,1,0.08,1.1,AEC,eduffield
2025-11-20 20:06:11,2025-11-20 20:06:43,Ansys Discovery Enterprise,1,0.01,0.2,AEC,eduffield
2025-11-20 20:08:17,2025-11-20 20:11:20,Ansys Discovery Enterprise,1,0.05,0.9,AEC,eduffield
2025-11-20 19:38:32,2025-11-20 20:05:40,Ansys CFD Enterprise Solver,1,0.45,12.7,AEC,eduffield
2025-11-20 20:18:24,2025-11-20 20:25:27,Ansys CFD Enterprise Solver,1,0.12,3.3,AEC,eduffield
2025-11-20 19:31:35,2025-11-20 19:37:27,Ansys CFD Enterprise Solver,1,0.1,2.7,AEC,eduffield
2025-11-21 11:37:11,2025-11-21 11:37:21,Ansys Geometry Interface for SolidWorks,1,0.01,0.1,AEC,sgutteridge
2025-11-21 11:39:36,2025-11-21 11:39:46,Ansys Geometry Interface for SolidWorks,1,0.01,0.1,AEC,sgutteridge
2025-11-21 12:42:54,2025-11-21 12:43:05,Ansys Geometry Interface for SolidWorks,1,0.01,0.1,AEC,sgutteridge
2025-11-21 11:39:20,2025-11-21 11:43:43,Ansys Discovery Enterprise,1,0.07,1.3,AEC,sgutteridge
2025-11-21 12:00:25,2025-11-21 12:03:44,Ansys Discovery Enterprise,1,0.06,1.0,AEC,sgutteridge
2025-11-21 12:42:33,2025-11-21 12:45:55,Ansys Discovery Enterprise,1,0.06,1.0,AEC,sgutteridge
2025-11-21 12:46:50,2025-11-21 12:47:01,Ansys Discovery Enterprise,1,0.01,0.1,AEC,sgutteridge
2025-11-21 11:26:10,2025-11-21 11:32:01,Ansys CFD Enterprise Solver,1,0.1,2.7,AEC,sgutteridge
2025-11-21 11:36:58,2025-11-21 11:39:00,Ansys BladeModeler,1,0.03,0.1,AEC,sgutteridge
2025-11-21 12:04:33,2025-11-21 12:04:44,Ansys Discovery Enterprise,1,0.01,0.1,AEC,sgutteridge
2025-11-21 12:58:49,2025-11-21 12:59:00,Ansys Discovery Enterprise,1,0.01,0.1,AEC,sgutteridge
2025-11-21 11:36:56,2025-11-21 11:39:02,Ansys Discovery Enterprise,1,0.04,0.6,AEC,sgutteridge
2025-11-21 12:04:36,2025-11-21 12:04:44,Ansys BladeModeler,1,0.01,0.1,AEC,sgutteridge
2025-11-21 12:06:24,2025-11-21 12:17:52,Ansys CFD Enterprise Solver,1,0.19,5.4,AEC,sgutteridge
2025-11-21 12:00:27,2025-11-21 12:03:42,Ansys BladeModeler,1,0.05,0.1,AEC,sgutteridge
2025-11-21 12:18:28,2025-11-21 12:18:41,Ansys Discovery Enterprise,1,0.01,0.1,AEC,sgutteridge
2025-11-21 11:33:42,2025-11-21 12:00:18,Ansys CFD Enterprise Solver,1,0.44,12.4,AEC,sgutteridge
2025-11-21 12:49:22,2025-11-21 12:49:27,Ansys CFD Enterprise Solver,1,0.01,0.1,AEC,sgutteridge
2025-11-21 12:42:36,2025-11-21 12:45:53,Ansys BladeModeler,1,0.05,0.1,AEC,sgutteridge
2025-11-21 12:18:31,2025-11-21 12:18:41,Ansys BladeModeler,1,0.01,0.1,AEC,sgutteridge
2025-11-21 11:39:23,2025-11-21 11:43:41,Ansys BladeModeler,1,0.07,0.1,AEC,sgutteridge
2025-11-21 12:06:12,2025-11-21 12:06:17,Ansys CFD Enterprise Solver,1,0.01,0.1,AEC,sgutteridge
2025-11-21 12:49:34,2025-11-21 12:58:43,Ansys CFD Enterprise Solver,1,0.15,4.3,AEC,sgutteridge
2025-11-21 11:12:21,2025-11-21 11:16:47,Ansys CFD Enterprise Solver,1,0.07,2.1,AEC,sgutteridge
2025-11-21 12:46:52,2025-11-21 12:47:01,Ansys BladeModeler,1,0.01,0.1,AEC,sgutteridge
2025-11-21 12:58:52,2025-11-21 12:59:00,Ansys BladeModeler,1,0.01,0.1,AEC,sgutteridge
2025-11-21 13:01:46,2025-11-21 13:04:21,Ansys CFD PrepPost,1,0.04,0.6,AEC,sgutteridge
2025-11-21 12:22:36,2025-11-21 12:25:13,Ansys CFD PrepPost,1,0.04,0.6,AEC,sgutteridge
2025-11-21 13:04:28,2025-11-21 13:15:48,Ansys CFD PrepPost,1,0.19,2.6,AEC,sgutteridge
2025-11-21 12:18:48,2025-11-21 12:18:56,Ansys CFD PrepPost,1,0.01,0.1,AEC,sgutteridge
2025-11-21 12:25:26,2025-11-21 12:36:31,Ansys CFD PrepPost,1,0.18,2.6,AEC,sgutteridge
2025-11-21 12:59:03,2025-11-21 12:59:12,Ansys CFD PrepPost,1,0.01,0.1,AEC,sgutteridge
2025-11-21 12:04:10,2025-11-21 12:06:21,Ansys CFD PrepPost,1,0.04,0.5,AEC,sgutteridge
2025-11-21 12:46:31,2025-11-21 12:49:32,Ansys CFD PrepPost,1,0.05,0.7,AEC,sgutteridge
2025-11-21 12:39:20,2025-11-21 12:39:51,Ansys Mechanical Enterprise Solver,1,0.01,0.2,AEC,sgutteridge
2025-11-21 13:16:02,2025-11-21 13:16:32,Ansys Mechanical Enterprise Solver,1,0.01,0.2,AEC,sgutteridge
2025-11-21 12:37:08,2025-11-21 12:37:49,Ansys Mechanical Enterprise Solver,1,0.01,0.3,AEC,sgutteridge
2025-11-21 11:32:10,2025-11-21 11:33:19,Ansys Mechanical Enterprise PrepPost,1,0.02,0.3,AEC,sgutteridge
2025-11-21 11:16:55,2025-11-21 11:24:54,Ansys Mechanical Enterprise PrepPost,1,0.13,1.9,AEC,sgutteridge
2025-11-21 12:18:13,2025-11-21 13:24:36,Ansys Mechanical Enterprise PrepPost,1,1.11,15.5,AEC,sgutteridge
2025-11-21 13:57:14,2025-11-21 13:57:23,Ansys Geometry Interface for SolidWorks,1,0.01,0.1,AEC,sgutteridge
2025-11-21 13:56:37,2025-11-21 14:01:45,Ansys Discovery Enterprise,1,0.09,1.5,AEC,sgutteridge
2025-11-21 14:19:16,2025-11-21 14:19:24,Ansys BladeModeler,1,0.01,0.1,AEC,sgutteridge
2025-11-21 14:19:13,2025-11-21 14:19:24,Ansys Discovery Enterprise,1,0.01,0.1,AEC,sgutteridge
2025-11-21 14:02:47,2025-11-21 14:02:57,Ansys Discovery Enterprise,1,0.01,0.1,AEC,sgutteridge
2025-11-21 13:56:40,2025-11-21 14:01:43,Ansys BladeModeler,1,0.08,0.2,AEC,sgutteridge
2025-11-21 14:02:49,2025-11-21 14:02:57,Ansys BladeModeler,1,0.01,0.1,AEC,sgutteridge
2025-11-21 14:37:56,2025-11-21 14:38:29,Ansys Mechanical Enterprise Solver,1,0.01,0.3,AEC,sgutteridge
2025-11-21 14:18:56,2025-11-21 14:39:29,Ansys Mechanical Enterprise PrepPost,1,0.34,4.8,AEC,sgutteridge
2025-11-21 14:02:16,2025-11-21 14:07:17,Ansys CFD PrepPost,1,0.08,1.2,AEC,sgutteridge
2025-11-21 14:07:17,2025-11-21 14:07:22,Ansys CFD Enterprise Solver,1,0.01,0.1,AEC,sgutteridge
2025-11-21 14:41:31,2025-11-21 14:42:32,Ansys CFD Enterprise Solver,1,0.02,0.5,AEC,sgutteridge
2025-11-21 14:07:29,2025-11-21 14:18:34,Ansys CFD Enterprise Solver,1,0.19,5.2,AEC,sgutteridge
2025-11-21 14:23:15,2025-11-21 14:25:51,Ansys CFD PrepPost,1,0.04,0.6,AEC,sgutteridge
2025-11-21 14:26:11,2025-11-21 14:37:38,Ansys CFD PrepPost,1,0.19,2.7,AEC,sgutteridge
2025-11-21 14:42:44,2025-11-21 14:43:05,Ansys CFD PrepPost,1,0.01,0.1,AEC,sgutteridge
2025-11-21 14:19:28,2025-11-21 14:19:37,Ansys CFD PrepPost,1,0.01,0.1,AEC,sgutteridge
2025-11-25 11:17:04,2025-11-25 11:17:16,Ansys Mechanical Enterprise PrepPost,1,0.01,0.1,AEC,sgutteridge
2025-11-25 11:17:32,2025-11-25 11:17:41,Ansys Mechanical Enterprise PrepPost,1,0.01,0.1,AEC,sgutteridge
2025-11-25 11:16:50,2025-11-25 11:17:02,Ansys Mechanical Enterprise PrepPost,1,0.01,0.1,AEC,sgutteridge
2025-11-25 11:17:19,2025-11-25 11:17:30,Ansys Mechanical Enterprise PrepPost,1,0.01,0.1,AEC,sgutteridge
2025-11-25 11:37:25,2025-11-25 11:37:27,Ansys Geometry Interface for SolidWorks,1,0.01,0.1,AEC,sgutteridge
2025-11-25 12:37:32,2025-11-25 12:37:38,Ansys Discovery Enterprise,1,0.01,0.1,AEC,sgutteridge
2025-11-25 13:39:08,2025-11-25 13:39:17,Ansys BladeModeler,1,0.01,0.1,AEC,sgutteridge
2025-11-25 11:37:07,2025-11-25 11:40:20,Ansys BladeModeler,1,0.05,0.1,AEC,sgutteridge
2025-11-25 13:20:36,2025-11-25 13:20:42,Ansys Discovery Enterprise,1,0.01,0.1,AEC,sgutteridge
2025-11-25 14:03:08,2025-11-25 14:03:30,Ansys CFD PrepPost,1,0.01,0.1,AEC,sgutteridge
2025-11-25 14:03:57,2025-11-25 14:04:05,Ansys BladeModeler,1,0.01,0.1,AEC,sgutteridge
2025-11-25 12:54:48,2025-11-25 12:54:55,Ansys Discovery Enterprise,1,0.01,0.1,AEC,sgutteridge
2025-11-25 13:29:22,2025-11-25 13:29:26,Ansys BladeModeler,1,0.01,0.1,AEC,sgutteridge
2025-11-25 13:38:17,2025-11-25 13:38:40,Ansys CFD PrepPost,1,0.01,0.1,AEC,sgutteridge
2025-11-25 13:30:23,2025-11-25 13:30:34,Ansys Discovery Enterprise,1,0.01,0.1,AEC,sgutteridge
2025-11-25 12:37:34,2025-11-25 12:37:38,Ansys BladeModeler,1,0.01,0.1,AEC,sgutteridge
2025-11-25 13:21:39,2025-11-25 13:23:23,Ansys CFD PrepPost,1,0.03,0.4,AEC,sgutteridge
2025-11-25 12:38:18,2025-11-25 12:40:03,Ansys CFD PrepPost,1,0.03,0.4,AEC,sgutteridge
2025-11-25 11:41:58,2025-11-25 11:49:25,Ansys CFD PrepPost,1,0.12,1.7,AEC,sgutteridge
2025-11-25 12:55:56,2025-11-25 12:56:04,Ansys BladeModeler,1,0.01,0.1,AEC,sgutteridge
2025-11-25 13:11:55,2025-11-25 13:12:02,Ansys Discovery Enterprise,1,0.01,0.1,AEC,sgutteridge
2025-11-25 12:47:07,2025-11-25 12:47:15,Ansys BladeModeler,1,0.01,0.1,AEC,sgutteridge
2025-11-25 12:22:58,2025-11-25 12:25:56,Ansys CFD PrepPost,1,0.05,0.7,AEC,sgutteridge
2025-11-25 12:38:37,2025-11-25 12:38:45,Ansys BladeModeler,1,0.01,0.1,AEC,sgutteridge
2025-11-25 12:37:48,2025-11-25 12:38:10,Ansys CFD PrepPost,1,0.01,0.1,AEC,sgutteridge
2025-11-25 13:29:36,2025-11-25 13:29:58,Ansys CFD PrepPost,1,0.01,0.1,AEC,sgutteridge
2025-11-25 14:03:55,2025-11-25 14:04:05,Ansys Discovery Enterprise,1,0.01,0.1,AEC,sgutteridge
2025-11-25 13:13:04,2025-11-25 13:13:12,Ansys BladeModeler,1,0.01,0.1,AEC,sgutteridge
2025-11-25 11:42:32,2025-11-25 11:42:42,Ansys Discovery Enterprise,1,0.01,0.1,AEC,sgutteridge
2025-11-25 11:18:47,2025-11-25 11:19:21,Ansys CFD PrepPost,1,0.01,0.1,AEC,sgutteridge
2025-11-25 12:45:57,2025-11-25 12:46:04,Ansys Discovery Enterprise,1,0.01,0.1,AEC,sgutteridge
2025-11-25 13:03:53,2025-11-25 13:04:04,Ansys Discovery Enterprise,1,0.01,0.1,AEC,sgutteridge
2025-11-25 13:29:20,2025-11-25 13:29:26,Ansys Discovery Enterprise,1,0.01,0.1,AEC,sgutteridge
2025-11-25 12:18:23,2025-11-25 12:20:54,Ansys BladeModeler,1,0.04,0.1,AEC,sgutteridge
2025-11-25 13:03:56,2025-11-25 13:04:04,Ansys BladeModeler,1,0.01,0.1,AEC,sgutteridge
2025-11-25 12:18:20,2025-11-25 12:20:56,Ansys Discovery Enterprise,1,0.04,0.8,AEC,sgutteridge
2025-11-25 14:02:53,2025-11-25 14:02:57,Ansys BladeModeler,1,0.01,0.1,AEC,sgutteridge
2025-11-25 12:46:16,2025-11-25 12:46:38,Ansys CFD PrepPost,1,0.01,0.1,AEC,sgutteridge
2025-11-25 12:55:06,2025-11-25 12:55:29,Ansys CFD PrepPost,1,0.01,0.1,AEC,sgutteridge
2025-11-25 13:21:58,2025-11-25 13:22:06,Ansys BladeModeler,1,0.01,0.1,AEC,sgutteridge
2025-11-25 12:46:00,2025-11-25 12:46:04,Ansys BladeModeler,1,0.01,0.1,AEC,sgutteridge
2025-11-25 13:30:26,2025-11-25 13:30:34,Ansys BladeModeler,1,0.01,0.1,AEC,sgutteridge
2025-11-25 12:55:53,2025-11-25 12:56:04,Ansys Discovery Enterprise,1,0.01,0.1,AEC,sgutteridge
2025-11-25 12:23:34,2025-11-25 12:23:42,Ansys BladeModeler,1,0.01,0.1,AEC,sgutteridge
2025-11-25 11:37:04,2025-11-25 11:40:23,Ansys Discovery Enterprise,1,0.06,1.0,AEC,sgutteridge
2025-11-25 13:20:59,2025-11-25 13:21:31,Ansys CFD PrepPost,1,0.01,0.1,AEC,sgutteridge
2025-11-25 13:03:05,2025-11-25 13:03:28,Ansys CFD PrepPost,1,0.01,0.1,AEC,sgutteridge
2025-11-25 13:12:11,2025-11-25 13:12:35,Ansys CFD PrepPost,1,0.01,0.1,AEC,sgutteridge
2025-11-25 12:46:47,2025-11-25 12:48:33,Ansys CFD PrepPost,1,0.03,0.4,AEC,sgutteridge
2025-11-25 13:13:02,2025-11-25 13:13:12,Ansys Discovery Enterprise,1,0.01,0.1,AEC,sgutteridge
2025-11-25 12:54:50,2025-11-25 12:54:55,Ansys BladeModeler,1,0.01,0.1,AEC,sgutteridge
2025-11-25 13:38:01,2025-11-25 13:38:08,Ansys Discovery Enterprise,1,0.01,0.1,AEC,sgutteridge
2025-11-25 13:30:07,2025-11-25 13:31:49,Ansys CFD PrepPost,1,0.03,0.4,AEC,sgutteridge
2025-11-25 13:39:06,2025-11-25 13:39:17,Ansys Discovery Enterprise,1,0.01,0.1,AEC,sgutteridge
2025-11-25 13:12:45,2025-11-25 13:14:29,Ansys CFD PrepPost,1,0.03,0.4,AEC,sgutteridge
2025-11-25 13:20:38,2025-11-25 13:20:42,Ansys BladeModeler,1,0.01,0.1,AEC,sgutteridge
2025-11-25 12:47:04,2025-11-25 12:47:15,Ansys Discovery Enterprise,1,0.01,0.1,AEC,sgutteridge
2025-11-25 12:23:32,2025-11-25 12:23:42,Ansys Discovery Enterprise,1,0.01,0.1,AEC,sgutteridge
2025-11-25 13:38:03,2025-11-25 13:38:08,Ansys BladeModeler,1,0.01,0.1,AEC,sgutteridge
2025-11-25 12:38:34,2025-11-25 12:38:45,Ansys Discovery Enterprise,1,0.01,0.1,AEC,sgutteridge
2025-11-25 11:42:34,2025-11-25 11:42:42,Ansys BladeModeler,1,0.01,0.1,AEC,sgutteridge
2025-11-25 13:38:49,2025-11-25 13:40:34,Ansys CFD PrepPost,1,0.03,0.4,AEC,sgutteridge
2025-11-25 14:02:50,2025-11-25 14:02:57,Ansys Discovery Enterprise,1,0.01,0.1,AEC,sgutteridge
2025-11-25 13:21:55,2025-11-25 13:22:06,Ansys Discovery Enterprise,1,0.01,0.1,AEC,sgutteridge
2025-11-25 13:02:52,2025-11-25 13:02:56,Ansys BladeModeler,1,0.01,0.1,AEC,sgutteridge
2025-11-25 14:03:39,2025-11-25 14:05:20,Ansys CFD PrepPost,1,0.03,0.4,AEC,sgutteridge
2025-11-25 13:03:37,2025-11-25 13:05:19,Ansys CFD PrepPost,1,0.03,0.4,AEC,sgutteridge
2025-11-25 12:55:38,2025-11-25 12:57:18,Ansys CFD PrepPost,1,0.03,0.4,AEC,sgutteridge
2025-11-25 13:02:50,2025-11-25 13:02:56,Ansys Discovery Enterprise,1,0.01,0.1,AEC,sgutteridge
2025-11-25 13:11:57,2025-11-25 13:12:02,Ansys BladeModeler,1,0.01,0.1,AEC,sgutteridge
2025-11-25 13:56:20,2025-11-25 14:02:22,Ansys CFD Enterprise Solver,1,0.1,2.8,AEC,sgutteridge
2025-11-25 12:25:46,2025-11-25 12:25:51,Ansys CFD Enterprise Solver,1,0.01,0.1,AEC,sgutteridge
2025-11-25 13:14:38,2025-11-25 13:20:17,Ansys CFD Enterprise Solver,1,0.09,2.6,AEC,sgutteridge
2025-11-25 14:05:32,2025-11-25 14:10:56,Ansys CFD Enterprise Solver,1,0.09,2.5,AEC,sgutteridge
2025-11-25 12:25:59,2025-11-25 12:31:53,Ansys CFD Enterprise Solver,1,0.1,2.8,AEC,sgutteridge
2025-11-25 13:23:35,2025-11-25 13:29:16,Ansys CFD Enterprise Solver,1,0.09,2.6,AEC,sgutteridge
2025-11-25 12:48:44,2025-11-25 12:54:26,Ansys CFD Enterprise Solver,1,0.1,2.7,AEC,sgutteridge
2025-11-25 13:31:58,2025-11-25 13:37:58,Ansys CFD Enterprise Solver,1,0.1,2.8,AEC,sgutteridge
2025-11-25 12:40:15,2025-11-25 12:45:41,Ansys CFD Enterprise Solver,1,0.09,2.5,AEC,sgutteridge
2025-11-25 13:40:43,2025-11-25 13:46:29,Ansys CFD Enterprise Solver,1,0.1,2.7,AEC,sgutteridge
2025-11-25 12:32:27,2025-11-25 12:37:16,Ansys CFD Enterprise Solver,1,0.08,2.2,AEC,sgutteridge
2025-11-25 12:57:30,2025-11-25 13:02:45,Ansys CFD Enterprise Solver,1,0.09,2.5,AEC,sgutteridge
2025-11-25 13:05:27,2025-11-25 13:11:52,Ansys CFD Enterprise Solver,1,0.11,3.0,AEC,sgutteridge
2025-11-25 13:47:47,2025-11-25 13:55:51,Ansys CFD Enterprise Solver,1,0.13,3.8,AEC,sgutteridge
2025-11-25 11:49:28,2025-11-25 12:18:02,Ansys CFD Enterprise Solver,1,0.48,13.3,AEC,sgutteridge
2025-11-25 11:49:16,2025-11-25 11:49:20,Ansys CFD Enterprise Solver,1,0.01,0.1,AEC,sgutteridge
2025-11-25 16:15:21,2025-11-25 16:15:23,Ansys Geometry Interface for SolidWorks,1,0.01,0.1,AEC,sgutteridge
2025-11-25 16:23:55,2025-11-25 16:24:02,Ansys BladeModeler,1,0.01,0.1,AEC,sgutteridge
2025-11-25 17:37:59,2025-11-25 17:38:04,Ansys BladeModeler,1,0.01,0.1,AEC,sgutteridge
2025-11-25 17:40:49,2025-11-25 17:40:57,Ansys BladeModeler,1,0.01,0.1,AEC,sgutteridge
2025-11-25 17:37:56,2025-11-25 17:38:04,Ansys Discovery Enterprise,1,0.01,0.1,AEC,sgutteridge
2025-11-25 14:37:03,2025-11-25 14:37:11,Ansys BladeModeler,1,0.01,0.1,AEC,sgutteridge
2025-11-25 17:19:20,2025-11-25 17:19:31,Ansys Discovery Enterprise,1,0.01,0.1,AEC,sgutteridge
2025-11-25 16:15:03,2025-11-25 16:19:37,Ansys Discovery Enterprise,1,0.08,1.4,AEC,sgutteridge
2025-11-25 17:06:02,2025-11-25 17:06:12,Ansys Discovery Enterprise,1,0.01,0.1,AEC,sgutteridge
2025-11-25 14:35:55,2025-11-25 14:36:02,Ansys Discovery Enterprise,1,0.01,0.1,AEC,sgutteridge
2025-11-25 14:35:58,2025-11-25 14:36:02,Ansys BladeModeler,1,0.01,0.1,AEC,sgutteridge
2025-11-25 17:06:05,2025-11-25 17:06:12,Ansys BladeModeler,1,0.01,0.1,AEC,sgutteridge
2025-11-25 17:19:23,2025-11-25 17:19:31,Ansys BladeModeler,1,0.01,0.1,AEC,sgutteridge
2025-11-25 17:16:24,2025-11-25 17:17:21,Ansys BladeModeler,1,0.02,0.1,AEC,sgutteridge
2025-11-25 14:37:00,2025-11-25 14:37:11,Ansys Discovery Enterprise,1,0.01,0.1,AEC,sgutteridge
2025-11-25 17:40:47,2025-11-25 17:40:57,Ansys Discovery Enterprise,1,0.01,0.1,AEC,sgutteridge
2025-11-25 16:23:52,2025-11-25 16:24:02,Ansys Discovery Enterprise,1,0.01,0.1,AEC,sgutteridge
2025-11-25 16:15:05,2025-11-25 16:19:35,Ansys BladeModeler,1,0.07,0.1,AEC,sgutteridge
2025-11-25 17:16:21,2025-11-25 17:17:22,Ansys Discovery Enterprise,1,0.02,0.3,AEC,sgutteridge
2025-11-25 15:28:13,2025-11-25 15:40:40,Ansys CFD Enterprise Solver,1,0.21,5.8,AEC,sgutteridge
2025-11-25 17:42:38,2025-11-25 18:42:54,Ansys CFD Enterprise Solver,1,1.0,28.1,AEC,sgutteridge
2025-11-25 14:45:41,2025-11-25 14:56:25,Ansys CFD Enterprise Solver,1,0.18,5.0,AEC,sgutteridge
2025-11-25 17:42:25,2025-11-25 17:42:30,Ansys CFD Enterprise Solver,1,0.01,0.1,AEC,sgutteridge
2025-11-25 18:48:52,2025-11-25 18:54:33,Ansys CFD Enterprise Solver,1,0.09,2.6,AEC,sgutteridge
2025-11-25 17:23:47,2025-11-25 17:23:52,Ansys CFD Enterprise Solver,1,0.01,0.1,AEC,sgutteridge
2025-11-25 17:08:27,2025-11-25 17:08:32,Ansys CFD Enterprise Solver,1,0.01,0.1,AEC,sgutteridge
2025-11-25 14:38:37,2025-11-25 14:45:12,Ansys CFD Enterprise Solver,1,0.11,3.1,AEC,sgutteridge
2025-11-25 17:23:59,2025-11-25 17:37:41,Ansys CFD Enterprise Solver,1,0.23,6.4,AEC,sgutteridge
2025-11-25 18:43:27,2025-11-25 18:48:23,Ansys CFD Enterprise Solver,1,0.08,2.3,AEC,sgutteridge
2025-11-25 16:44:45,2025-11-25 16:44:49,Ansys CFD Enterprise Solver,1,0.01,0.1,AEC,sgutteridge
2025-11-25 16:55:06,2025-11-25 17:03:43,Ansys CFD Enterprise Solver,1,0.14,4.0,AEC,sgutteridge
2025-11-25 16:44:58,2025-11-25 16:54:28,Ansys CFD Enterprise Solver,1,0.16,4.4,AEC,sgutteridge
2025-11-25 15:45:12,2025-11-25 15:52:25,Ansys CFD Enterprise Solver,1,0.12,3.4,AEC,sgutteridge
2025-11-25 17:08:40,2025-11-25 17:14:24,Ansys CFD Enterprise Solver,1,0.1,2.7,AEC,sgutteridge
2025-11-25 14:36:14,2025-11-25 14:36:36,Ansys CFD PrepPost,1,0.01,0.1,AEC,sgutteridge
2025-11-25 17:05:15,2025-11-25 17:08:37,Ansys CFD PrepPost,1,0.06,0.8,AEC,sgutteridge
2025-11-25 18:42:57,2025-11-25 18:57:54,Ansys CFD PrepPost,1,0.25,3.5,AEC,sgutteridge
2025-11-25 14:36:45,2025-11-25 14:38:25,Ansys CFD PrepPost,1,0.03,0.4,AEC,sgutteridge
2025-11-25 16:23:25,2025-11-25 16:44:55,Ansys CFD PrepPost,1,0.36,5.0,AEC,sgutteridge
2025-11-25 17:39:41,2025-11-25 17:42:35,Ansys CFD PrepPost,1,0.05,0.7,AEC,sgutteridge
2025-11-25 17:04:02,2025-11-25 17:04:23,Ansys CFD PrepPost,1,0.01,0.1,AEC,sgutteridge
2025-11-25 17:18:16,2025-11-25 17:23:56,Ansys CFD PrepPost,1,0.09,1.3,AEC,sgutteridge
2025-11-25 19:58:42,2025-11-25 19:58:50,Ansys BladeModeler,1,0.01,0.1,AEC,sgutteridge
2025-11-25 20:16:24,2025-11-25 20:16:32,Ansys BladeModeler,1,0.01,0.1,AEC,sgutteridge
2025-11-25 19:58:39,2025-11-25 19:58:50,Ansys Discovery Enterprise,1,0.01,0.1,AEC,sgutteridge
2025-11-25 19:57:00,2025-11-25 19:57:08,Ansys BladeModeler,1,0.01,0.1,AEC,sgutteridge
2025-11-25 20:16:21,2025-11-25 20:16:32,Ansys Discovery Enterprise,1,0.01,0.1,AEC,sgutteridge
2025-11-25 20:05:24,2025-11-25 20:19:56,Ansys CFD PrepPost,1,0.24,3.4,AEC,sgutteridge
2025-11-25 20:05:24,2025-11-25 20:05:33,Ansys BladeModeler,1,0.01,0.1,AEC,sgutteridge
2025-11-25 19:52:27,2025-11-25 20:05:24,Ansys CFD PrepPost,1,0.22,3.0,AEC,sgutteridge
2025-11-25 19:56:57,2025-11-25 19:57:08,Ansys Discovery Enterprise,1,0.01,0.1,AEC,sgutteridge
2025-11-25 20:05:24,2025-11-25 20:05:33,Ansys Discovery Enterprise,1,0.01,0.1,AEC,sgutteridge
2025-11-25 20:19:47,2025-11-25 20:19:51,Ansys CFD Enterprise Solver,1,0.01,0.1,AEC,sgutteridge
2025-11-25 20:19:59,2025-11-25 20:43:08,Ansys CFD Enterprise Solver,1,0.39,10.8,AEC,sgutteridge
2025-11-26 09:13:52,2025-11-26 09:14:04,Ansys Mechanical Enterprise Solver,1,0.01,0.1,AEC,nramioulle
2025-11-26 09:12:41,2025-11-26 09:12:58,Ansys Mechanical Enterprise Solver,1,0.01,0.1,AEC,nramioulle
2025-11-26 09:11:33,2025-11-26 09:36:00,Ansys Mechanical Enterprise PrepPost,1,0.41,5.7,AEC,nramioulle
2025-11-26 09:12:10,2025-11-26 09:36:01,Ansys GRANTA Materials Data for Simulation,1,0.4,13.1,AEC,nramioulle
2025-11-26 09:38:30,2025-11-26 09:38:41,Ansys Mechanical Enterprise Solver,1,0.01,0.1,AEC,nramioulle
2025-11-26 09:39:02,2025-11-26 09:39:15,Ansys Mechanical Enterprise Solver,1,0.01,0.1,AEC,nramioulle
2025-11-26 09:37:27,2025-11-26 09:48:01,Ansys Mechanical Enterprise PrepPost,1,0.18,2.5,AEC,nramioulle
2025-11-26 09:37:56,2025-11-26 09:48:02,Ansys GRANTA Materials Data for Simulation,1,0.17,5.6,AEC,nramioulle
2025-11-26 10:31:36,2025-11-26 10:33:09,Ansys CFD PrepPost,1,0.03,0.4,AEC,sgutteridge
2025-11-26 10:23:49,2025-11-26 10:25:39,Ansys CFD Enterprise Solver,1,0.03,0.9,AEC,sgutteridge
2025-11-26 10:19:24,2025-11-26 10:23:29,Ansys CFD Enterprise Solver,1,0.07,1.9,AEC,sgutteridge
2025-11-26 10:11:30,2025-11-26 10:19:21,Ansys CFD PrepPost,1,0.13,1.8,AEC,sgutteridge
2025-11-26 10:26:04,2025-11-26 10:31:13,Ansys CFD PrepPost,1,0.09,1.2,AEC,sgutteridge
2025-11-26 10:19:12,2025-11-26 10:19:17,Ansys CFD Enterprise Solver,1,0.01,0.1,AEC,sgutteridge
2025-11-26 12:07:31,2025-11-26 12:07:39,Ansys BladeModeler,1,0.01,0.1,AEC,sgutteridge
2025-11-26 12:03:02,2025-11-26 12:03:04,Ansys Geometry Interface for SolidWorks,1,0.01,0.1,AEC,sgutteridge
2025-11-26 11:17:23,2025-11-26 11:17:31,Ansys BladeModeler,1,0.01,0.1,AEC,sgutteridge
2025-11-26 12:02:20,2025-11-26 12:06:32,Ansys Discovery Enterprise,1,0.07,1.3,AEC,sgutteridge
2025-11-26 11:14:07,2025-11-26 11:14:15,Ansys Discovery Enterprise,1,0.01,0.1,AEC,sgutteridge
2025-11-26 11:17:21,2025-11-26 11:17:31,Ansys Discovery Enterprise,1,0.01,0.1,AEC,sgutteridge
2025-11-26 12:02:23,2025-11-26 12:06:30,Ansys BladeModeler,1,0.07,0.1,AEC,sgutteridge
2025-11-26 12:07:28,2025-11-26 12:07:39,Ansys Discovery Enterprise,1,0.01,0.1,AEC,sgutteridge
2025-11-26 11:14:10,2025-11-26 11:14:15,Ansys BladeModeler,1,0.01,0.1,AEC,sgutteridge
2025-11-26 12:01:03,2025-11-26 12:01:19,Ansys CFD PrepPost,1,0.01,0.1,AEC,sgutteridge
2025-11-26 11:16:59,2025-11-26 11:18:51,Ansys CFD PrepPost,1,0.03,0.4,AEC,sgutteridge
2025-11-26 12:07:13,2025-11-26 12:10:09,Ansys CFD PrepPost,1,0.05,0.7,AEC,sgutteridge
2025-11-26 11:15:57,2025-11-26 11:16:13,Ansys CFD PrepPost,1,0.01,0.1,AEC,sgutteridge
2025-11-26 11:18:42,2025-11-26 11:18:46,Ansys CFD Enterprise Solver,1,0.01,0.1,AEC,sgutteridge
2025-11-26 12:10:00,2025-11-26 12:10:05,Ansys CFD Enterprise Solver,1,0.01,0.1,AEC,sgutteridge
2025-11-26 13:01:07,2025-11-26 13:27:23,Ansys CFD Enterprise Solver,1,0.44,12.3,AEC,sgutteridge
2025-11-26 11:18:54,2025-11-26 11:58:05,Ansys CFD Enterprise Solver,1,0.65,18.3,AEC,sgutteridge
2025-11-26 12:10:12,2025-11-26 12:54:55,Ansys CFD Enterprise Solver,1,0.75,20.9,AEC,sgutteridge
2025-11-26 18:34:39,2025-11-26 18:34:49,Ansys Discovery Enterprise,1,0.01,0.1,AEC,sgutteridge
2025-11-26 18:34:42,2025-11-26 18:34:49,Ansys BladeModeler,1,0.01,0.1,AEC,sgutteridge
2025-11-26 18:33:51,2025-11-26 18:36:38,Ansys CFD PrepPost,1,0.05,0.6,AEC,sgutteridge
2025-11-26 16:40:56,2025-11-26 16:44:00,Ansys CFD Enterprise Solver,1,0.05,1.4,AEC,sgutteridge
2025-11-26 15:10:21,2025-11-26 15:36:17,Ansys CFD Enterprise Solver,1,0.43,12.1,AEC,sgutteridge
2025-11-26 15:39:29,2025-11-26 15:51:43,Ansys CFD Enterprise Solver,1,0.2,5.7,AEC,sgutteridge
2025-11-26 17:29:37,2025-11-26 17:40:03,Ansys CFD Enterprise Solver,1,0.17,4.9,AEC,sgutteridge
2025-11-26 18:36:41,2025-11-26 19:12:48,Ansys CFD Enterprise Solver,1,0.6,16.8,AEC,sgutteridge
2025-11-26 18:36:29,2025-11-26 18:36:33,Ansys CFD Enterprise Solver,1,0.01,0.1,AEC,sgutteridge
2025-11-26 16:11:39,2025-11-26 16:26:04,Ansys CFD Enterprise Solver,1,0.24,6.7,AEC,sgutteridge
2025-11-26 17:42:23,2025-11-26 18:17:33,Ansys CFD Enterprise Solver,1,0.59,16.4,AEC,sgutteridge
2025-11-26 15:53:56,2025-11-26 16:06:54,Ansys CFD Enterprise Solver,1,0.22,6.0,AEC,sgutteridge
2025-11-26 20:07:22,2025-11-26 20:33:00,Ansys CFD Enterprise Solver,1,0.43,12.0,AEC,sgutteridge
2025-11-26 23:02:33,2025-11-26 23:02:44,Ansys Discovery Enterprise,1,0.01,0.1,AEC,sgutteridge
2025-11-26 23:02:36,2025-11-26 23:02:44,Ansys BladeModeler,1,0.01,0.1,AEC,sgutteridge
2025-11-26 22:59:30,2025-11-26 23:01:43,Ansys Discovery Enterprise,1,0.04,0.7,AEC,sgutteridge
2025-11-26 22:59:33,2025-11-26 23:01:40,Ansys BladeModeler,1,0.04,0.1,AEC,sgutteridge
2025-11-26 22:58:30,2025-11-26 22:58:47,Ansys CFD PrepPost,1,0.01,0.1,AEC,sgutteridge
2025-11-26 23:02:11,2025-11-26 23:04:05,Ansys CFD PrepPost,1,0.03,0.4,AEC,sgutteridge
2025-11-26 23:03:52,2025-11-26 23:03:59,Ansys CFD Enterprise Solver,1,0.01,0.1,AEC,sgutteridge
2025-11-26 21:59:38,2025-11-26 22:26:07,Ansys CFD Enterprise Solver,1,0.44,12.4,AEC,sgutteridge
2025-11-26 22:32:09,2025-11-26 22:34:52,Ansys CFD Enterprise Solver,1,0.05,1.3,AEC,sgutteridge
2025-11-26 23:04:08,2025-11-27 00:12:08,Ansys CFD Enterprise Solver,1,1.13,31.7,AEC,sgutteridge
2025-11-29 01:58:48,2025-11-29 01:58:59,Ansys Discovery Enterprise,1,0.01,0.1,AEC,sgutteridge
2025-11-28 17:28:09,2025-11-28 17:28:20,Ansys Discovery Enterprise,1,0.01,0.1,AEC,sgutteridge
2025-11-28 12:55:04,2025-11-28 12:55:14,Ansys Discovery Enterprise,1,0.01,0.1,AEC,sgutteridge
2025-11-28 21:32:36,2025-11-28 21:32:44,Ansys BladeModeler,1,0.01,0.1,AEC,sgutteridge
2025-11-29 02:20:35,2025-11-29 02:20:46,Ansys Discovery Enterprise,1,0.01,0.1,AEC,sgutteridge
2025-11-28 15:33:58,2025-11-28 15:34:05,Ansys BladeModeler,1,0.01,0.1,AEC,sgutteridge
2025-11-28 15:00:05,2025-11-28 15:00:14,Ansys BladeModeler,1,0.01,0.1,AEC,sgutteridge
2025-11-29 01:11:00,2025-11-29 01:11:12,Ansys Discovery Enterprise,1,0.01,0.1,AEC,sgutteridge
2025-11-28 12:55:07,2025-11-28 12:55:14,Ansys BladeModeler,1,0.01,0.1,AEC,sgutteridge
2025-11-28 17:37:53,2025-11-28 17:38:01,Ansys BladeModeler,1,0.01,0.1,AEC,sgutteridge
2025-11-28 19:12:46,2025-11-28 19:12:57,Ansys Discovery Enterprise,1,0.01,0.1,AEC,sgutteridge
2025-11-28 13:29:02,2025-11-28 13:29:10,Ansys BladeModeler,1,0.01,0.1,AEC,sgutteridge
2025-11-28 15:33:55,2025-11-28 15:34:05,Ansys Discovery Enterprise,1,0.01,0.1,AEC,sgutteridge
2025-11-28 21:43:31,2025-11-28 21:43:42,Ansys Discovery Enterprise,1,0.01,0.1,AEC,sgutteridge
2025-11-29 02:18:09,2025-11-29 02:19:22,Ansys Discovery Enterprise,1,0.02,0.4,AEC,sgutteridge
2025-11-28 19:42:18,2025-11-28 19:42:26,Ansys BladeModeler,1,0.01,0.1,AEC,sgutteridge
2025-11-28 21:32:32,2025-11-28 21:32:44,Ansys Discovery Enterprise,1,0.01,0.1,AEC,sgutteridge
2025-11-29 02:37:18,2025-11-29 02:37:29,Ansys Discovery Enterprise,1,0.01,0.1,AEC,sgutteridge
2025-11-28 17:26:30,2025-11-28 17:26:41,Ansys Discovery Enterprise,1,0.01,0.1,AEC,sgutteridge
2025-11-28 17:37:50,2025-11-28 17:38:01,Ansys Discovery Enterprise,1,0.01,0.1,AEC,sgutteridge
2025-11-28 19:12:49,2025-11-28 19:12:57,Ansys BladeModeler,1,0.01,0.1,AEC,sgutteridge
2025-11-28 17:29:41,2025-11-28 17:29:52,Ansys Discovery Enterprise,1,0.01,0.1,AEC,sgutteridge
2025-11-29 02:37:21,2025-11-29 02:37:29,Ansys BladeModeler,1,0.01,0.1,AEC,sgutteridge
2025-11-29 01:11:03,2025-11-29 01:11:12,Ansys BladeModeler,1,0.01,0.1,AEC,sgutteridge
2025-11-29 02:18:12,2025-11-29 02:19:19,Ansys BladeModeler,1,0.02,0.1,AEC,sgutteridge
2025-11-28 13:28:58,2025-11-28 13:29:10,Ansys Discovery Enterprise,1,0.01,0.1,AEC,sgutteridge
2025-11-29 02:20:38,2025-11-29 02:20:46,Ansys BladeModeler,1,0.01,0.1,AEC,sgutteridge
2025-11-29 01:58:03,2025-11-29 01:58:14,Ansys Discovery Enterprise,1,0.01,0.1,AEC,sgutteridge
2025-11-28 17:26:33,2025-11-28 17:26:41,Ansys BladeModeler,1,0.01,0.1,AEC,sgutteridge
2025-11-28 21:43:34,2025-11-28 21:43:42,Ansys BladeModeler,1,0.01,0.1,AEC,sgutteridge
2025-11-28 17:28:12,2025-11-28 17:28:20,Ansys BladeModeler,1,0.01,0.1,AEC,sgutteridge
2025-11-28 17:29:44,2025-11-28 17:29:52,Ansys BladeModeler,1,0.01,0.1,AEC,sgutteridge
2025-11-29 01:58:06,2025-11-29 01:58:14,Ansys BladeModeler,1,0.01,0.1,AEC,sgutteridge
2025-11-29 01:58:51,2025-11-29 01:58:59,Ansys BladeModeler,1,0.01,0.1,AEC,sgutteridge
2025-11-28 19:42:16,2025-11-28 19:42:26,Ansys Discovery Enterprise,1,0.01,0.1,AEC,sgutteridge
2025-11-28 15:00:02,2025-11-28 15:00:14,Ansys Discovery Enterprise,1,0.01,0.1,AEC,sgutteridge
2025-11-29 02:34:04,2025-11-29 02:41:24,Ansys CFD PrepPost,1,0.12,1.7,AEC,sgutteridge
2025-11-29 01:54:27,2025-11-29 02:00:41,Ansys CFD PrepPost,1,0.1,1.5,AEC,sgutteridge
2025-11-29 02:19:45,2025-11-29 02:25:08,Ansys CFD PrepPost,1,0.09,1.3,AEC,sgutteridge
2025-11-28 12:52:32,2025-11-28 12:52:59,Ansys CFD PrepPost,1,0.01,0.1,AEC,sgutteridge
2025-11-28 17:23:10,2025-11-28 17:41:50,Ansys CFD PrepPost,1,0.31,4.4,AEC,sgutteridge
2025-11-28 15:28:50,2025-11-28 15:42:20,Ansys CFD PrepPost,1,0.23,3.2,AEC,sgutteridge
2025-11-29 00:56:04,2025-11-29 00:57:55,Ansys CFD PrepPost,1,0.03,0.4,AEC,sgutteridge
2025-11-28 13:20:37,2025-11-28 13:35:28,Ansys CFD PrepPost,1,0.25,3.5,AEC,sgutteridge
2025-11-29 01:03:45,2025-11-29 01:13:37,Ansys CFD PrepPost,1,0.16,2.3,AEC,sgutteridge
2025-11-28 21:27:44,2025-11-28 21:52:38,Ansys CFD PrepPost,1,0.42,5.8,AEC,sgutteridge
2025-11-28 19:08:20,2025-11-28 19:51:15,Ansys CFD PrepPost,1,0.72,10.0,AEC,sgutteridge
2025-11-28 14:59:43,2025-11-28 15:27:46,Ansys CFD PrepPost,1,0.47,6.5,AEC,sgutteridge
2025-11-28 12:54:25,2025-11-28 13:20:16,Ansys CFD PrepPost,1,0.43,6.0,AEC,sgutteridge
2025-11-29 02:41:27,2025-11-29 03:43:34,Ansys CFD Enterprise Solver,1,1.03,29.0,AEC,sgutteridge
2025-11-29 02:00:44,2025-11-29 02:16:35,Ansys CFD Enterprise Solver,1,0.26,7.4,AEC,sgutteridge
2025-11-29 01:13:27,2025-11-29 01:13:32,Ansys CFD Enterprise Solver,1,0.01,0.1,AEC,sgutteridge
2025-11-29 01:13:40,2025-11-29 01:54:10,Ansys CFD Enterprise Solver,1,0.68,18.9,AEC,sgutteridge
2025-11-28 17:41:53,2025-11-28 19:07:51,Ansys CFD Enterprise Solver,1,1.43,40.1,AEC,sgutteridge
2025-11-28 21:52:26,2025-11-28 21:52:31,Ansys CFD Enterprise Solver,1,0.01,0.1,AEC,sgutteridge
2025-11-28 17:41:38,2025-11-28 17:41:43,Ansys CFD Enterprise Solver,1,0.01,0.1,AEC,sgutteridge
2025-11-28 13:35:17,2025-11-28 13:35:22,Ansys CFD Enterprise Solver,1,0.01,0.1,AEC,sgutteridge
2025-11-29 02:41:14,2025-11-29 02:41:19,Ansys CFD Enterprise Solver,1,0.01,0.1,AEC,sgutteridge
2025-11-28 21:52:41,2025-11-29 00:54:07,Ansys CFD Enterprise Solver,1,3.02,84.7,AEC,sgutteridge
2025-11-28 13:35:32,2025-11-28 14:58:36,Ansys CFD Enterprise Solver,1,1.38,38.8,AEC,sgutteridge
2025-11-28 16:23:57,2025-11-28 17:22:51,Ansys CFD Enterprise Solver,1,0.98,27.5,AEC,sgutteridge
2025-11-29 02:25:11,2025-11-29 02:33:42,Ansys CFD Enterprise Solver,1,0.14,4.0,AEC,sgutteridge
2025-11-28 12:17:27,2025-11-28 12:52:24,Ansys CFD Enterprise Solver,1,0.58,16.3,AEC,sgutteridge
2025-11-28 15:42:23,2025-11-28 16:23:12,Ansys CFD Enterprise Solver,1,0.68,19.0,AEC,sgutteridge
2025-11-28 19:51:18,2025-11-28 21:25:24,Ansys CFD Enterprise Solver,1,1.57,43.9,AEC,sgutteridge
2025-11-29 02:24:58,2025-11-29 02:25:03,Ansys CFD Enterprise Solver,1,0.01,0.1,AEC,sgutteridge
2025-11-28 19:51:03,2025-11-28 19:51:08,Ansys CFD Enterprise Solver,1,0.01,0.1,AEC,sgutteridge
2025-11-28 12:01:42,2025-11-28 12:02:36,Ansys CFD Enterprise Solver,1,0.02,0.4,AEC,sgutteridge
2025-11-28 15:42:09,2025-11-28 15:42:14,Ansys CFD Enterprise Solver,1,0.01,0.1,AEC,sgutteridge
2025-11-29 02:00:31,2025-11-29 02:00:36,Ansys CFD Enterprise Solver,1,0.01,0.1,AEC,sgutteridge
2025-11-30 20:03:38,2025-11-30 20:03:49,Ansys Mechanical Enterprise PrepPost,1,0.01,0.1,AEC,sgutteridge
2025-11-30 20:04:21,2025-11-30 20:04:30,Ansys Mechanical Enterprise PrepPost,1,0.01,0.1,AEC,sgutteridge
2025-11-30 20:03:52,2025-11-30 20:04:03,Ansys Mechanical Enterprise PrepPost,1,0.01,0.1,AEC,sgutteridge
2025-11-30 20:04:07,2025-11-30 20:04:18,Ansys Mechanical Enterprise PrepPost,1,0.01,0.1,AEC,sgutteridge
2025-11-30 20:20:05,2025-11-30 20:20:11,Ansys CFD Enterprise Solver,1,0.01,0.1,AEC,sgutteridge
2025-11-30 20:20:19,2025-11-30 21:18:11,Ansys CFD Enterprise Solver,1,0.96,27.0,AEC,sgutteridge
2025-11-30 20:06:49,2025-11-30 20:08:36,Ansys Discovery Enterprise,1,0.03,0.5,AEC,sgutteridge
2025-11-30 22:23:15,2025-11-30 22:23:26,Ansys Discovery Enterprise,1,0.01,0.1,AEC,sgutteridge
2025-11-30 21:21:07,2025-11-30 21:21:19,Ansys Discovery Enterprise,1,0.01,0.1,AEC,sgutteridge
2025-11-30 22:29:50,2025-11-30 22:30:01,Ansys Discovery Enterprise,1,0.01,0.1,AEC,sgutteridge
2025-11-30 21:35:29,2025-11-30 21:35:40,Ansys Discovery Enterprise,1,0.01,0.1,AEC,sgutteridge
2025-11-30 21:54:19,2025-11-30 21:54:31,Ansys Discovery Enterprise,1,0.01,0.1,AEC,sgutteridge
2025-11-30 20:06:52,2025-11-30 20:08:34,Ansys BladeModeler,1,0.03,0.1,AEC,sgutteridge
2025-11-30 22:23:18,2025-11-30 22:23:26,Ansys BladeModeler,1,0.01,0.1,AEC,sgutteridge
2025-11-30 22:27:11,2025-11-30 22:27:42,Ansys BladeModeler,1,0.01,0.1,AEC,sgutteridge
2025-11-30 22:34:57,2025-11-30 22:35:09,Ansys Discovery Enterprise,1,0.01,0.1,AEC,sgutteridge
2025-11-30 22:27:08,2025-11-30 22:27:44,Ansys Discovery Enterprise,1,0.01,0.2,AEC,sgutteridge
2025-11-30 20:10:59,2025-11-30 20:11:11,Ansys Discovery Enterprise,1,0.01,0.1,AEC,sgutteridge
2025-11-30 22:29:53,2025-11-30 22:30:01,Ansys BladeModeler,1,0.01,0.1,AEC,sgutteridge
2025-11-30 22:32:21,2025-11-30 22:33:53,Ansys Discovery Enterprise,1,0.03,0.5,AEC,sgutteridge
2025-11-30 20:11:02,2025-11-30 20:11:11,Ansys BladeModeler,1,0.01,0.1,AEC,sgutteridge
2025-11-30 21:21:10,2025-11-30 21:21:19,Ansys BladeModeler,1,0.01,0.1,AEC,sgutteridge
2025-11-30 22:35:01,2025-11-30 22:35:09,Ansys BladeModeler,1,0.01,0.1,AEC,sgutteridge
2025-11-30 21:35:31,2025-11-30 21:35:40,Ansys BladeModeler,1,0.01,0.1,AEC,sgutteridge
2025-11-30 22:32:24,2025-11-30 22:33:51,Ansys BladeModeler,1,0.02,0.1,AEC,sgutteridge
2025-11-30 21:54:22,2025-11-30 21:54:31,Ansys BladeModeler,1,0.01,0.1,AEC,sgutteridge
2025-11-30 21:18:31,2025-11-30 21:47:52,Ansys CFD PrepPost,1,0.49,6.8,AEC,sgutteridge
2025-11-30 20:09:11,2025-11-30 20:20:16,Ansys CFD PrepPost,1,0.18,2.6,AEC,sgutteridge
2025-11-30 22:13:28,2025-11-30 22:19:55,Ansys CFD PrepPost,1,0.11,1.5,AEC,sgutteridge
2025-11-30 21:48:25,2025-11-30 22:12:58,Ansys CFD PrepPost,1,0.41,5.7,AEC,sgutteridge
2025-11-30 22:20:28,2025-11-30 22:27:01,Ansys CFD PrepPost,1,0.11,1.5,AEC,sgutteridge
2025-11-30 22:29:08,2025-11-30 22:31:25,Ansys CFD PrepPost,1,0.04,0.5,AEC,sgutteridge
2025-11-30 22:28:07,2025-11-30 22:28:33,Ansys CFD PrepPost,1,0.01,0.1,AEC,sgutteridge
2025-11-30 22:34:24,2025-11-30 22:36:19,Ansys CFD PrepPost,1,0.03,0.4,AEC,sgutteridge
2025-11-30 22:37:12,2025-11-30 22:41:11,Ansys BladeModeler,1,0.07,0.1,AEC,sgutteridge
2025-11-30 22:37:09,2025-11-30 22:41:13,Ansys Discovery Enterprise,1,0.07,1.2,AEC,sgutteridge
2025-11-30 22:42:21,2025-11-30 22:42:29,Ansys BladeModeler,1,0.01,0.1,AEC,sgutteridge
2025-11-30 22:41:51,2025-11-30 22:44:31,Ansys CFD PrepPost,1,0.04,0.6,AEC,sgutteridge
2025-11-30 22:42:18,2025-11-30 22:42:29,Ansys Discovery Enterprise,1,0.01,0.1,AEC,sgutteridge
2025-11-30 22:44:39,2025-11-30 22:48:05,Ansys Discovery Enterprise,1,0.06,1.0,AEC,sgutteridge
2025-11-30 22:44:42,2025-11-30 22:48:03,Ansys BladeModeler,1,0.06,0.1,AEC,sgutteridge
2025-11-30 22:50:23,2025-11-30 22:50:33,Ansys Geometry Interface for SolidWorks,1,0.01,0.1,AEC,sgutteridge
2025-12-01 00:30:37,2025-12-01 00:30:54,Ansys BladeModeler,1,0.01,0.1,AEC,sgutteridge
2025-11-30 22:58:04,2025-11-30 22:58:15,Ansys Discovery Enterprise,1,0.01,0.1,AEC,sgutteridge
2025-11-30 22:50:11,2025-11-30 22:57:07,Ansys BladeModeler,1,0.12,0.2,AEC,sgutteridge
2025-12-01 00:30:34,2025-12-01 00:30:54,Ansys Discovery Enterprise,1,0.01,0.1,AEC,sgutteridge
2025-11-30 22:58:07,2025-11-30 22:58:15,Ansys BladeModeler,1,0.01,0.1,AEC,sgutteridge
2025-11-30 22:50:09,2025-11-30 22:57:09,Ansys Discovery Enterprise,1,0.12,2.1,AEC,sgutteridge
2025-11-30 22:57:33,2025-11-30 23:25:46,Ansys CFD PrepPost,1,0.47,6.6,AEC,sgutteridge
2025-12-01 00:36:02,2025-12-01 00:39:52,Ansys CFD PrepPost,1,0.06,0.9,AEC,sgutteridge
2025-12-01 00:40:35,2025-12-01 00:53:02,Ansys CFD PrepPost,1,0.21,2.9,AEC,sgutteridge
2025-12-01 00:34:13,2025-12-01 00:34:37,Ansys CFD PrepPost,1,0.01,0.1,AEC,sgutteridge
2025-12-01 00:57:55,2025-12-01 00:58:20,Ansys Mechanical Enterprise Solver,1,0.01,0.2,AEC,sgutteridge
2025-12-01 01:07:11,2025-12-01 01:07:39,Ansys Mechanical Enterprise Solver,1,0.01,0.2,AEC,sgutteridge
2025-12-01 00:54:18,2025-12-01 00:54:52,Ansys Mechanical Enterprise Solver,1,0.01,0.3,AEC,sgutteridge
2025-12-01 01:00:27,2025-12-01 01:08:52,Ansys CFD Enterprise Solver,1,0.14,3.9,AEC,sgutteridge
2025-11-30 23:25:34,2025-11-30 23:25:39,Ansys CFD Enterprise Solver,1,0.01,0.1,AEC,sgutteridge
2025-11-30 23:25:49,2025-12-01 00:29:04,Ansys CFD Enterprise Solver,1,1.05,29.5,AEC,sgutteridge
2025-12-01 01:11:52,2025-12-01 01:20:03,Ansys Mechanical Enterprise PrepPost,1,0.14,1.9,AEC,sgutteridge
2025-12-01 00:30:18,2025-12-01 01:09:21,Ansys Mechanical Enterprise PrepPost,1,0.65,9.1,AEC,sgutteridge
2025-12-01 01:09:35,2025-12-01 01:11:35,Ansys Mechanical Enterprise PrepPost,1,0.03,0.5,AEC,sgutteridge
2025-12-01 10:01:54,2025-12-01 10:02:01,Ansys Discovery Enterprise,1,0.01,0.1,AEC,sgutteridge
2025-12-01 10:03:43,2025-12-01 10:03:55,Ansys Discovery Enterprise,1,0.01,0.1,AEC,sgutteridge
2025-12-01 10:03:46,2025-12-01 10:03:55,Ansys BladeModeler,1,0.01,0.1,AEC,sgutteridge
2025-12-01 10:01:57,2025-12-01 10:02:01,Ansys BladeModeler,1,0.01,0.1,AEC,sgutteridge
2025-12-01 10:03:01,2025-12-01 10:10:15,Ansys CFD PrepPost,1,0.12,1.7,AEC,sgutteridge
2025-12-01 11:24:03,2025-12-01 11:26:24,Ansys CFD Enterprise Solver,1,0.04,1.1,AEC,sgutteridge
2025-12-01 10:10:18,2025-12-01 10:54:10,Ansys CFD Enterprise Solver,1,0.73,20.5,AEC,sgutteridge
2025-12-01 11:30:08,2025-12-01 13:48:17,Ansys CFD Enterprise Solver,1,2.3,64.5,AEC,sgutteridge
2025-12-01 10:10:05,2025-12-01 10:10:10,Ansys CFD Enterprise Solver,1,0.01,0.1,AEC,sgutteridge
2025-12-01 19:37:40,2025-12-01 20:01:26,Ansys CFD Enterprise Solver,1,0.4,11.1,AEC,sgutteridge
2025-12-02 15:38:29,2025-12-02 15:45:11,Ansys Discovery Enterprise,1,0.11,2.0,AEC,tutley
2025-12-02 16:33:52,2025-12-02 16:39:05,Ansys Discovery Enterprise,1,0.09,1.6,AEC,tutley
2025-12-02 15:50:18,2025-12-02 16:27:25,Ansys Discovery Enterprise,1,0.62,11.1,AEC,tutley
2025-12-02 16:39:30,2025-12-02 16:40:36,Ansys Discovery Enterprise,1,0.02,0.3,AEC,tutley
2025-12-02 16:27:45,2025-12-02 16:31:20,Ansys Discovery Enterprise,1,0.06,1.1,AEC,tutley
2025-12-02 16:27:32,2025-12-02 16:34:33,Ansys Mechanical Enterprise PrepPost,1,0.12,1.6,AEC,tutley
2025-12-02 16:39:15,2025-12-02 16:43:20,Ansys Mechanical Enterprise PrepPost,1,0.07,1.0,AEC,tutley
2025-12-02 17:27:31,2025-12-02 17:50:02,Ansys Zemax OpticStudio Enterprise,1,0.38,7.5,AEC,tutley
2025-12-02 18:08:57,2025-12-02 18:27:34,Ansys Zemax OpticStudio Enterprise,1,0.31,6.2,AEC,tutley
2025-12-02 18:49:50,2025-12-02 18:52:38,Ansys Zemax OpticStudio Enterprise,1,0.05,0.9,AEC,tutley
2025-12-02 16:46:28,2025-12-02 16:47:13,Ansys Discovery Enterprise,1,0.01,0.2,AEC,tutley
2025-12-02 17:50:43,2025-12-02 18:04:54,Ansys Discovery Enterprise,1,0.24,4.3,AEC,tutley
2025-12-02 17:09:55,2025-12-02 17:11:05,Ansys Discovery Enterprise,1,0.02,0.4,AEC,tutley
2025-12-02 18:52:42,2025-12-02 18:56:54,Ansys Discovery Enterprise,1,0.07,1.3,AEC,tutley
2025-12-02 18:45:40,2025-12-02 18:46:20,Ansys Discovery Enterprise,1,0.01,0.2,AEC,tutley
2025-12-02 18:42:17,2025-12-02 18:43:21,Ansys Discovery Enterprise,1,0.02,0.3,AEC,tutley
2025-12-02 17:06:24,2025-12-02 17:09:22,Ansys Discovery Enterprise,1,0.05,0.9,AEC,tutley
2025-12-02 18:57:45,2025-12-02 18:58:20,Ansys Discovery Enterprise,1,0.01,0.2,AEC,tutley
2025-12-02 18:44:18,2025-12-02 18:45:21,Ansys Discovery Enterprise,1,0.02,0.3,AEC,tutley
2025-12-02 18:05:45,2025-12-02 18:06:53,Ansys Discovery Enterprise,1,0.02,0.3,AEC,tutley
2025-12-02 18:28:46,2025-12-02 18:41:43,Ansys Discovery Enterprise,1,0.22,3.9,AEC,tutley
2025-12-02 18:57:16,2025-12-02 19:02:14,Ansys Discovery Enterprise,1,0.08,1.5,AEC,sgutteridge
2025-12-02 19:03:40,2025-12-02 19:03:51,Ansys Discovery Enterprise,1,0.01,0.1,AEC,sgutteridge
2025-12-02 19:03:42,2025-12-02 19:03:51,Ansys BladeModeler,1,0.01,0.1,AEC,sgutteridge
2025-12-02 18:57:19,2025-12-02 19:02:12,Ansys BladeModeler,1,0.08,0.2,AEC,sgutteridge
2025-12-02 19:03:03,2025-12-02 19:08:38,Ansys CFD PrepPost,1,0.09,1.3,AEC,sgutteridge
2025-12-02 19:09:32,2025-12-02 19:16:01,Ansys CFD PrepPost,1,0.11,1.5,AEC,sgutteridge
2025-12-02 19:22:42,2025-12-02 19:41:14,Ansys Zemax OpticStudio Enterprise,1,0.31,6.2,AEC,tutley
2025-12-02 16:58:34,2025-12-02 16:58:38,Ansys Mechanical Enterprise Solver,1,0.01,0.1,AEC,tutley
2025-12-02 16:59:46,2025-12-02 16:59:49,Ansys Mechanical Enterprise Solver,1,0.01,0.1,AEC,tutley
2025-12-02 17:00:32,2025-12-02 17:00:36,Ansys Mechanical Enterprise Solver,1,0.01,0.1,AEC,tutley
2025-12-02 17:19:54,2025-12-02 17:20:17,Ansys Mechanical Enterprise Solver,1,0.01,0.2,AEC,tutley
2025-12-02 17:17:19,2025-12-02 17:17:22,Ansys Mechanical Enterprise Solver,1,0.01,0.1,AEC,tutley
2025-12-02 17:12:31,2025-12-02 17:12:36,Ansys Mechanical Enterprise Solver,1,0.01,0.1,AEC,tutley
2025-12-02 17:03:55,2025-12-02 17:03:59,Ansys Mechanical Enterprise Solver,1,0.01,0.1,AEC,tutley
2025-12-02 17:02:40,2025-12-02 17:02:43,Ansys Mechanical Enterprise Solver,1,0.01,0.1,AEC,tutley
2025-12-02 18:51:31,2025-12-02 18:51:34,Ansys Mechanical Enterprise Solver,1,0.01,0.1,AEC,tutley
2025-12-02 19:02:37,2025-12-02 19:02:42,Ansys Mechanical Enterprise Solver,1,0.01,0.1,AEC,tutley
2025-12-02 17:18:43,2025-12-02 17:19:14,Ansys Mechanical Enterprise Solver,1,0.01,0.2,AEC,tutley
2025-12-02 18:07:48,2025-12-02 18:08:39,Ansys Mechanical Enterprise Solver,1,0.01,0.4,AEC,tutley
2025-12-02 18:49:48,2025-12-02 18:49:50,Ansys Mechanical Enterprise Solver,1,0.01,0.1,AEC,tutley
2025-12-02 18:19:08,2025-12-02 18:20:01,Ansys Mechanical Enterprise Solver,1,0.01,0.4,AEC,tutley
2025-12-02 17:21:18,2025-12-02 17:22:07,Ansys Mechanical Enterprise Solver,1,0.01,0.4,AEC,tutley
2025-12-02 18:07:13,2025-12-02 18:07:40,Ansys Mechanical Enterprise Solver,1,0.01,0.2,AEC,tutley
2025-12-02 19:11:25,2025-12-02 19:12:14,Ansys Mechanical Enterprise Solver,1,0.01,0.4,AEC,tutley
2025-12-02 18:18:35,2025-12-02 18:19:00,Ansys Mechanical Enterprise Solver,1,0.01,0.2,AEC,tutley
2025-12-02 19:07:34,2025-12-02 19:08:01,Ansys Mechanical Enterprise Solver,1,0.01,0.2,AEC,tutley
2025-12-02 19:19:47,2025-12-02 19:20:38,Ansys Mechanical Enterprise Solver,1,0.01,0.4,AEC,tutley
2025-12-02 18:49:35,2025-12-02 18:49:40,Ansys Mechanical Enterprise Solver,1,0.01,0.1,AEC,tutley
2025-12-02 19:16:14,2025-12-02 19:17:05,Ansys Mechanical Enterprise Solver,1,0.01,0.4,AEC,tutley
2025-12-02 18:19:22,2025-12-02 18:19:55,Ansys HPC,14,0.01,0.3,AEC,tutley
2025-12-02 17:21:33,2025-12-02 17:22:03,Ansys HPC,14,0.01,0.3,AEC,tutley
2025-12-02 19:16:28,2025-12-02 19:16:59,Ansys HPC,14,0.01,0.3,AEC,tutley
2025-12-02 18:08:02,2025-12-02 18:08:34,Ansys HPC,14,0.01,0.3,AEC,tutley
2025-12-02 17:20:05,2025-12-02 17:20:14,Ansys HPC,14,0.01,0.1,AEC,tutley
2025-12-02 18:18:47,2025-12-02 18:18:57,Ansys HPC,14,0.01,0.1,AEC,tutley
2025-12-02 18:07:25,2025-12-02 18:07:35,Ansys HPC,14,0.01,0.1,AEC,tutley
2025-12-02 19:11:40,2025-12-02 19:12:09,Ansys HPC,14,0.01,0.3,AEC,tutley
2025-12-02 19:42:17,2025-12-02 19:43:07,Ansys Mechanical Enterprise Solver,1,0.01,0.4,AEC,tutley
2025-12-02 17:18:58,2025-12-02 17:19:11,Ansys HPC,14,0.01,0.1,AEC,tutley
2025-12-02 19:07:45,2025-12-02 19:07:58,Ansys HPC,14,0.01,0.1,AEC,tutley
2025-12-02 19:42:30,2025-12-02 19:43:03,Ansys HPC,14,0.01,0.3,AEC,tutley
2025-12-02 19:20:02,2025-12-02 19:20:33,Ansys HPC,14,0.01,0.3,AEC,tutley
2025-12-02 17:14:24,2025-12-02 17:14:27,Ansys Mechanical Enterprise Solver,1,0.01,0.1,AEC,tutley
2025-12-02 19:42:30,2025-12-02 19:46:24,Ansys Zemax OpticStudio Enterprise,1,0.07,1.3,AEC,tutley
2025-12-02 16:46:14,2025-12-02 16:47:50,Ansys Mechanical Enterprise PrepPost,1,0.03,0.4,AEC,tutley
2025-12-02 18:46:46,2025-12-02 19:48:13,Ansys GRANTA Materials Data for Simulation,1,1.02,33.8,AEC,tutley
2025-12-02 18:42:01,2025-12-02 19:48:12,Ansys Mechanical Enterprise PrepPost,1,1.1,15.4,AEC,tutley
2025-12-02 17:09:39,2025-12-02 18:29:58,Ansys Mechanical Enterprise PrepPost,1,1.34,18.7,AEC,tutley
2025-12-02 16:49:17,2025-12-02 17:06:22,Ansys GRANTA Materials Data for Simulation,1,0.28,9.4,AEC,tutley
2025-12-02 16:48:06,2025-12-02 17:06:20,Ansys Mechanical Enterprise PrepPost,1,0.3,4.3,AEC,tutley
2025-12-02 19:15:52,2025-12-02 19:15:56,Ansys CFD Enterprise Solver,1,0.01,0.1,AEC,sgutteridge
2025-12-02 19:16:04,2025-12-02 20:00:26,Ansys CFD Enterprise Solver,1,0.74,20.7,AEC,sgutteridge
2025-12-02 20:06:07,2025-12-02 20:06:15,Ansys BladeModeler,1,0.01,0.1,AEC,sgutteridge
2025-12-02 20:06:04,2025-12-02 20:06:15,Ansys Discovery Enterprise,1,0.01,0.1,AEC,sgutteridge
2025-12-02 20:05:18,2025-12-02 20:09:35,Ansys CFD PrepPost,1,0.07,1.0,AEC,sgutteridge
2025-12-02 20:10:30,2025-12-02 20:11:05,Ansys HPC,14,0.01,0.3,AEC,tutley
2025-12-02 20:09:42,2025-12-02 20:10:08,Ansys Mechanical Enterprise Solver,1,0.01,0.2,AEC,tutley
2025-12-02 20:02:49,2025-12-02 20:14:36,Ansys Mechanical Enterprise PrepPost,1,0.2,2.7,AEC,tutley
2025-12-02 20:10:16,2025-12-02 20:11:10,Ansys Mechanical Enterprise Solver,1,0.02,0.4,AEC,tutley
2025-12-02 20:09:55,2025-12-02 20:10:06,Ansys HPC,14,0.01,0.1,AEC,tutley
2025-12-02 20:02:11,2025-12-02 20:03:39,Ansys CFD Enterprise Solver,1,0.02,0.7,AEC,sgutteridge
2025-12-02 20:24:32,2025-12-02 20:29:00,Ansys CFD Enterprise Solver,1,0.07,2.1,AEC,sgutteridge
2025-12-02 20:09:37,2025-12-02 20:23:50,Ansys CFD Enterprise Solver,1,0.24,6.6,AEC,sgutteridge
2025-12-02 20:09:25,2025-12-02 20:09:30,Ansys CFD Enterprise Solver,1,0.01,0.1,AEC,sgutteridge
2025-12-03 13:06:11,2025-12-03 13:14:49,Ansys Zemax OpticStudio Enterprise,1,0.14,2.9,AEC,tutley
2025-12-03 13:27:50,2025-12-03 13:41:27,Ansys Zemax OpticStudio Enterprise,1,0.23,4.5,AEC,tutley
2025-12-09 09:35:03,2025-12-09 09:35:07,Ansys HPC,4,0.01,0.1,AEC,nramioulle
2025-12-09 09:35:00,2025-12-09 09:35:06,Ansys Mechanical Enterprise Solver,1,0.01,0.1,AEC,nramioulle
2025-12-09 09:31:35,2025-12-09 09:33:20,Ansys Discovery Enterprise,1,0.03,0.5,AEC,nramioulle
2025-12-09 09:55:09,2025-12-09 09:55:20,Ansys Discovery Enterprise,1,0.01,0.1,AEC,nramioulle
2025-12-09 09:17:19,2025-12-09 09:18:02,Ansys Discovery Enterprise,1,0.01,0.2,AEC,nramioulle
2025-12-09 09:41:19,2025-12-09 09:41:31,Ansys Discovery Enterprise,1,0.01,0.1,AEC,nramioulle
2025-12-09 09:18:13,2025-12-09 09:23:57,Ansys BladeModeler,1,0.1,0.2,AEC,nramioulle
2025-12-09 09:52:10,2025-12-09 09:54:38,Ansys Discovery Enterprise,1,0.04,0.7,AEC,nramioulle
2025-12-09 09:46:28,2025-12-09 09:47:14,Ansys Discovery Enterprise,1,0.01,0.2,AEC,nramioulle
2025-12-09 09:47:47,2025-12-09 09:47:57,Ansys Discovery Enterprise,1,0.01,0.1,AEC,nramioulle
2025-12-09 09:41:21,2025-12-09 09:41:31,Ansys BladeModeler,1,0.01,0.1,AEC,nramioulle
2025-12-09 09:18:10,2025-12-09 09:23:59,Ansys Discovery Enterprise,1,0.1,1.7,AEC,nramioulle
2025-12-09 09:46:31,2025-12-09 09:47:12,Ansys BladeModeler,1,0.01,0.1,AEC,nramioulle
2025-12-09 09:37:43,2025-12-09 09:40:31,Ansys BladeModeler,1,0.05,0.1,AEC,nramioulle
2025-12-09 09:31:38,2025-12-09 09:33:18,Ansys BladeModeler,1,0.03,0.1,AEC,nramioulle
2025-12-09 09:36:38,2025-12-09 09:36:49,Ansys Discovery Enterprise,1,0.01,0.1,AEC,nramioulle
2025-12-09 09:37:41,2025-12-09 09:40:33,Ansys Discovery Enterprise,1,0.05,0.9,AEC,nramioulle
2025-12-09 09:52:13,2025-12-09 09:54:36,Ansys BladeModeler,1,0.04,0.1,AEC,nramioulle
2025-12-09 09:29:47,2025-12-09 09:29:56,Ansys Discovery Enterprise,1,0.01,0.1,AEC,nramioulle
2025-12-09 09:36:41,2025-12-09 09:36:49,Ansys BladeModeler,1,0.01,0.1,AEC,nramioulle
2025-12-09 09:55:11,2025-12-09 09:55:20,Ansys BladeModeler,1,0.01,0.1,AEC,nramioulle
2025-12-09 09:47:50,2025-12-09 09:47:57,Ansys BladeModeler,1,0.01,0.1,AEC,nramioulle
2025-12-09 09:29:50,2025-12-09 09:29:56,Ansys BladeModeler,1,0.01,0.1,AEC,nramioulle
2025-12-09 09:49:36,2025-12-09 09:49:47,Ansys CFD PrepPost,1,0.01,0.1,AEC,nramioulle
2025-12-09 09:49:18,2025-12-09 09:49:30,Ansys CFD PrepPost,1,0.01,0.1,AEC,nramioulle
2025-12-09 09:44:43,2025-12-09 09:44:56,Ansys CFD PrepPost,1,0.01,0.1,AEC,nramioulle
2025-12-09 09:57:27,2025-12-09 09:57:39,Ansys CFD PrepPost,1,0.01,0.1,AEC,nramioulle
2025-12-09 09:57:09,2025-12-09 09:57:21,Ansys CFD PrepPost,1,0.01,0.1,AEC,nramioulle
2025-12-09 09:47:27,2025-12-09 09:49:07,Ansys CFD PrepPost,1,0.03,0.4,AEC,nramioulle
2025-12-09 09:45:02,2025-12-09 09:45:16,Ansys CFD PrepPost,1,0.01,0.1,AEC,nramioulle
2025-12-09 09:54:48,2025-12-09 09:56:30,Ansys CFD PrepPost,1,0.03,0.4,AEC,nramioulle
2025-12-09 09:40:56,2025-12-09 09:44:27,Ansys CFD PrepPost,1,0.06,0.8,AEC,nramioulle
2025-12-09 10:08:50,2025-12-09 10:09:11,Ansys BladeModeler,1,0.01,0.1,AEC,nramioulle
2025-12-09 10:08:47,2025-12-09 10:09:13,Ansys Discovery Enterprise,1,0.01,0.1,AEC,nramioulle
2025-12-09 10:09:47,2025-12-09 10:10:26,Ansys CFD PrepPost,1,0.01,0.2,AEC,nramioulle
2025-12-09 10:17:35,2025-12-09 10:17:46,Ansys CFD PrepPost,1,0.01,0.1,AEC,nramioulle
2025-12-09 10:17:52,2025-12-09 10:18:04,Ansys CFD PrepPost,1,0.01,0.1,AEC,nramioulle
2025-12-09 10:13:55,2025-12-09 10:17:24,Ansys Mechanical Enterprise PrepPost,1,0.06,0.8,AEC,nramioulle
2025-12-09 10:18:23,2025-12-09 10:18:51,Ansys Mechanical Enterprise PrepPost,1,0.01,0.1,AEC,nramioulle
2025-12-09 10:19:28,2025-12-09 10:20:14,Ansys Mechanical Enterprise PrepPost,1,0.01,0.2,AEC,nramioulle
2025-12-09 10:18:57,2025-12-09 10:19:23,Ansys Mechanical Enterprise PrepPost,1,0.01,0.1,AEC,nramioulle
2025-12-09 10:24:31,2025-12-09 10:25:14,Ansys Mechanical Enterprise PrepPost,1,0.01,0.2,AEC,nramioulle
2025-12-09 10:31:43,2025-12-09 10:31:58,Ansys Mechanical Enterprise PrepPost,1,0.01,0.1,AEC,nramioulle
2025-12-09 10:27:15,2025-12-09 10:31:37,Ansys Mechanical Enterprise PrepPost,1,0.07,1.0,AEC,nramioulle
2025-12-09 09:29:28,2025-12-09 09:31:24,Ansys Mechanical Enterprise PrepPost,1,0.03,0.5,AEC,nramioulle
2025-12-09 09:45:46,2025-12-09 09:46:15,Ansys Mechanical Enterprise PrepPost,1,0.01,0.1,AEC,nramioulle
2025-12-09 09:36:06,2025-12-09 09:37:09,Ansys Mechanical Enterprise PrepPost,1,0.02,0.2,AEC,nramioulle
2025-12-09 09:33:51,2025-12-09 09:35:49,Ansys Mechanical Enterprise PrepPost,1,0.03,0.5,AEC,nramioulle
2025-12-09 09:49:56,2025-12-09 09:51:57,Ansys Mechanical Enterprise PrepPost,1,0.03,0.5,AEC,nramioulle
2025-12-09 09:16:44,2025-12-09 09:17:06,Ansys Mechanical Enterprise PrepPost,1,0.01,0.1,AEC,nramioulle
2025-12-09 09:56:41,2025-12-09 09:56:59,Ansys Mechanical Enterprise PrepPost,1,0.01,0.1,AEC,nramioulle
2025-12-09 09:57:53,2025-12-09 10:57:34,Ansys Mechanical Enterprise PrepPost,1,0.99,14.0,AEC,nramioulle
2025-12-09 11:54:36,2025-12-09 11:55:01,Ansys HPC,4,0.01,0.1,AEC,nramioulle
2025-12-09 13:46:05,2025-12-09 14:09:40,Ansys HPC,4,0.39,5.9,AEC,nramioulle
2025-12-09 11:56:36,2025-12-09 11:57:00,Ansys HPC,4,0.01,0.1,AEC,nramioulle
2025-12-09 12:39:29,2025-12-09 12:39:56,Ansys HPC,4,0.01,0.1,AEC,nramioulle
2025-12-09 11:57:20,2025-12-09 12:04:30,Ansys Mechanical Enterprise Solver,1,0.12,3.3,AEC,nramioulle
2025-12-09 11:57:23,2025-12-09 12:04:32,Ansys HPC,4,0.12,1.8,AEC,nramioulle
2025-12-09 12:40:19,2025-12-09 12:54:26,Ansys HPC,4,0.24,3.5,AEC,nramioulle
2025-12-09 12:34:22,2025-12-09 12:34:24,Ansys Mechanical Enterprise Solver,1,0.01,0.1,AEC,nramioulle
2025-12-09 13:09:33,2025-12-09 13:32:34,Ansys Mechanical Enterprise Solver,1,0.38,10.7,AEC,nramioulle
2025-12-09 14:22:03,2025-12-09 14:46:07,Ansys HPC,4,0.4,6.0,AEC,nramioulle
2025-12-09 12:40:16,2025-12-09 12:54:25,Ansys Mechanical Enterprise Solver,1,0.24,6.6,AEC,nramioulle
2025-12-09 12:57:30,2025-12-09 12:57:36,Ansys Mechanical Enterprise Solver,1,0.01,0.1,AEC,nramioulle
2025-12-09 12:27:51,2025-12-09 14:58:20,Ansys Mechanical Enterprise PrepPost,1,2.51,35.1,AEC,nramioulle
2025-12-09 12:39:26,2025-12-09 12:39:56,Ansys Mechanical Enterprise Solver,1,0.01,0.2,AEC,nramioulle
2025-12-09 11:54:33,2025-12-09 11:55:00,Ansys Mechanical Enterprise Solver,1,0.01,0.2,AEC,nramioulle
2025-12-09 11:48:55,2025-12-09 12:27:42,Ansys Mechanical Enterprise PrepPost,1,0.65,9.0,AEC,nramioulle
2025-12-09 12:55:56,2025-12-09 12:56:00,Ansys Mechanical Enterprise Solver,1,0.01,0.1,AEC,nramioulle
2025-12-09 11:56:33,2025-12-09 11:56:59,Ansys Mechanical Enterprise Solver,1,0.01,0.2,AEC,nramioulle
2025-12-09 14:57:51,2025-12-09 14:57:56,Ansys Mechanical Enterprise Solver,1,0.01,0.1,AEC,nramioulle
2025-12-09 14:55:43,2025-12-09 14:55:53,Ansys Mechanical Enterprise Solver,1,0.01,0.1,AEC,nramioulle
2025-12-09 14:22:00,2025-12-09 14:46:06,Ansys Mechanical Enterprise Solver,1,0.4,11.2,AEC,nramioulle
2025-12-09 13:46:02,2025-12-09 14:09:39,Ansys Mechanical Enterprise Solver,1,0.39,11.0,AEC,nramioulle
2025-12-09 13:09:36,2025-12-09 13:32:35,Ansys HPC,4,0.38,5.7,AEC,nramioulle
2025-12-10 12:34:17,2025-12-10 12:35:06,Ansys Discovery Enterprise,1,0.01,0.2,AEC,sgutteridge
2025-12-10 12:34:20,2025-12-10 12:35:03,Ansys BladeModeler,1,0.01,0.1,AEC,sgutteridge
2025-12-10 12:30:13,2025-12-10 12:30:57,Ansys CFD Enterprise Solver,1,0.01,0.3,AEC,sgutteridge
2025-12-10 12:31:53,2025-12-10 12:33:09,Ansys CFD Enterprise Solver,1,0.02,0.6,AEC,sgutteridge
2025-12-10 12:35:32,2025-12-10 12:39:20,Ansys CFD Enterprise Solver,1,0.06,1.8,AEC,sgutteridge
2025-12-10 12:45:37,2025-12-10 13:03:12,Ansys CFD Enterprise Solver,1,0.29,8.2,AEC,sgutteridge
2025-12-11 11:37:23,2025-12-11 11:40:11,Ansys BladeModeler,1,0.05,0.1,AEC,sgutteridge
2025-12-11 11:26:52,2025-12-11 11:28:08,Ansys Discovery Enterprise,1,0.02,0.4,AEC,sgutteridge
2025-12-11 11:43:28,2025-12-11 11:56:16,Ansys CFD Enterprise Solver,1,0.21,6.0,AEC,sgutteridge
2025-12-11 11:26:54,2025-12-11 11:28:06,Ansys BladeModeler,1,0.02,0.1,AEC,sgutteridge
2025-12-11 11:32:03,2025-12-11 11:34:30,Ansys Discovery Enterprise,1,0.04,0.7,AEC,sgutteridge
2025-12-11 11:56:50,2025-12-11 11:57:03,Ansys Discovery Enterprise,1,0.01,0.1,AEC,sgutteridge
2025-12-11 11:56:53,2025-12-11 11:57:03,Ansys BladeModeler,1,0.01,0.1,AEC,sgutteridge
2025-12-11 11:23:23,2025-12-11 11:26:00,Ansys Discovery Enterprise,1,0.04,0.8,AEC,sgutteridge
2025-12-11 11:23:26,2025-12-11 11:25:58,Ansys BladeModeler,1,0.04,0.1,AEC,sgutteridge
2025-12-11 11:37:20,2025-12-11 11:40:13,Ansys Discovery Enterprise,1,0.05,0.9,AEC,sgutteridge
2025-12-11 11:41:19,2025-12-11 11:41:27,Ansys BladeModeler,1,0.01,0.1,AEC,sgutteridge
2025-12-11 11:32:06,2025-12-11 11:34:27,Ansys BladeModeler,1,0.04,0.1,AEC,sgutteridge
2025-12-11 11:43:16,2025-12-11 11:43:21,Ansys CFD Enterprise Solver,1,0.01,0.1,AEC,sgutteridge
2025-12-11 11:41:17,2025-12-11 11:41:27,Ansys Discovery Enterprise,1,0.01,0.1,AEC,sgutteridge
2025-12-11 11:40:40,2025-12-11 11:43:26,Ansys CFD PrepPost,1,0.05,0.6,AEC,sgutteridge
2025-12-11 11:58:07,2025-12-11 12:00:53,Ansys CFD PrepPost,1,0.05,0.6,AEC,sgutteridge
2025-12-11 12:14:08,2025-12-11 12:14:57,Ansys Mechanical Enterprise Solver,1,0.01,0.4,AEC,sgutteridge
2025-12-11 12:01:32,2025-12-11 12:13:36,Ansys CFD PrepPost,1,0.2,2.8,AEC,sgutteridge
2025-12-11 11:57:10,2025-12-11 11:57:19,Ansys CFD PrepPost,1,0.01,0.1,AEC,sgutteridge
2025-12-11 11:21:10,2025-12-11 11:23:12,Ansys Mechanical Enterprise PrepPost,1,0.03,0.5,AEC,sgutteridge
2025-12-11 11:34:58,2025-12-11 11:37:14,Ansys Mechanical Enterprise PrepPost,1,0.04,0.5,AEC,sgutteridge
2025-12-11 11:28:27,2025-12-11 11:30:54,Ansys Mechanical Enterprise PrepPost,1,0.04,0.6,AEC,sgutteridge
2025-12-11 11:56:32,2025-12-11 12:19:01,Ansys Mechanical Enterprise PrepPost,1,0.38,5.2,AEC,sgutteridge
2025-12-11 13:04:03,2025-12-11 13:07:02,Ansys Zemax OpticStudio Enterprise,1,0.05,1.0,AEC,tutley
2025-12-11 15:32:41,2025-12-11 15:34:14,Ansys Zemax OpticStudio Enterprise,1,0.03,0.5,AEC,tutley
2025-12-11 16:20:35,2025-12-11 16:55:21,Ansys Zemax OpticStudio Enterprise,1,0.58,11.6,AEC,tutley
2025-12-16 21:23:11,2025-12-16 22:23:14,Ansys CFD Enterprise Solver,1,1.0,28.0,AEC,eduffield
2025-12-17 11:16:08,2025-12-17 11:22:10,Ansys CFD Enterprise Solver,1,0.1,2.8,AEC,eduffield
2025-12-17 11:13:18,2025-12-17 11:15:09,Ansys CFD Enterprise Solver,1,0.03,0.9,AEC,eduffield
2025-12-17 12:01:29,2025-12-17 12:03:43,Ansys Zemax OpticStudio Enterprise,1,0.04,0.7,AEC,tutley
2025-12-17 11:42:20,2025-12-17 12:33:06,Ansys CFD Enterprise Solver,1,0.85,23.7,AEC,eduffield
2025-12-17 14:25:57,2025-12-17 14:26:46,Ansys Discovery Enterprise,1,0.01,0.2,AEC,tutley
2025-12-17 14:27:22,2025-12-17 14:28:07,Ansys Discovery Enterprise,1,0.01,0.2,AEC,tutley
2025-12-17 14:38:53,2025-12-17 14:39:18,Ansys Discovery Enterprise,1,0.01,0.1,AEC,tutley
2025-12-17 14:22:14,2025-12-17 14:23:07,Ansys Discovery Enterprise,1,0.01,0.3,AEC,tutley
2025-12-17 14:34:27,2025-12-17 14:38:24,Ansys Discovery Enterprise,1,0.07,1.2,AEC,tutley
2025-12-17 14:18:04,2025-12-17 14:21:48,Ansys Discovery Enterprise,1,0.06,1.1,AEC,tutley
2025-12-17 14:32:41,2025-12-17 14:32:46,Ansys HPC,14,0.01,0.1,AEC,tutley
2025-12-17 14:32:28,2025-12-17 14:32:49,Ansys Mechanical Enterprise Solver,1,0.01,0.2,AEC,tutley
2025-12-17 14:41:16,2025-12-17 14:41:22,Ansys HPC,14,0.01,0.1,AEC,tutley
2025-12-17 14:31:13,2025-12-17 14:31:30,Ansys Mechanical Enterprise Solver,1,0.01,0.1,AEC,tutley
2025-12-17 14:28:39,2025-12-17 14:28:42,Ansys Mechanical Enterprise Solver,1,0.01,0.1,AEC,tutley
2025-12-17 14:33:28,2025-12-17 14:33:33,Ansys HPC,14,0.01,0.1,AEC,tutley
2025-12-17 14:39:53,2025-12-17 14:39:57,Ansys HPC,14,0.01,0.1,AEC,tutley
2025-12-17 14:40:58,2025-12-17 14:41:25,Ansys Mechanical Enterprise Solver,1,0.01,0.2,AEC,tutley
2025-12-17 14:39:42,2025-12-17 14:40:01,Ansys Mechanical Enterprise Solver,1,0.01,0.1,AEC,tutley
2025-12-17 14:30:23,2025-12-17 14:30:45,Ansys Mechanical Enterprise Solver,1,0.01,0.2,AEC,tutley
2025-12-17 14:30:38,2025-12-17 14:30:42,Ansys HPC,14,0.01,0.1,AEC,tutley
2025-12-17 14:31:23,2025-12-17 14:31:27,Ansys HPC,14,0.01,0.1,AEC,tutley
2025-12-17 14:33:17,2025-12-17 14:33:36,Ansys Mechanical Enterprise Solver,1,0.01,0.1,AEC,tutley
2025-12-17 14:21:57,2025-12-17 14:25:53,Ansys Mechanical Enterprise PrepPost,1,0.07,0.9,AEC,tutley
2025-12-17 14:27:06,2025-12-17 14:43:48,Ansys Mechanical Enterprise PrepPost,1,0.28,3.9,AEC,tutley
2025-12-17 14:44:10,2025-12-17 14:48:20,Ansys Zemax OpticStudio Enterprise,1,0.07,1.4,AEC,tutley
2025-12-17 15:04:15,2025-12-17 15:08:26,Ansys Zemax OpticStudio Enterprise,1,0.07,1.4,AEC,tutley
2025-12-17 14:47:04,2025-12-17 14:47:44,Ansys Mechanical Enterprise PrepPost,1,0.01,0.2,AEC,eduffield
2025-12-17 14:27:20,2025-12-17 14:28:02,Ansys Mechanical Enterprise PrepPost,1,0.01,0.2,AEC,eduffield
2025-12-17 14:18:54,2025-12-17 14:19:38,Ansys Mechanical Enterprise PrepPost,1,0.01,0.2,AEC,eduffield
2025-12-17 14:19:40,2025-12-17 14:20:02,Ansys Mechanical Enterprise PrepPost,1,0.01,0.1,AEC,eduffield
2025-12-17 15:07:08,2025-12-17 15:07:49,Ansys Mechanical Enterprise PrepPost,1,0.01,0.2,AEC,eduffield
2025-12-17 15:23:02,2025-12-17 15:23:42,Ansys Mechanical Enterprise PrepPost,1,0.01,0.2,AEC,eduffield
2025-12-17 15:07:51,2025-12-17 15:08:08,Ansys Mechanical Enterprise PrepPost,1,0.01,0.1,AEC,eduffield
2025-12-17 14:28:04,2025-12-17 14:28:23,Ansys Mechanical Enterprise PrepPost,1,0.01,0.1,AEC,eduffield
2025-12-17 15:23:44,2025-12-17 15:24:01,Ansys Mechanical Enterprise PrepPost,1,0.01,0.1,AEC,eduffield
2025-12-17 14:47:46,2025-12-17 14:48:04,Ansys Mechanical Enterprise PrepPost,1,0.01,0.1,AEC,eduffield
2025-12-17 14:32:10,2025-12-17 14:45:52,Ansys CFD Enterprise Solver,1,0.23,6.4,AEC,eduffield
2025-12-17 15:24:20,2025-12-17 15:47:34,Ansys CFD Enterprise Solver,1,0.39,10.8,AEC,eduffield
2025-12-17 14:50:08,2025-12-17 15:05:33,Ansys CFD Enterprise Solver,1,0.26,7.2,AEC,eduffield
2025-12-17 13:42:36,2025-12-17 14:15:12,Ansys CFD Enterprise Solver,1,0.54,15.2,AEC,eduffield
2025-12-17 14:20:27,2025-12-17 14:21:18,Ansys CFD Enterprise Solver,1,0.01,0.4,AEC,eduffield
2025-12-17 15:08:40,2025-12-17 15:21:25,Ansys CFD Enterprise Solver,1,0.21,6.0,AEC,eduffield
2025-12-17 15:47:40,2025-12-17 15:53:17,Ansys Discovery Enterprise,1,0.09,1.7,AEC,eduffield
2025-12-17 14:21:23,2025-12-17 14:27:13,Ansys Discovery Enterprise,1,0.1,1.7,AEC,eduffield
2025-12-17 15:23:13,2025-12-17 15:23:41,Ansys Discovery Enterprise,1,0.01,0.1,AEC,eduffield
2025-12-17 14:17:45,2025-12-17 14:18:48,Ansys Discovery Enterprise,1,0.02,0.3,AEC,eduffield
2025-12-17 14:15:22,2025-12-17 14:17:07,Ansys Discovery Enterprise,1,0.03,0.5,AEC,eduffield
2025-12-17 14:19:07,2025-12-17 14:19:37,Ansys Discovery Enterprise,1,0.01,0.1,AEC,eduffield
2025-12-17 15:07:19,2025-12-17 15:07:48,Ansys Discovery Enterprise,1,0.01,0.1,AEC,eduffield
2025-12-17 15:05:41,2025-12-17 15:07:01,Ansys Discovery Enterprise,1,0.02,0.4,AEC,eduffield
2025-12-17 14:27:31,2025-12-17 14:28:00,Ansys Discovery Enterprise,1,0.01,0.1,AEC,eduffield
2025-12-17 15:21:30,2025-12-17 15:22:57,Ansys Discovery Enterprise,1,0.02,0.4,AEC,eduffield
2025-12-17 14:47:15,2025-12-17 14:47:43,Ansys Discovery Enterprise,1,0.01,0.1,AEC,eduffield
2025-12-17 14:45:58,2025-12-17 14:46:58,Ansys Discovery Enterprise,1,0.02,0.3,AEC,eduffield
2025-12-17 15:24:41,2025-12-17 15:25:04,Ansys Mechanical Enterprise Solver,1,0.01,0.2,AEC,tutley
2025-12-17 15:24:54,2025-12-17 15:25:01,Ansys HPC,14,0.01,0.1,AEC,tutley
2025-12-17 15:57:55,2025-12-17 15:58:14,Ansys Mechanical Enterprise Solver,1,0.01,0.1,AEC,tutley
2025-12-17 15:58:06,2025-12-17 15:58:11,Ansys HPC,14,0.01,0.1,AEC,tutley
2025-12-17 15:25:54,2025-12-17 15:26:00,Ansys HPC,14,0.01,0.1,AEC,tutley
2025-12-17 15:25:44,2025-12-17 15:26:03,Ansys Mechanical Enterprise Solver,1,0.01,0.1,AEC,tutley
2025-12-17 15:10:48,2025-12-17 16:06:20,Ansys Zemax OpticStudio Enterprise,1,0.93,18.5,AEC,tutley
2025-12-17 16:06:41,2025-12-17 16:07:11,Ansys Zemax OpticStudio Enterprise,1,0.01,0.2,AEC,tutley
2025-12-17 15:19:38,2025-12-17 15:22:21,Ansys Discovery Enterprise,1,0.05,0.8,AEC,tutley
2025-12-17 16:09:10,2025-12-17 16:11:05,Ansys Discovery Enterprise,1,0.03,0.6,AEC,eduffield
2025-12-17 15:22:31,2025-12-17 15:22:58,Ansys Discovery Enterprise,1,0.01,0.1,AEC,tutley
2025-12-17 15:38:30,2025-12-17 16:12:09,Ansys Discovery Enterprise,1,0.56,10.1,AEC,tutley
2025-12-17 15:33:20,2025-12-17 15:34:52,Ansys Discovery Enterprise,1,0.03,0.5,AEC,tutley
2025-12-17 15:09:20,2025-12-17 16:13:14,Ansys Mechanical Enterprise PrepPost,1,1.06,14.9,AEC,tutley
2025-12-17 16:28:09,2025-12-17 16:28:55,Ansys Discovery Enterprise,1,0.01,0.2,AEC,tutley
2025-12-17 16:21:03,2025-12-17 16:21:24,Ansys Discovery Enterprise,1,0.01,0.1,AEC,tutley
2025-12-17 16:19:24,2025-12-17 16:20:36,Ansys Discovery Enterprise,1,0.02,0.4,AEC,tutley
2025-12-17 16:26:49,2025-12-17 16:28:03,Ansys Discovery Enterprise,1,0.02,0.4,AEC,tutley
2025-12-17 16:30:43,2025-12-17 16:30:49,Ansys HPC,14,0.01,0.1,AEC,tutley
2025-12-17 16:22:40,2025-12-17 16:22:58,Ansys Mechanical Enterprise Solver,1,0.01,0.1,AEC,tutley
2025-12-17 16:23:28,2025-12-17 16:23:47,Ansys Mechanical Enterprise Solver,1,0.01,0.1,AEC,tutley
2025-12-17 16:23:39,2025-12-17 16:23:44,Ansys HPC,14,0.01,0.1,AEC,tutley
2025-12-17 16:30:31,2025-12-17 16:30:51,Ansys Mechanical Enterprise Solver,1,0.01,0.2,AEC,tutley
2025-12-17 16:22:51,2025-12-17 16:22:55,Ansys HPC,14,0.01,0.1,AEC,tutley
2025-12-17 16:07:18,2025-12-17 16:38:43,Ansys Zemax OpticStudio Enterprise,1,0.52,10.5,AEC,tutley
2025-12-17 16:38:45,2025-12-17 16:46:39,Ansys Zemax OpticStudio Enterprise,1,0.13,2.6,AEC,tutley
2025-12-17 16:21:44,2025-12-17 16:40:00,Ansys Mechanical Enterprise PrepPost,1,0.3,4.3,AEC,tutley
2025-12-17 16:20:48,2025-12-17 16:21:29,Ansys Mechanical Enterprise PrepPost,1,0.01,0.2,AEC,tutley
2025-12-17 16:41:13,2025-12-17 16:46:32,Ansys Mechanical Enterprise PrepPost,1,0.09,1.2,AEC,tutley
2025-12-17 16:41:09,2025-12-17 16:53:13,Ansys CFD Enterprise Solver,1,0.2,5.6,AEC,eduffield
2025-12-17 16:58:08,2025-12-17 17:02:14,Ansys CFD Enterprise Solver,1,0.07,1.9,AEC,eduffield
2025-12-17 16:25:15,2025-12-17 16:25:50,Ansys CFD Enterprise Solver,1,0.01,0.3,AEC,eduffield
2025-12-17 16:53:26,2025-12-17 16:56:46,Ansys Discovery Enterprise,1,0.06,1.0,AEC,eduffield
2025-12-17 16:25:55,2025-12-17 16:38:55,Ansys Discovery Enterprise,1,0.22,3.9,AEC,eduffield
2025-12-17 16:57:01,2025-12-17 16:57:28,Ansys Discovery Enterprise,1,0.01,0.1,AEC,eduffield
2025-12-17 16:57:32,2025-12-17 16:57:48,Ansys Mechanical Enterprise PrepPost,1,0.01,0.1,AEC,eduffield
2025-12-17 16:39:44,2025-12-17 16:40:02,Ansys Mechanical Enterprise PrepPost,1,0.01,0.1,AEC,eduffield
2025-12-17 17:17:03,2025-12-17 17:17:20,Ansys Mechanical Enterprise PrepPost,1,0.01,0.1,AEC,eduffield
2025-12-17 16:39:01,2025-12-17 16:39:43,Ansys Mechanical Enterprise PrepPost,1,0.01,0.2,AEC,eduffield
2025-12-17 16:39:12,2025-12-17 16:39:41,Ansys Discovery Enterprise,1,0.01,0.1,AEC,eduffield
2025-12-17 17:02:19,2025-12-17 17:16:16,Ansys Discovery Enterprise,1,0.23,4.2,AEC,eduffield
2025-12-17 17:16:20,2025-12-17 17:17:01,Ansys Mechanical Enterprise PrepPost,1,0.01,0.2,AEC,eduffield
2025-12-17 17:16:32,2025-12-17 17:16:59,Ansys Discovery Enterprise,1,0.01,0.1,AEC,eduffield
2025-12-17 16:56:50,2025-12-17 16:57:30,Ansys Mechanical Enterprise PrepPost,1,0.01,0.2,AEC,eduffield
2025-12-17 16:56:35,2025-12-17 17:29:06,Ansys Zemax OpticStudio Enterprise,1,0.54,10.8,AEC,tutley
2025-12-17 17:31:52,2025-12-17 18:03:05,Ansys Zemax OpticStudio Enterprise,1,0.52,10.4,AEC,tutley
2025-12-17 18:03:55,2025-12-17 18:33:16,Ansys Discovery Enterprise,1,0.49,8.8,AEC,tutley
2025-12-17 18:52:11,2025-12-17 18:52:25,Ansys Zemax OpticStudio Enterprise,1,0.01,0.2,AEC,tutley
2025-12-17 18:59:38,2025-12-17 19:00:17,Ansys Discovery Enterprise,1,0.01,0.2,AEC,tutley
2025-12-17 18:56:05,2025-12-17 18:58:20,Ansys Discovery Enterprise,1,0.04,0.7,AEC,tutley
2025-12-17 18:54:37,2025-12-17 18:55:30,Ansys Discovery Enterprise,1,0.01,0.3,AEC,tutley
2025-12-17 19:11:08,2025-12-17 19:12:20,Ansys HPC,14,0.02,0.6,AEC,tutley
2025-12-17 19:54:05,2025-12-17 19:54:39,Ansys Mechanical Enterprise Solver,1,0.01,0.3,AEC,tutley
2025-12-17 19:43:22,2025-12-17 19:43:41,Ansys HPC,14,0.01,0.2,AEC,tutley
2025-12-17 19:49:59,2025-12-17 19:50:16,Ansys HPC,14,0.01,0.1,AEC,tutley
2025-12-17 19:54:46,2025-12-17 19:56:26,Ansys Mechanical Enterprise Solver,1,0.03,0.8,AEC,tutley
2025-12-17 19:50:26,2025-12-17 19:51:57,Ansys Mechanical Enterprise Solver,1,0.03,0.7,AEC,tutley
2025-12-17 20:00:10,2025-12-17 20:00:41,Ansys Mechanical Enterprise Solver,1,0.01,0.2,AEC,tutley
2025-12-17 19:33:50,2025-12-17 19:41:31,Ansys HPC,14,0.13,4.0,AEC,tutley
2025-12-17 19:07:51,2025-12-17 19:08:26,Ansys Mechanical Enterprise Solver,1,0.01,0.3,AEC,tutley
2025-12-17 19:44:04,2025-12-17 19:45:15,Ansys HPC,14,0.02,0.6,AEC,tutley
2025-12-17 20:00:48,2025-12-17 20:02:09,Ansys Mechanical Enterprise Solver,1,0.02,0.6,AEC,tutley
2025-12-17 19:49:46,2025-12-17 19:50:19,Ansys Mechanical Enterprise Solver,1,0.01,0.3,AEC,tutley
2025-12-17 19:43:05,2025-12-17 19:43:43,Ansys Mechanical Enterprise Solver,1,0.01,0.3,AEC,tutley
2025-12-17 19:54:17,2025-12-17 19:54:36,Ansys HPC,14,0.01,0.2,AEC,tutley
2025-12-17 19:33:37,2025-12-17 19:41:35,Ansys Mechanical Enterprise Solver,1,0.13,3.7,AEC,tutley
2025-12-17 19:32:51,2025-12-17 19:33:30,Ansys Mechanical Enterprise Solver,1,0.01,0.3,AEC,tutley
2025-12-17 19:10:57,2025-12-17 19:12:24,Ansys Mechanical Enterprise Solver,1,0.02,0.7,AEC,tutley
2025-12-17 19:08:06,2025-12-17 19:08:23,Ansys HPC,14,0.01,0.1,AEC,tutley
2025-12-17 20:01:02,2025-12-17 20:02:05,Ansys HPC,14,0.02,0.5,AEC,tutley
2025-12-17 19:50:40,2025-12-17 19:51:52,Ansys HPC,14,0.02,0.6,AEC,tutley
2025-12-17 19:33:03,2025-12-17 19:33:27,Ansys HPC,14,0.01,0.2,AEC,tutley
2025-12-17 19:01:14,2025-12-17 20:04:52,Ansys GRANTA Materials Data for Simulation,1,1.06,35.0,AEC,tutley
2025-12-17 20:00:22,2025-12-17 20:00:39,Ansys HPC,14,0.01,0.1,AEC,tutley
2025-12-17 19:09:30,2025-12-17 19:10:18,Ansys HPC,14,0.01,0.4,AEC,tutley
2025-12-17 19:55:07,2025-12-17 19:56:21,Ansys HPC,14,0.02,0.6,AEC,tutley
2025-12-17 19:43:50,2025-12-17 19:45:21,Ansys Mechanical Enterprise Solver,1,0.03,0.7,AEC,tutley
2025-12-17 19:09:17,2025-12-17 19:10:22,Ansys Mechanical Enterprise Solver,1,0.02,0.5,AEC,tutley
2025-12-17 18:54:20,2025-12-17 20:07:36,Ansys Mechanical Enterprise PrepPost,1,1.22,17.1,AEC,tutley
2025-12-17 20:11:03,2025-12-17 20:12:03,Ansys Mechanical Enterprise PrepPost,1,0.02,0.2,AEC,tutley
2025-12-17 19:27:24,2025-12-17 20:10:54,Ansys Zemax OpticStudio Enterprise,1,0.73,14.5,AEC,tutley
2025-12-17 21:35:57,2025-12-17 21:38:14,Ansys Discovery Enterprise,1,0.04,0.7,AEC,tutley
2025-12-17 21:38:42,2025-12-17 21:39:35,Ansys Discovery Enterprise,1,0.01,0.3,AEC,tutley
2025-12-17 21:42:23,2025-12-17 21:43:50,Ansys Mechanical Enterprise Solver,1,0.02,0.7,AEC,tutley
2025-12-17 21:40:36,2025-12-17 21:41:13,Ansys Mechanical Enterprise Solver,1,0.01,0.3,AEC,tutley
2025-12-17 21:40:48,2025-12-17 21:41:10,Ansys HPC,14,0.01,0.2,AEC,tutley
2025-12-17 21:42:37,2025-12-17 21:43:45,Ansys HPC,14,0.02,0.6,AEC,tutley
2025-12-17 21:40:10,2025-12-17 21:49:17,Ansys Mechanical Enterprise PrepPost,1,0.15,2.1,AEC,tutley
2025-12-17 21:38:30,2025-12-17 21:39:42,Ansys Mechanical Enterprise PrepPost,1,0.02,0.3,AEC,tutley
2025-12-17 21:52:09,2025-12-17 21:53:53,Ansys Discovery Enterprise,1,0.03,0.5,AEC,tutley
2025-12-17 21:54:19,2025-12-17 21:55:15,Ansys Discovery Enterprise,1,0.02,0.3,AEC,tutley
2025-12-17 21:56:16,2025-12-17 21:56:33,Ansys HPC,14,0.01,0.1,AEC,tutley
2025-12-17 22:05:53,2025-12-17 22:07:02,Ansys HPC,14,0.02,0.6,AEC,tutley
2025-12-17 21:57:06,2025-12-17 21:58:31,Ansys HPC,14,0.02,0.7,AEC,tutley
2025-12-17 22:05:36,2025-12-17 22:07:07,Ansys Mechanical Enterprise Solver,1,0.03,0.7,AEC,tutley
2025-12-17 21:56:04,2025-12-17 21:56:35,Ansys Mechanical Enterprise Solver,1,0.01,0.2,AEC,tutley
2025-12-17 22:05:03,2025-12-17 22:05:26,Ansys HPC,14,0.01,0.2,AEC,tutley
2025-12-17 21:56:45,2025-12-17 21:58:37,Ansys Mechanical Enterprise Solver,1,0.03,0.9,AEC,tutley
2025-12-17 22:04:43,2025-12-17 22:05:28,Ansys Mechanical Enterprise Solver,1,0.01,0.4,AEC,tutley
2025-12-17 21:55:39,2025-12-17 22:10:33,Ansys Mechanical Enterprise PrepPost,1,0.25,3.5,AEC,tutley
2025-12-17 21:54:02,2025-12-17 21:55:26,Ansys Mechanical Enterprise PrepPost,1,0.02,0.3,AEC,tutley
2025-12-17 22:29:52,2025-12-17 22:31:25,Ansys Mechanical Enterprise Solver,1,0.03,0.7,AEC,tutley
2025-12-17 22:29:10,2025-12-17 22:29:44,Ansys Mechanical Enterprise Solver,1,0.01,0.3,AEC,tutley
2025-12-17 22:30:09,2025-12-17 22:31:20,Ansys HPC,14,0.02,0.6,AEC,tutley
2025-12-17 22:29:22,2025-12-17 22:29:41,Ansys HPC,14,0.01,0.2,AEC,tutley
2025-12-17 22:28:16,2025-12-17 22:33:50,Ansys Mechanical Enterprise PrepPost,1,0.09,1.3,AEC,tutley
2025-12-17 21:38:24,2025-12-17 22:39:23,Ansys Zemax OpticStudio Enterprise,1,1.02,20.3,AEC,tutley
2025-12-18 12:14:44,2025-12-18 12:21:32,Ansys Zemax OpticStudio Enterprise,1,0.11,2.3,AEC,tutley
2025-12-22 16:33:04,2025-12-22 16:33:34,Ansys Discovery Enterprise,1,0.01,0.1,AEC,sgutteridge
2025-12-22 16:33:07,2025-12-22 16:33:31,Ansys BladeModeler,1,0.01,0.1,AEC,sgutteridge
2025-12-22 16:44:31,2025-12-22 16:46:49,Ansys Mechanical Enterprise PrepPost,1,0.04,0.5,AEC,sgutteridge
2025-12-22 16:42:19,2025-12-22 16:44:07,Ansys Mechanical Enterprise PrepPost,1,0.03,0.4,AEC,sgutteridge
2025-12-22 16:47:23,2025-12-22 16:49:44,Ansys Mechanical Enterprise PrepPost,1,0.04,0.5,AEC,sgutteridge
2025-12-23 13:12:26,2025-12-23 13:12:52,Ansys Discovery Enterprise,1,0.01,0.1,AEC,sgutteridge
2025-12-23 13:12:29,2025-12-23 13:12:50,Ansys BladeModeler,1,0.01,0.1,AEC,sgutteridge
2026-01-05 18:07:28,2026-01-05 18:09:59,Ansys Mechanical Enterprise PrepPost,1,0.04,0.6,AEC,sgutteridge
2026-01-08 14:54:02,2026-01-08 14:54:30,Ansys Discovery Enterprise,1,0.01,0.1,AEC,eduffield
2026-01-08 14:49:09,2026-01-08 14:52:45,Ansys Discovery Enterprise,1,0.06,1.1,AEC,eduffield
2026-01-08 14:53:35,2026-01-08 14:56:45,Ansys CFD PrepPost,1,0.05,0.7,AEC,eduffield
2026-01-08 14:56:47,2026-01-08 15:14:18,Ansys CFD Enterprise Solver,1,0.29,8.2,AEC,eduffield
2026-01-08 14:56:35,2026-01-08 14:56:40,Ansys CFD Enterprise Solver,1,0.01,0.1,AEC,eduffield
2026-01-08 15:25:52,2026-01-08 15:29:12,Ansys CFD PrepPost,1,0.06,0.8,AEC,eduffield
2026-01-08 15:23:02,2026-01-08 15:25:20,Ansys Discovery Enterprise,1,0.04,0.7,AEC,eduffield
2026-01-08 15:26:50,2026-01-08 15:27:19,Ansys Discovery Enterprise,1,0.01,0.1,AEC,eduffield
2026-01-08 15:29:00,2026-01-08 15:29:05,Ansys CFD Enterprise Solver,1,0.01,0.1,AEC,eduffield
2026-01-08 15:29:14,2026-01-08 15:43:15,Ansys CFD Enterprise Solver,1,0.23,6.5,AEC,eduffield
2026-01-08 18:21:19,2026-01-08 18:21:23,Ansys Geometry Interface for SolidWorks,1,0.01,0.1,AEC,sgutteridge
2026-01-08 18:28:30,2026-01-08 18:29:17,Ansys Mechanical Enterprise Solver,1,0.01,0.4,AEC,tutley
2026-01-08 18:28:06,2026-01-08 18:28:19,Ansys HPC,14,0.01,0.1,AEC,tutley
2026-01-08 18:14:31,2026-01-08 18:14:33,Ansys Geometry Interface for SolidWorks,1,0.01,0.1,AEC,sgutteridge
2026-01-08 18:20:04,2026-01-08 18:20:07,Ansys Geometry Interface for SolidWorks,1,0.01,0.1,AEC,sgutteridge
2026-01-08 18:27:51,2026-01-08 18:28:23,Ansys Mechanical Enterprise Solver,1,0.01,0.2,AEC,tutley
2026-01-08 18:28:43,2026-01-08 18:29:12,Ansys HPC,14,0.01,0.3,AEC,tutley
2026-01-08 18:17:28,2026-01-08 18:17:30,Ansys Geometry Interface for SolidWorks,1,0.01,0.1,AEC,sgutteridge
2026-01-08 18:27:12,2026-01-08 18:31:58,Ansys Mechanical Enterprise PrepPost,1,0.08,1.1,AEC,tutley
2026-01-08 18:39:39,2026-01-08 18:42:02,Ansys Discovery Enterprise,1,0.04,0.7,AEC,tutley
2026-01-08 18:43:12,2026-01-08 18:44:22,Ansys Discovery Enterprise,1,0.02,0.3,AEC,tutley
2026-01-08 18:38:29,2026-01-08 18:49:56,Ansys Mechanical Enterprise PrepPost,1,0.19,2.7,AEC,tutley
2026-01-08 18:46:52,2026-01-08 18:47:46,Ansys HPC,14,0.01,0.5,AEC,tutley
2026-01-08 18:50:29,2026-01-08 18:52:15,Ansys Mechanical Enterprise PrepPost,1,0.03,0.4,AEC,tutley
2026-01-08 18:46:39,2026-01-08 18:47:52,Ansys Mechanical Enterprise Solver,1,0.02,0.6,AEC,tutley
2026-01-08 18:46:18,2026-01-08 18:46:29,Ansys HPC,14,0.01,0.1,AEC,tutley
2026-01-08 18:46:07,2026-01-08 18:46:32,Ansys Mechanical Enterprise Solver,1,0.01,0.2,AEC,tutley
2026-01-08 18:31:34,2026-01-08 18:54:22,Ansys Zemax OpticStudio Enterprise,1,0.38,7.6,AEC,tutley
2026-01-08 19:11:29,2026-01-08 19:11:36,Ansys BladeModeler,1,0.01,0.1,AEC,sgutteridge
2026-01-08 18:13:24,2026-01-08 18:18:32,Ansys Discovery Enterprise,1,0.09,1.5,AEC,sgutteridge
2026-01-08 19:11:26,2026-01-08 19:11:36,Ansys Discovery Enterprise,1,0.01,0.1,AEC,sgutteridge
2026-01-08 18:13:27,2026-01-08 18:18:29,Ansys BladeModeler,1,0.08,0.2,AEC,sgutteridge
2026-01-08 18:27:29,2026-01-08 18:27:39,Ansys Discovery Enterprise,1,0.01,0.1,AEC,sgutteridge
2026-01-08 18:35:21,2026-01-08 19:10:48,Ansys CFD Enterprise Solver,1,0.59,16.5,AEC,sgutteridge
2026-01-08 18:19:46,2026-01-08 18:26:06,Ansys Discovery Enterprise,1,0.11,1.9,AEC,sgutteridge
2026-01-08 18:35:09,2026-01-08 18:35:14,Ansys CFD Enterprise Solver,1,0.01,0.1,AEC,sgutteridge
2026-01-08 18:19:48,2026-01-08 18:26:04,Ansys BladeModeler,1,0.1,0.2,AEC,sgutteridge
2026-01-08 18:27:31,2026-01-08 18:27:39,Ansys BladeModeler,1,0.01,0.1,AEC,sgutteridge
2026-01-08 19:43:54,2026-01-08 19:45:06,Ansys CFD PrepPost,1,0.02,0.3,AEC,sgutteridge
2026-01-08 18:26:52,2026-01-08 18:35:18,Ansys CFD PrepPost,1,0.14,2.0,AEC,sgutteridge
2026-01-08 19:27:19,2026-01-08 19:31:46,Ansys CFD PrepPost,1,0.07,1.0,AEC,sgutteridge
2026-01-08 19:42:34,2026-01-08 19:43:13,Ansys CFD PrepPost,1,0.01,0.2,AEC,sgutteridge
2026-01-08 19:40:47,2026-01-08 19:42:01,Ansys CFD PrepPost,1,0.02,0.3,AEC,sgutteridge
2026-01-08 19:19:22,2026-01-08 19:25:05,Ansys CFD PrepPost,1,0.1,1.3,AEC,sgutteridge
2026-01-08 19:50:34,2026-01-08 19:55:50,Ansys Mechanical Enterprise Solver,1,0.09,2.5,AEC,sgutteridge
2026-01-08 19:45:22,2026-01-08 19:50:18,Ansys CFD PrepPost,1,0.08,1.2,AEC,sgutteridge
2026-01-08 19:11:42,2026-01-08 19:11:50,Ansys CFD PrepPost,1,0.01,0.1,AEC,sgutteridge
2026-01-08 19:35:25,2026-01-08 19:39:56,Ansys CFD PrepPost,1,0.08,1.1,AEC,sgutteridge
2026-01-08 19:32:35,2026-01-08 19:33:05,Ansys Mechanical Enterprise Solver,1,0.01,0.2,AEC,sgutteridge
2026-01-08 19:11:06,2026-01-08 19:57:29,Ansys Mechanical Enterprise PrepPost,1,0.77,10.8,AEC,sgutteridge
2026-01-09 10:37:53,2026-01-09 10:37:57,Ansys Geometry Interface for SolidWorks,1,0.01,0.1,AEC,sgutteridge
2026-01-09 11:01:14,2026-01-09 11:06:29,Ansys CFD PrepPost,1,0.09,1.2,AEC,sgutteridge
2026-01-09 11:27:42,2026-01-09 11:29:08,Ansys BladeModeler,1,0.02,0.1,AEC,sgutteridge
2026-01-09 11:27:39,2026-01-09 11:29:08,Ansys Discovery Enterprise,1,0.03,0.4,AEC,sgutteridge
2026-01-09 11:01:52,2026-01-09 11:02:02,Ansys Discovery Enterprise,1,0.01,0.1,AEC,sgutteridge
2026-01-09 10:52:05,2026-01-09 11:00:35,Ansys BladeModeler,1,0.14,0.3,AEC,sgutteridge
2026-01-09 10:37:37,2026-01-09 10:43:52,Ansys Discovery Enterprise,1,0.1,1.9,AEC,sgutteridge
2026-01-09 10:37:40,2026-01-09 10:43:50,Ansys BladeModeler,1,0.1,0.2,AEC,sgutteridge
2026-01-09 11:01:54,2026-01-09 11:02:02,Ansys BladeModeler,1,0.01,0.1,AEC,sgutteridge
2026-01-09 10:52:03,2026-01-09 11:00:37,Ansys Discovery Enterprise,1,0.14,2.6,AEC,sgutteridge
2026-01-09 11:27:24,2026-01-09 11:45:56,Ansys Mechanical Enterprise PrepPost,1,0.31,4.3,AEC,sgutteridge
2026-01-09 11:39:26,2026-01-09 11:39:49,Ansys Mechanical Enterprise Solver,1,0.01,0.2,AEC,sgutteridge
2026-01-09 11:46:27,2026-01-09 11:54:30,Ansys CFD Enterprise Solver,1,0.13,3.8,AEC,sgutteridge
2026-01-09 11:06:19,2026-01-09 11:06:24,Ansys CFD Enterprise Solver,1,0.01,0.1,AEC,sgutteridge
2026-01-09 11:06:32,2026-01-09 11:24:06,Ansys CFD Enterprise Solver,1,0.29,8.2,AEC,sgutteridge
2026-01-09 13:39:18,2026-01-09 13:43:12,Ansys Zemax OpticStudio Enterprise,1,0.07,1.3,AEC,tutley
2026-01-09 13:52:47,2026-01-09 13:57:35,Ansys CFD Enterprise Solver,1,0.08,2.2,AEC,sgutteridge
2026-01-09 14:01:01,2026-01-09 14:01:08,Ansys BladeModeler,1,0.01,0.1,AEC,sgutteridge
2026-01-09 14:00:58,2026-01-09 14:01:08,Ansys Discovery Enterprise,1,0.01,0.1,AEC,sgutteridge
2026-01-09 13:58:01,2026-01-09 14:05:27,Ansys CFD PrepPost,1,0.12,1.7,AEC,sgutteridge
2026-01-09 16:31:50,2026-01-09 16:32:12,Ansys Mechanical Enterprise Solver,1,0.01,0.2,AEC,sgutteridge
2026-01-09 16:23:25,2026-01-09 16:23:49,Ansys Mechanical Enterprise Solver,1,0.01,0.2,AEC,sgutteridge
2026-01-09 15:45:46,2026-01-09 15:46:11,Ansys Mechanical Enterprise Solver,1,0.01,0.2,AEC,sgutteridge
2026-01-09 15:44:59,2026-01-09 15:48:53,Ansys Mechanical Enterprise PrepPost,1,0.07,0.9,AEC,sgutteridge
2026-01-09 16:19:45,2026-01-09 16:32:49,Ansys Mechanical Enterprise PrepPost,1,0.22,3.0,AEC,sgutteridge
2026-01-09 16:28:51,2026-01-09 16:29:13,Ansys Mechanical Enterprise Solver,1,0.01,0.2,AEC,sgutteridge
2026-01-09 16:32:57,2026-01-09 16:34:13,Ansys Mechanical Enterprise PrepPost,1,0.02,0.3,AEC,sgutteridge
2026-01-09 16:17:30,2026-01-09 16:17:39,Ansys Mechanical Enterprise PrepPost,1,0.01,0.1,AEC,sgutteridge
2026-01-09 16:18:08,2026-01-09 16:19:15,Ansys Mechanical Enterprise PrepPost,1,0.02,0.3,AEC,sgutteridge
2026-01-09 16:17:42,2026-01-09 16:17:52,Ansys Mechanical Enterprise PrepPost,1,0.01,0.1,AEC,sgutteridge
2026-01-09 15:50:20,2026-01-09 15:50:54,Ansys Discovery Enterprise,1,0.01,0.2,AEC,sgutteridge
2026-01-09 16:18:28,2026-01-09 16:18:36,Ansys BladeModeler,1,0.01,0.1,AEC,sgutteridge
2026-01-09 15:55:13,2026-01-09 15:55:18,Ansys CFD Enterprise Solver,1,0.01,0.1,AEC,sgutteridge
2026-01-09 15:55:26,2026-01-09 15:58:20,Ansys CFD Enterprise Solver,1,0.05,1.4,AEC,sgutteridge
2026-01-09 15:52:10,2026-01-09 15:52:19,Ansys BladeModeler,1,0.01,0.1,AEC,sgutteridge
2026-01-09 15:50:23,2026-01-09 15:50:52,Ansys BladeModeler,1,0.01,0.1,AEC,sgutteridge
2026-01-09 17:14:30,2026-01-09 17:17:28,Ansys CFD PrepPost,1,0.05,0.7,AEC,sgutteridge
2026-01-09 15:52:08,2026-01-09 15:52:19,Ansys Discovery Enterprise,1,0.01,0.1,AEC,sgutteridge
2026-01-09 15:59:51,2026-01-09 15:59:56,Ansys CFD Enterprise Solver,1,0.01,0.1,AEC,sgutteridge
2026-01-09 17:13:54,2026-01-09 17:14:01,Ansys Discovery Enterprise,1,0.01,0.1,AEC,sgutteridge
2026-01-09 16:20:01,2026-01-09 16:20:12,Ansys Discovery Enterprise,1,0.01,0.1,AEC,sgutteridge
2026-01-09 15:59:07,2026-01-09 16:00:02,Ansys CFD PrepPost,1,0.02,0.2,AEC,sgutteridge
2026-01-09 15:19:49,2026-01-09 15:19:53,Ansys CFD Enterprise Solver,1,0.01,0.1,AEC,sgutteridge
2026-01-09 16:18:25,2026-01-09 16:18:36,Ansys Discovery Enterprise,1,0.01,0.1,AEC,sgutteridge
2026-01-09 16:20:04,2026-01-09 16:20:12,Ansys BladeModeler,1,0.01,0.1,AEC,sgutteridge
2026-01-09 15:20:02,2026-01-09 15:44:18,Ansys CFD Enterprise Solver,1,0.4,11.3,AEC,sgutteridge
2026-01-09 17:14:58,2026-01-09 17:15:09,Ansys Discovery Enterprise,1,0.01,0.1,AEC,sgutteridge
2026-01-09 16:00:05,2026-01-09 16:15:54,Ansys CFD Enterprise Solver,1,0.26,7.4,AEC,sgutteridge
2026-01-09 17:15:01,2026-01-09 17:15:09,Ansys BladeModeler,1,0.01,0.1,AEC,sgutteridge
2026-01-09 17:13:57,2026-01-09 17:14:01,Ansys BladeModeler,1,0.01,0.1,AEC,sgutteridge
2026-01-09 15:51:40,2026-01-09 15:55:23,Ansys CFD PrepPost,1,0.06,0.9,AEC,sgutteridge
2026-01-09 17:17:18,2026-01-09 17:17:23,Ansys CFD Enterprise Solver,1,0.01,0.1,AEC,sgutteridge
2026-01-09 17:17:31,2026-01-09 17:24:39,Ansys CFD Enterprise Solver,1,0.12,3.3,AEC,sgutteridge
2026-01-09 15:18:04,2026-01-09 15:19:59,Ansys CFD PrepPost,1,0.03,0.4,AEC,sgutteridge
2026-01-13 18:48:28,2026-01-13 18:49:03,Ansys Mechanical Enterprise Solver,1,0.01,0.3,AEC,sgutteridge
2026-01-13 18:45:38,2026-01-13 18:57:14,Ansys Mechanical Enterprise PrepPost,1,0.19,2.7,AEC,sgutteridge
2026-01-13 19:25:33,2026-01-13 19:25:41,Ansys BladeModeler,1,0.01,0.1,AEC,sgutteridge
2026-01-13 19:18:45,2026-01-13 19:18:55,Ansys Discovery Enterprise,1,0.01,0.1,AEC,sgutteridge
2026-01-13 19:37:31,2026-01-13 19:37:39,Ansys BladeModeler,1,0.01,0.1,AEC,sgutteridge
2026-01-13 19:32:25,2026-01-13 19:32:33,Ansys BladeModeler,1,0.01,0.1,AEC,sgutteridge
2026-01-13 19:09:07,2026-01-13 19:09:16,Ansys BladeModeler,1,0.01,0.1,AEC,sgutteridge
2026-01-13 18:45:56,2026-01-13 18:46:06,Ansys Discovery Enterprise,1,0.01,0.1,AEC,sgutteridge
2026-01-13 19:32:22,2026-01-13 19:32:33,Ansys Discovery Enterprise,1,0.01,0.1,AEC,sgutteridge
2026-01-13 19:18:47,2026-01-13 19:18:55,Ansys BladeModeler,1,0.01,0.1,AEC,sgutteridge
2026-01-13 19:25:31,2026-01-13 19:25:41,Ansys Discovery Enterprise,1,0.01,0.1,AEC,sgutteridge
2026-01-13 19:37:29,2026-01-13 19:37:39,Ansys Discovery Enterprise,1,0.01,0.1,AEC,sgutteridge
2026-01-13 19:09:05,2026-01-13 19:09:16,Ansys Discovery Enterprise,1,0.01,0.1,AEC,sgutteridge
2026-01-13 18:45:59,2026-01-13 18:46:06,Ansys BladeModeler,1,0.01,0.1,AEC,sgutteridge
2026-01-13 19:15:30,2026-01-13 19:32:33,Ansys CFD PrepPost,1,0.28,4.0,AEC,sgutteridge
2026-01-13 19:03:41,2026-01-13 19:14:23,Ansys CFD PrepPost,1,0.18,2.5,AEC,sgutteridge
2026-01-13 19:32:33,2026-01-13 19:46:18,Ansys CFD PrepPost,1,0.23,3.2,AEC,sgutteridge
2026-01-13 18:58:19,2026-01-13 19:01:38,Ansys CFD PrepPost,1,0.06,0.8,AEC,sgutteridge
2026-01-13 18:03:53,2026-01-13 18:45:32,Ansys CFD Enterprise Solver,1,0.69,19.4,AEC,sgutteridge
2026-01-13 19:46:20,2026-01-13 20:19:53,Ansys CFD Enterprise Solver,1,0.56,15.7,AEC,sgutteridge
2026-01-13 19:46:06,2026-01-13 19:46:11,Ansys CFD Enterprise Solver,1,0.01,0.1,AEC,sgutteridge
2026-01-14 13:26:00,2026-01-14 13:26:24,Ansys CFD PrepPost,1,0.01,0.1,AEC,sgutteridge
2026-01-14 17:04:37,2026-01-14 17:07:35,Ansys CFD PrepPost,1,0.05,0.7,AEC,sgutteridge
2026-01-14 17:21:10,2026-01-14 17:21:49,Ansys CFD PrepPost,1,0.01,0.2,AEC,sgutteridge
2026-01-14 18:58:40,2026-01-14 19:01:25,Ansys CFD PrepPost,1,0.05,0.6,AEC,sgutteridge
2026-01-14 17:03:55,2026-01-14 17:04:26,Ansys CFD PrepPost,1,0.01,0.1,AEC,sgutteridge
2026-01-14 17:42:32,2026-01-14 17:43:03,Ansys CFD PrepPost,1,0.01,0.1,AEC,sgutteridge
2026-01-14 18:58:03,2026-01-14 18:58:30,Ansys CFD PrepPost,1,0.01,0.1,AEC,sgutteridge
2026-01-14 19:16:46,2026-01-14 19:19:47,Ansys CFD PrepPost,1,0.05,0.7,AEC,sgutteridge
2026-01-14 18:13:44,2026-01-14 18:18:32,Ansys CFD PrepPost,1,0.08,1.1,AEC,sgutteridge
2026-01-14 19:16:08,2026-01-14 19:16:36,Ansys CFD PrepPost,1,0.01,0.1,AEC,sgutteridge
2026-01-14 13:26:58,2026-01-14 13:44:30,Ansys CFD PrepPost,1,0.29,4.1,AEC,sgutteridge
2026-01-14 16:16:59,2026-01-14 16:17:34,Ansys CFD PrepPost,1,0.01,0.1,AEC,sgutteridge
2026-01-14 10:19:50,2026-01-14 10:37:36,Ansys CFD PrepPost,1,0.3,4.1,AEC,sgutteridge
2026-01-14 17:43:12,2026-01-14 17:46:21,Ansys CFD PrepPost,1,0.05,0.7,AEC,sgutteridge
2026-01-14 15:14:15,2026-01-14 15:17:22,Ansys CFD PrepPost,1,0.05,0.7,AEC,sgutteridge
2026-01-14 15:54:38,2026-01-14 15:57:55,Ansys CFD PrepPost,1,0.05,0.8,AEC,sgutteridge
2026-01-14 16:40:22,2026-01-14 16:40:52,Ansys CFD PrepPost,1,0.01,0.1,AEC,sgutteridge
2026-01-14 14:40:44,2026-01-14 14:43:43,Ansys CFD PrepPost,1,0.05,0.7,AEC,sgutteridge
2026-01-14 17:22:00,2026-01-14 17:25:03,Ansys CFD PrepPost,1,0.05,0.7,AEC,sgutteridge
2026-01-14 15:53:51,2026-01-14 15:54:28,Ansys CFD PrepPost,1,0.01,0.1,AEC,sgutteridge
2026-01-14 16:41:01,2026-01-14 16:43:52,Ansys CFD PrepPost,1,0.05,0.7,AEC,sgutteridge
2026-01-14 10:42:33,2026-01-14 10:43:43,Ansys CFD PrepPost,1,0.02,0.3,AEC,sgutteridge
2026-01-14 15:13:25,2026-01-14 15:14:05,Ansys CFD PrepPost,1,0.01,0.2,AEC,sgutteridge
2026-01-14 14:40:03,2026-01-14 14:40:34,Ansys CFD PrepPost,1,0.01,0.1,AEC,sgutteridge
2026-01-14 16:17:45,2026-01-14 16:21:04,Ansys CFD PrepPost,1,0.06,0.8,AEC,sgutteridge
2026-01-14 10:31:35,2026-01-14 10:31:44,Ansys BladeModeler,1,0.01,0.1,AEC,sgutteridge
2026-01-14 13:29:40,2026-01-14 13:29:48,Ansys BladeModeler,1,0.01,0.1,AEC,sgutteridge
2026-01-14 10:28:02,2026-01-14 10:28:10,Ansys BladeModeler,1,0.01,0.1,AEC,sgutteridge
2026-01-14 14:39:47,2026-01-14 14:55:49,Ansys BladeModeler,1,0.27,0.5,AEC,sgutteridge
2026-01-14 16:16:43,2026-01-14 16:34:55,Ansys BladeModeler,1,0.3,0.6,AEC,sgutteridge
2026-01-14 13:25:46,2026-01-14 13:26:26,Ansys BladeModeler,1,0.01,0.1,AEC,sgutteridge
2026-01-14 13:38:35,2026-01-14 13:38:43,Ansys BladeModeler,1,0.01,0.1,AEC,sgutteridge
2026-01-14 17:03:41,2026-01-14 17:18:37,Ansys BladeModeler,1,0.25,0.5,AEC,sgutteridge
2026-01-14 18:14:26,2026-01-14 18:14:34,Ansys BladeModeler,1,0.01,0.1,AEC,sgutteridge
2026-01-14 16:40:07,2026-01-14 16:55:44,Ansys BladeModeler,1,0.26,0.5,AEC,sgutteridge
2026-01-14 18:48:30,2026-01-14 18:48:38,Ansys BladeModeler,1,0.01,0.1,AEC,sgutteridge
2026-01-14 17:20:47,2026-01-14 17:38:11,Ansys BladeModeler,1,0.29,0.6,AEC,sgutteridge
2026-01-14 15:13:03,2026-01-14 15:29:37,Ansys BladeModeler,1,0.28,0.6,AEC,sgutteridge
2026-01-14 18:57:48,2026-01-14 19:12:22,Ansys BladeModeler,1,0.24,0.5,AEC,sgutteridge
2026-01-14 18:12:10,2026-01-14 18:13:03,Ansys BladeModeler,1,0.02,0.1,AEC,sgutteridge
2026-01-14 17:42:16,2026-01-14 17:58:55,Ansys BladeModeler,1,0.28,0.6,AEC,sgutteridge
2026-01-14 16:40:05,2026-01-14 16:55:44,Ansys Discovery Enterprise,1,0.26,4.7,AEC,sgutteridge
2026-01-14 19:15:53,2026-01-14 19:32:57,Ansys BladeModeler,1,0.28,0.6,AEC,sgutteridge
2026-01-14 10:27:59,2026-01-14 10:28:10,Ansys Discovery Enterprise,1,0.01,0.1,AEC,sgutteridge
2026-01-14 15:13:00,2026-01-14 15:29:37,Ansys Discovery Enterprise,1,0.28,5.0,AEC,sgutteridge
2026-01-14 15:53:34,2026-01-14 16:11:19,Ansys Discovery Enterprise,1,0.3,5.3,AEC,sgutteridge
2026-01-14 15:53:37,2026-01-14 16:11:19,Ansys BladeModeler,1,0.3,0.6,AEC,sgutteridge
2026-01-14 10:31:32,2026-01-14 10:31:44,Ansys Discovery Enterprise,1,0.01,0.1,AEC,sgutteridge
2026-01-14 13:29:37,2026-01-14 13:29:48,Ansys Discovery Enterprise,1,0.01,0.1,AEC,sgutteridge
2026-01-14 13:38:32,2026-01-14 13:38:43,Ansys Discovery Enterprise,1,0.01,0.1,AEC,sgutteridge
2026-01-14 13:25:43,2026-01-14 13:26:26,Ansys Discovery Enterprise,1,0.01,0.2,AEC,sgutteridge
2026-01-14 14:39:45,2026-01-14 14:55:49,Ansys Discovery Enterprise,1,0.27,4.8,AEC,sgutteridge
2026-01-14 17:42:14,2026-01-14 17:58:55,Ansys Discovery Enterprise,1,0.28,5.0,AEC,sgutteridge
2026-01-14 17:20:45,2026-01-14 17:38:11,Ansys Discovery Enterprise,1,0.29,5.2,AEC,sgutteridge
2026-01-14 18:12:07,2026-01-14 18:13:05,Ansys Discovery Enterprise,1,0.02,0.3,AEC,sgutteridge
2026-01-14 18:14:24,2026-01-14 18:14:34,Ansys Discovery Enterprise,1,0.01,0.1,AEC,sgutteridge
2026-01-14 19:15:50,2026-01-14 19:32:57,Ansys Discovery Enterprise,1,0.29,5.1,AEC,sgutteridge
2026-01-14 18:48:27,2026-01-14 18:48:38,Ansys Discovery Enterprise,1,0.01,0.1,AEC,sgutteridge
2026-01-14 18:57:46,2026-01-14 19:12:22,Ansys Discovery Enterprise,1,0.24,4.4,AEC,sgutteridge
2026-01-14 17:03:38,2026-01-14 17:18:37,Ansys Discovery Enterprise,1,0.25,4.5,AEC,sgutteridge
2026-01-14 16:16:40,2026-01-14 16:34:55,Ansys Discovery Enterprise,1,0.3,5.5,AEC,sgutteridge
2026-01-14 18:18:35,2026-01-14 18:47:59,Ansys CFD Enterprise Solver,1,0.49,13.7,AEC,sgutteridge
2026-01-14 16:21:17,2026-01-14 16:34:35,Ansys CFD Enterprise Solver,1,0.22,6.2,AEC,sgutteridge
2026-01-14 10:43:46,2026-01-14 12:31:18,Ansys CFD Enterprise Solver,1,1.79,50.2,AEC,sgutteridge
2026-01-14 10:43:33,2026-01-14 10:43:38,Ansys CFD Enterprise Solver,1,0.01,0.1,AEC,sgutteridge
2026-01-14 17:07:46,2026-01-14 17:18:20,Ansys CFD Enterprise Solver,1,0.18,4.9,AEC,sgutteridge
2026-01-14 18:18:22,2026-01-14 18:18:27,Ansys CFD Enterprise Solver,1,0.01,0.1,AEC,sgutteridge
2026-01-14 19:19:59,2026-01-14 19:32:41,Ansys CFD Enterprise Solver,1,0.21,5.9,AEC,sgutteridge
2026-01-14 16:44:05,2026-01-14 16:55:27,Ansys CFD Enterprise Solver,1,0.19,5.3,AEC,sgutteridge
2026-01-14 13:44:20,2026-01-14 13:44:25,Ansys CFD Enterprise Solver,1,0.01,0.1,AEC,sgutteridge
2026-01-14 13:44:33,2026-01-14 14:02:24,Ansys CFD Enterprise Solver,1,0.3,8.3,AEC,sgutteridge
2026-01-14 15:17:35,2026-01-14 15:29:02,Ansys CFD Enterprise Solver,1,0.19,5.3,AEC,sgutteridge
2026-01-14 15:35:48,2026-01-14 15:38:26,Ansys CFD Enterprise Solver,1,0.04,1.2,AEC,sgutteridge
2026-01-14 19:38:58,2026-01-14 19:49:24,Ansys CFD Enterprise Solver,1,0.17,4.9,AEC,sgutteridge
2026-01-14 14:43:56,2026-01-14 14:55:32,Ansys CFD Enterprise Solver,1,0.19,5.4,AEC,sgutteridge
2026-01-14 17:25:15,2026-01-14 17:37:54,Ansys CFD Enterprise Solver,1,0.21,5.9,AEC,sgutteridge
2026-01-14 10:37:25,2026-01-14 10:37:31,Ansys CFD Enterprise Solver,1,0.01,0.1,AEC,sgutteridge
2026-01-14 10:37:38,2026-01-14 10:41:22,Ansys CFD Enterprise Solver,1,0.06,1.7,AEC,sgutteridge
2026-01-14 17:46:34,2026-01-14 17:58:36,Ansys CFD Enterprise Solver,1,0.2,5.6,AEC,sgutteridge
2026-01-14 19:01:38,2026-01-14 19:12:07,Ansys CFD Enterprise Solver,1,0.17,4.9,AEC,sgutteridge
2026-01-14 12:50:49,2026-01-14 13:05:24,Ansys CFD Enterprise Solver,1,0.24,6.8,AEC,sgutteridge
2026-01-14 15:58:09,2026-01-14 16:11:00,Ansys CFD Enterprise Solver,1,0.21,6.0,AEC,sgutteridge
2026-01-14 14:56:13,2026-01-14 14:57:01,Ansys Mechanical Enterprise Solver,1,0.01,0.4,AEC,sgutteridge
2026-01-14 15:30:06,2026-01-14 15:30:54,Ansys Mechanical Enterprise Solver,1,0.01,0.4,AEC,sgutteridge
2026-01-14 14:36:08,2026-01-14 14:36:48,Ansys Mechanical Enterprise Solver,1,0.01,0.3,AEC,sgutteridge
2026-01-14 17:38:35,2026-01-14 17:39:26,Ansys Mechanical Enterprise Solver,1,0.01,0.4,AEC,sgutteridge
2026-01-14 14:19:00,2026-01-14 14:24:47,Ansys Mechanical Enterprise Solver,1,0.1,2.7,AEC,sgutteridge
2026-01-14 18:54:02,2026-01-14 18:54:45,Ansys Mechanical Enterprise Solver,1,0.01,0.3,AEC,sgutteridge
2026-01-14 19:33:22,2026-01-14 19:34:14,Ansys Mechanical Enterprise Solver,1,0.01,0.4,AEC,sgutteridge
2026-01-14 14:34:05,2026-01-14 14:34:20,Ansys Mechanical Enterprise Solver,1,0.01,0.1,AEC,sgutteridge
2026-01-14 16:35:21,2026-01-14 16:36:14,Ansys Mechanical Enterprise Solver,1,0.02,0.4,AEC,sgutteridge
2026-01-14 17:19:01,2026-01-14 17:19:58,Ansys Mechanical Enterprise Solver,1,0.02,0.4,AEC,sgutteridge
2026-01-14 20:00:00,2026-01-14 20:01:00,Ansys Mechanical Enterprise Solver,1,0.02,0.5,AEC,sgutteridge
2026-01-14 14:31:05,2026-01-14 14:31:24,Ansys Mechanical Enterprise Solver,1,0.01,0.1,AEC,sgutteridge
2026-01-14 14:33:18,2026-01-14 14:33:35,Ansys Mechanical Enterprise Solver,1,0.01,0.1,AEC,sgutteridge
2026-01-14 16:11:44,2026-01-14 16:12:37,Ansys Mechanical Enterprise Solver,1,0.01,0.4,AEC,sgutteridge
2026-01-14 14:05:00,2026-01-14 14:05:33,Ansys Mechanical Enterprise Solver,1,0.01,0.3,AEC,sgutteridge
2026-01-14 20:03:33,2026-01-14 20:04:42,Ansys Mechanical Enterprise Solver,1,0.02,0.5,AEC,sgutteridge
2026-01-14 14:28:52,2026-01-14 14:29:09,Ansys Mechanical Enterprise Solver,1,0.01,0.1,AEC,sgutteridge
2026-01-14 19:52:01,2026-01-14 19:58:06,Ansys Mechanical Enterprise Solver,1,0.1,2.8,AEC,sgutteridge
2026-01-14 13:05:48,2026-01-14 13:06:17,Ansys Mechanical Enterprise Solver,1,0.01,0.2,AEC,sgutteridge
2026-01-14 16:56:06,2026-01-14 16:56:56,Ansys Mechanical Enterprise Solver,1,0.01,0.4,AEC,sgutteridge
2026-01-14 12:33:09,2026-01-14 12:33:38,Ansys Mechanical Enterprise Solver,1,0.01,0.2,AEC,sgutteridge
2026-01-14 17:59:16,2026-01-14 18:00:09,Ansys Mechanical Enterprise Solver,1,0.01,0.4,AEC,sgutteridge
2026-01-14 19:12:46,2026-01-14 19:13:31,Ansys Mechanical Enterprise Solver,1,0.01,0.3,AEC,sgutteridge
2026-01-14 12:32:03,2026-01-14 12:36:12,Ansys Mechanical Enterprise PrepPost,1,0.07,1.0,AEC,sgutteridge
2026-01-14 15:45:28,2026-01-14 15:45:37,Ansys Mechanical Enterprise PrepPost,1,0.01,0.1,AEC,sgutteridge
2026-01-14 19:12:11,2026-01-14 19:13:35,Ansys Mechanical Enterprise PrepPost,1,0.02,0.3,AEC,sgutteridge
2026-01-14 14:55:37,2026-01-14 14:57:06,Ansys Mechanical Enterprise PrepPost,1,0.02,0.3,AEC,sgutteridge
2026-01-14 18:07:58,2026-01-14 18:08:07,Ansys Mechanical Enterprise PrepPost,1,0.01,0.1,AEC,sgutteridge
2026-01-14 19:49:35,2026-01-14 20:09:13,Ansys Mechanical Enterprise PrepPost,1,0.33,4.6,AEC,sgutteridge
2026-01-14 17:18:25,2026-01-14 17:20:03,Ansys Mechanical Enterprise PrepPost,1,0.03,0.4,AEC,sgutteridge
2026-01-14 19:36:29,2026-01-14 19:38:33,Ansys Mechanical Enterprise PrepPost,1,0.03,0.5,AEC,sgutteridge
2026-01-14 15:38:33,2026-01-14 15:45:19,Ansys Mechanical Enterprise PrepPost,1,0.11,1.6,AEC,sgutteridge
2026-01-14 18:07:19,2026-01-14 18:07:30,Ansys Mechanical Enterprise PrepPost,1,0.01,0.1,AEC,sgutteridge
2026-01-14 16:11:04,2026-01-14 16:12:43,Ansys Mechanical Enterprise PrepPost,1,0.03,0.4,AEC,sgutteridge
2026-01-14 17:37:59,2026-01-14 17:39:31,Ansys Mechanical Enterprise PrepPost,1,0.03,0.4,AEC,sgutteridge
2026-01-14 16:34:41,2026-01-14 16:36:19,Ansys Mechanical Enterprise PrepPost,1,0.03,0.4,AEC,sgutteridge
2026-01-14 12:46:34,2026-01-14 12:48:14,Ansys Mechanical Enterprise PrepPost,1,0.03,0.4,AEC,sgutteridge
2026-01-14 15:47:04,2026-01-14 15:52:32,Ansys Mechanical Enterprise PrepPost,1,0.09,1.3,AEC,sgutteridge
2026-01-14 14:02:34,2026-01-14 14:06:19,Ansys Mechanical Enterprise PrepPost,1,0.06,0.9,AEC,sgutteridge
2026-01-14 18:53:13,2026-01-14 18:56:31,Ansys Mechanical Enterprise PrepPost,1,0.06,0.8,AEC,sgutteridge
2026-01-14 18:48:12,2026-01-14 18:53:05,Ansys Mechanical Enterprise PrepPost,1,0.08,1.1,AEC,sgutteridge
2026-01-14 18:07:45,2026-01-14 18:07:56,Ansys Mechanical Enterprise PrepPost,1,0.01,0.1,AEC,sgutteridge
2026-01-14 18:07:32,2026-01-14 18:07:43,Ansys Mechanical Enterprise PrepPost,1,0.01,0.1,AEC,sgutteridge
2026-01-14 15:29:19,2026-01-14 15:30:58,Ansys Mechanical Enterprise PrepPost,1,0.03,0.4,AEC,sgutteridge
2026-01-14 19:32:46,2026-01-14 19:34:18,Ansys Mechanical Enterprise PrepPost,1,0.03,0.4,AEC,sgutteridge
2026-01-14 13:05:29,2026-01-14 13:06:21,Ansys Mechanical Enterprise PrepPost,1,0.01,0.2,AEC,sgutteridge
2026-01-14 16:55:32,2026-01-14 16:57:00,Ansys Mechanical Enterprise PrepPost,1,0.02,0.3,AEC,sgutteridge
2026-01-14 14:15:23,2026-01-14 14:39:04,Ansys Mechanical Enterprise PrepPost,1,0.4,5.5,AEC,sgutteridge
2026-01-14 17:58:42,2026-01-14 18:00:13,Ansys Mechanical Enterprise PrepPost,1,0.03,0.4,AEC,sgutteridge
2026-01-15 09:58:17,2026-01-15 10:07:26,Ansys Discovery Enterprise,1,0.15,2.7,AEC,prusello
2026-01-15 10:07:49,2026-01-15 10:13:57,Ansys Discovery Enterprise,1,0.1,1.8,AEC,prusello
2026-01-15 13:15:26,2026-01-15 13:15:39,Ansys Geometry Interface for SolidWorks,1,0.01,0.1,AEC,sgutteridge
2026-01-15 14:19:50,2026-01-15 14:19:57,Ansys Geometry Interface for SolidWorks,1,0.01,0.1,AEC,sgutteridge
2026-01-15 15:48:13,2026-01-15 15:48:43,Ansys Mechanical Enterprise Solver,1,0.01,0.2,AEC,sgutteridge
2026-01-15 15:42:11,2026-01-15 15:45:36,Ansys Mechanical Enterprise Solver,1,0.06,1.6,AEC,sgutteridge
2026-01-15 11:53:50,2026-01-15 11:55:06,Ansys Mechanical Enterprise Solver,1,0.02,0.6,AEC,sgutteridge
2026-01-15 15:17:20,2026-01-15 15:17:38,Ansys Mechanical Enterprise Solver,1,0.01,0.1,AEC,sgutteridge
2026-01-15 12:14:52,2026-01-15 12:16:08,Ansys Mechanical Enterprise Solver,1,0.02,0.6,AEC,sgutteridge
2026-01-15 11:12:14,2026-01-15 11:13:20,Ansys Mechanical Enterprise Solver,1,0.02,0.5,AEC,sgutteridge
2026-01-15 11:32:41,2026-01-15 11:34:01,Ansys Mechanical Enterprise Solver,1,0.02,0.6,AEC,sgutteridge
2026-01-15 11:53:08,2026-01-15 11:55:14,Ansys Mechanical Enterprise PrepPost,1,0.03,0.5,AEC,sgutteridge
2026-01-15 15:21:23,2026-01-15 15:21:32,Ansys Mechanical Enterprise PrepPost,1,0.01,0.1,AEC,sgutteridge
2026-01-15 16:35:36,2026-01-15 16:35:47,Ansys Mechanical Enterprise PrepPost,1,0.01,0.1,AEC,sgutteridge
2026-01-15 16:35:50,2026-01-15 16:36:00,Ansys Mechanical Enterprise PrepPost,1,0.01,0.1,AEC,sgutteridge
2026-01-15 11:11:31,2026-01-15 11:13:26,Ansys Mechanical Enterprise PrepPost,1,0.03,0.4,AEC,sgutteridge
2026-01-15 15:23:06,2026-01-15 15:26:58,Ansys Mechanical Enterprise PrepPost,1,0.06,0.9,AEC,sgutteridge
2026-01-15 15:35:30,2026-01-15 15:52:16,Ansys Mechanical Enterprise PrepPost,1,0.28,3.9,AEC,sgutteridge
2026-01-15 16:36:04,2026-01-15 16:36:12,Ansys Mechanical Enterprise PrepPost,1,0.01,0.1,AEC,sgutteridge
2026-01-15 16:35:22,2026-01-15 16:35:33,Ansys Mechanical Enterprise PrepPost,1,0.01,0.1,AEC,sgutteridge
2026-01-15 15:31:36,2026-01-15 15:33:24,Ansys Mechanical Enterprise PrepPost,1,0.03,0.4,AEC,sgutteridge
2026-01-15 15:00:57,2026-01-15 15:20:42,Ansys Mechanical Enterprise PrepPost,1,0.33,4.6,AEC,sgutteridge
2026-01-15 11:32:07,2026-01-15 11:34:07,Ansys Mechanical Enterprise PrepPost,1,0.03,0.5,AEC,sgutteridge
2026-01-15 12:14:08,2026-01-15 12:16:15,Ansys Mechanical Enterprise PrepPost,1,0.04,0.5,AEC,sgutteridge
2026-01-15 13:33:28,2026-01-15 13:33:39,Ansys Discovery Enterprise,1,0.01,0.1,AEC,sgutteridge
2026-01-15 12:52:53,2026-01-15 12:58:16,Ansys Discovery Enterprise,1,0.09,1.6,AEC,sgutteridge
2026-01-15 11:36:26,2026-01-15 11:53:20,Ansys Discovery Enterprise,1,0.28,5.1,AEC,sgutteridge
2026-01-15 11:15:49,2026-01-15 11:32:20,Ansys Discovery Enterprise,1,0.28,5.0,AEC,sgutteridge
2026-01-15 13:32:07,2026-01-15 13:32:32,Ansys Discovery Enterprise,1,0.01,0.1,AEC,sgutteridge
2026-01-15 13:00:56,2026-01-15 13:01:03,Ansys Discovery Enterprise,1,0.01,0.1,AEC,sgutteridge
2026-01-15 13:15:05,2026-01-15 13:23:00,Ansys Discovery Enterprise,1,0.13,2.4,AEC,sgutteridge
2026-01-15 10:55:38,2026-01-15 11:11:45,Ansys Discovery Enterprise,1,0.27,4.8,AEC,sgutteridge
2026-01-15 13:23:55,2026-01-15 13:24:07,Ansys Discovery Enterprise,1,0.01,0.1,AEC,sgutteridge
2026-01-15 11:56:52,2026-01-15 12:14:21,Ansys Discovery Enterprise,1,0.29,5.2,AEC,sgutteridge
2026-01-15 13:02:54,2026-01-15 13:03:05,Ansys Discovery Enterprise,1,0.01,0.1,AEC,sgutteridge
2026-01-15 14:18:47,2026-01-15 14:25:50,Ansys Discovery Enterprise,1,0.12,2.1,AEC,sgutteridge
2026-01-15 15:35:44,2026-01-15 15:36:00,Ansys Discovery Enterprise,1,0.01,0.1,AEC,sgutteridge
2026-01-15 15:01:16,2026-01-15 15:01:29,Ansys Discovery Enterprise,1,0.01,0.1,AEC,sgutteridge
2026-01-15 16:38:32,2026-01-15 16:38:43,Ansys Discovery Enterprise,1,0.01,0.1,AEC,sgutteridge
2026-01-15 14:27:08,2026-01-15 14:27:20,Ansys Discovery Enterprise,1,0.01,0.1,AEC,sgutteridge
2026-01-15 11:15:52,2026-01-15 11:32:20,Ansys BladeModeler,1,0.27,0.5,AEC,sgutteridge
2026-01-15 15:54:18,2026-01-15 15:54:29,Ansys Discovery Enterprise,1,0.01,0.1,AEC,sgutteridge
2026-01-15 13:00:59,2026-01-15 13:01:03,Ansys BladeModeler,1,0.01,0.1,AEC,sgutteridge
2026-01-15 10:55:41,2026-01-15 11:11:45,Ansys BladeModeler,1,0.27,0.5,AEC,sgutteridge
2026-01-15 11:56:55,2026-01-15 12:14:21,Ansys BladeModeler,1,0.29,0.6,AEC,sgutteridge
2026-01-15 16:42:52,2026-01-15 16:43:03,Ansys Discovery Enterprise,1,0.01,0.1,AEC,sgutteridge
2026-01-15 14:18:50,2026-01-15 14:25:48,Ansys BladeModeler,1,0.12,0.2,AEC,sgutteridge
2026-01-15 12:52:56,2026-01-15 12:58:13,Ansys BladeModeler,1,0.09,0.2,AEC,sgutteridge
2026-01-15 13:33:31,2026-01-15 13:33:39,Ansys BladeModeler,1,0.01,0.1,AEC,sgutteridge
2026-01-15 15:35:47,2026-01-15 15:36:00,Ansys BladeModeler,1,0.01,0.1,AEC,sgutteridge
2026-01-15 13:15:08,2026-01-15 13:22:57,Ansys BladeModeler,1,0.13,0.3,AEC,sgutteridge
2026-01-15 13:32:10,2026-01-15 13:32:30,Ansys BladeModeler,1,0.01,0.1,AEC,sgutteridge
2026-01-15 15:01:19,2026-01-15 15:01:29,Ansys BladeModeler,1,0.01,0.1,AEC,sgutteridge
2026-01-15 11:36:29,2026-01-15 11:53:20,Ansys BladeModeler,1,0.28,0.6,AEC,sgutteridge
2026-01-15 13:02:56,2026-01-15 13:03:05,Ansys BladeModeler,1,0.01,0.1,AEC,sgutteridge
2026-01-15 15:54:21,2026-01-15 15:54:29,Ansys BladeModeler,1,0.01,0.1,AEC,sgutteridge
2026-01-15 16:42:54,2026-01-15 16:43:03,Ansys BladeModeler,1,0.01,0.1,AEC,sgutteridge
2026-01-15 13:23:58,2026-01-15 13:24:07,Ansys BladeModeler,1,0.01,0.1,AEC,sgutteridge
2026-01-15 14:27:11,2026-01-15 14:27:20,Ansys BladeModeler,1,0.01,0.1,AEC,sgutteridge
2026-01-15 16:38:35,2026-01-15 16:38:43,Ansys BladeModeler,1,0.01,0.1,AEC,sgutteridge
2026-01-15 11:57:49,2026-01-15 12:00:44,Ansys CFD PrepPost,1,0.05,0.7,AEC,sgutteridge
2026-01-15 14:26:51,2026-01-15 14:32:33,Ansys CFD PrepPost,1,0.1,1.3,AEC,sgutteridge
2026-01-15 11:16:49,2026-01-15 11:19:49,Ansys CFD PrepPost,1,0.05,0.7,AEC,sgutteridge
2026-01-15 15:05:50,2026-01-15 15:09:53,Ansys CFD PrepPost,1,0.07,0.9,AEC,sgutteridge
2026-01-15 15:52:26,2026-01-15 15:58:05,Ansys CFD PrepPost,1,0.09,1.3,AEC,sgutteridge
2026-01-15 11:37:24,2026-01-15 11:40:22,Ansys CFD PrepPost,1,0.05,0.7,AEC,sgutteridge
2026-01-15 15:32:11,2026-01-15 15:32:31,Ansys CFD PrepPost,1,0.01,0.1,AEC,sgutteridge
2026-01-15 11:57:10,2026-01-15 11:57:40,Ansys CFD PrepPost,1,0.01,0.1,AEC,sgutteridge
2026-01-15 13:23:30,2026-01-15 13:31:58,Ansys CFD PrepPost,1,0.14,2.0,AEC,sgutteridge
2026-01-15 15:01:37,2026-01-15 15:01:58,Ansys CFD PrepPost,1,0.01,0.1,AEC,sgutteridge
2026-01-15 15:10:00,2026-01-15 15:16:28,Ansys CFD PrepPost,1,0.11,1.5,AEC,sgutteridge
2026-01-15 10:56:04,2026-01-15 10:56:41,Ansys CFD PrepPost,1,0.01,0.1,AEC,sgutteridge
2026-01-15 10:56:51,2026-01-15 10:59:51,Ansys CFD PrepPost,1,0.05,0.7,AEC,sgutteridge
2026-01-15 11:16:08,2026-01-15 11:16:39,Ansys CFD PrepPost,1,0.01,0.1,AEC,sgutteridge
2026-01-15 16:37:25,2026-01-15 16:44:20,Ansys CFD PrepPost,1,0.12,1.6,AEC,sgutteridge
2026-01-15 13:33:04,2026-01-15 13:35:01,Ansys CFD PrepPost,1,0.03,0.5,AEC,sgutteridge
2026-01-15 13:01:43,2026-01-15 13:07:28,Ansys CFD PrepPost,1,0.1,1.3,AEC,sgutteridge
2026-01-15 11:36:44,2026-01-15 11:37:15,Ansys CFD PrepPost,1,0.01,0.1,AEC,sgutteridge
2026-01-15 11:00:05,2026-01-15 11:11:26,Ansys CFD Enterprise Solver,1,0.19,5.3,AEC,sgutteridge
2026-01-15 16:44:10,2026-01-15 16:44:15,Ansys CFD Enterprise Solver,1,0.01,0.1,AEC,sgutteridge
2026-01-15 15:27:32,2026-01-15 15:28:44,Ansys CFD Enterprise Solver,1,0.02,0.6,AEC,sgutteridge
2026-01-15 15:57:54,2026-01-15 15:57:59,Ansys CFD Enterprise Solver,1,0.01,0.1,AEC,sgutteridge
2026-01-15 17:32:37,2026-01-15 17:34:03,Ansys CFD Enterprise Solver,1,0.02,0.7,AEC,sgutteridge
2026-01-15 14:32:35,2026-01-15 15:00:44,Ansys CFD Enterprise Solver,1,0.47,13.1,AEC,sgutteridge
2026-01-15 11:20:02,2026-01-15 11:32:03,Ansys CFD Enterprise Solver,1,0.2,5.6,AEC,sgutteridge
2026-01-15 16:44:23,2026-01-15 17:31:40,Ansys CFD Enterprise Solver,1,0.79,22.1,AEC,sgutteridge
2026-01-15 15:58:08,2026-01-15 16:34:35,Ansys CFD Enterprise Solver,1,0.61,17.0,AEC,sgutteridge
2026-01-15 12:00:57,2026-01-15 12:14:02,Ansys CFD Enterprise Solver,1,0.22,6.1,AEC,sgutteridge
2026-01-15 14:32:20,2026-01-15 14:32:26,Ansys CFD Enterprise Solver,1,0.01,0.1,AEC,sgutteridge
2026-01-15 11:40:35,2026-01-15 11:53:04,Ansys CFD Enterprise Solver,1,0.21,5.8,AEC,sgutteridge
2026-01-15 19:14:16,2026-01-15 19:14:34,Ansys CFD PrepPost,1,0.01,0.1,AEC,sgutteridge
2026-01-15 18:08:13,2026-01-15 18:08:31,Ansys CFD PrepPost,1,0.01,0.1,AEC,sgutteridge
2026-01-15 18:08:40,2026-01-15 18:10:43,Ansys CFD PrepPost,1,0.03,0.5,AEC,sgutteridge
2026-01-15 18:38:26,2026-01-15 18:40:44,Ansys CFD PrepPost,1,0.04,0.5,AEC,sgutteridge
2026-01-15 18:47:41,2026-01-15 18:47:59,Ansys CFD PrepPost,1,0.01,0.1,AEC,sgutteridge
2026-01-15 18:12:02,2026-01-15 18:12:19,Ansys CFD PrepPost,1,0.01,0.1,AEC,sgutteridge
2026-01-15 18:37:57,2026-01-15 18:38:15,Ansys CFD PrepPost,1,0.01,0.1,AEC,sgutteridge
2026-01-15 19:03:39,2026-01-15 19:05:48,Ansys CFD PrepPost,1,0.04,0.5,AEC,sgutteridge
2026-01-15 18:48:09,2026-01-15 18:50:11,Ansys CFD PrepPost,1,0.03,0.5,AEC,sgutteridge
2026-01-15 19:14:44,2026-01-15 19:16:48,Ansys CFD PrepPost,1,0.03,0.5,AEC,sgutteridge
2026-01-15 19:20:26,2026-01-15 19:20:44,Ansys CFD PrepPost,1,0.01,0.1,AEC,sgutteridge
2026-01-15 19:20:53,2026-01-15 19:22:52,Ansys CFD PrepPost,1,0.03,0.5,AEC,sgutteridge
2026-01-15 19:03:11,2026-01-15 19:03:30,Ansys CFD PrepPost,1,0.01,0.1,AEC,sgutteridge
2026-01-15 18:12:28,2026-01-15 18:14:31,Ansys CFD PrepPost,1,0.03,0.5,AEC,sgutteridge
2026-01-15 19:06:01,2026-01-15 19:12:47,Ansys CFD Enterprise Solver,1,0.11,3.2,AEC,sgutteridge
2026-01-15 18:10:54,2026-01-15 18:11:27,Ansys CFD Enterprise Solver,1,0.01,0.3,AEC,sgutteridge
2026-01-15 19:02:55,2026-01-15 19:13:03,Ansys BladeModeler,1,0.17,0.3,AEC,sgutteridge
2026-01-15 18:07:59,2026-01-15 18:11:32,Ansys BladeModeler,1,0.06,0.1,AEC,sgutteridge
2026-01-15 18:23:43,2026-01-15 18:24:24,Ansys BladeModeler,1,0.01,0.1,AEC,sgutteridge
2026-01-15 19:23:02,2026-01-15 19:29:31,Ansys CFD Enterprise Solver,1,0.11,3.0,AEC,sgutteridge
2026-01-15 18:24:53,2026-01-15 18:35:02,Ansys CFD Enterprise Solver,1,0.17,4.7,AEC,sgutteridge
2026-01-15 18:50:24,2026-01-15 18:57:13,Ansys CFD Enterprise Solver,1,0.11,3.2,AEC,sgutteridge
2026-01-15 18:01:41,2026-01-15 18:06:44,Ansys CFD Enterprise Solver,1,0.08,2.4,AEC,sgutteridge
2026-01-15 18:11:46,2026-01-15 18:15:22,Ansys Discovery Enterprise,1,0.06,1.1,AEC,sgutteridge
2026-01-15 19:20:12,2026-01-15 19:29:46,Ansys BladeModeler,1,0.16,0.3,AEC,sgutteridge
2026-01-15 18:07:56,2026-01-15 18:11:32,Ansys Discovery Enterprise,1,0.06,1.1,AEC,sgutteridge
2026-01-15 19:16:57,2026-01-15 19:18:49,Ansys CFD Enterprise Solver,1,0.03,0.9,AEC,sgutteridge
2026-01-15 19:14:01,2026-01-15 19:19:03,Ansys BladeModeler,1,0.08,0.2,AEC,sgutteridge
2026-01-15 18:11:49,2026-01-15 18:15:22,Ansys BladeModeler,1,0.06,0.1,AEC,sgutteridge
2026-01-15 18:40:57,2026-01-15 18:42:26,Ansys CFD Enterprise Solver,1,0.02,0.7,AEC,sgutteridge
2026-01-15 18:37:42,2026-01-15 18:42:43,Ansys BladeModeler,1,0.08,0.2,AEC,sgutteridge
2026-01-15 17:37:22,2026-01-15 18:00:10,Ansys CFD Enterprise Solver,1,0.38,10.6,AEC,sgutteridge
2026-01-15 18:14:45,2026-01-15 18:15:18,Ansys CFD Enterprise Solver,1,0.01,0.3,AEC,sgutteridge
2026-01-15 18:47:27,2026-01-15 18:57:30,Ansys BladeModeler,1,0.17,0.3,AEC,sgutteridge
2026-01-15 18:23:40,2026-01-15 18:24:26,Ansys Discovery Enterprise,1,0.01,0.2,AEC,sgutteridge
2026-01-15 19:13:58,2026-01-15 19:19:03,Ansys Discovery Enterprise,1,0.08,1.5,AEC,sgutteridge
2026-01-15 19:20:09,2026-01-15 19:29:46,Ansys Discovery Enterprise,1,0.16,2.9,AEC,sgutteridge
2026-01-15 18:37:40,2026-01-15 18:42:43,Ansys Discovery Enterprise,1,0.08,1.5,AEC,sgutteridge
2026-01-15 19:02:52,2026-01-15 19:13:03,Ansys Discovery Enterprise,1,0.17,3.1,AEC,sgutteridge
2026-01-15 18:47:24,2026-01-15 18:57:30,Ansys Discovery Enterprise,1,0.17,3.0,AEC,sgutteridge
2026-01-15 18:43:00,2026-01-15 18:43:27,Ansys Mechanical Enterprise Solver,1,0.01,0.2,AEC,sgutteridge
2026-01-15 18:36:09,2026-01-15 18:36:39,Ansys Mechanical Enterprise Solver,1,0.01,0.2,AEC,sgutteridge
2026-01-15 18:57:50,2026-01-15 18:58:18,Ansys Mechanical Enterprise Solver,1,0.01,0.2,AEC,sgutteridge
2026-01-15 19:30:04,2026-01-15 19:30:32,Ansys Mechanical Enterprise Solver,1,0.01,0.2,AEC,sgutteridge
2026-01-15 18:07:17,2026-01-15 18:07:47,Ansys Mechanical Enterprise Solver,1,0.01,0.2,AEC,sgutteridge
2026-01-15 19:13:21,2026-01-15 19:13:48,Ansys Mechanical Enterprise Solver,1,0.01,0.2,AEC,sgutteridge
2026-01-15 19:19:36,2026-01-15 19:20:01,Ansys Mechanical Enterprise Solver,1,0.01,0.2,AEC,sgutteridge
2026-01-15 19:37:10,2026-01-15 19:38:05,Ansys Mechanical Enterprise PrepPost,1,0.02,0.2,AEC,sgutteridge
2026-01-15 19:29:34,2026-01-15 19:30:36,Ansys Mechanical Enterprise PrepPost,1,0.02,0.2,AEC,sgutteridge
2026-01-15 18:57:18,2026-01-15 18:58:22,Ansys Mechanical Enterprise PrepPost,1,0.02,0.2,AEC,sgutteridge
2026-01-15 18:42:30,2026-01-15 18:43:32,Ansys Mechanical Enterprise PrepPost,1,0.02,0.2,AEC,sgutteridge
2026-01-15 19:32:13,2026-01-15 19:36:27,Ansys Mechanical Enterprise PrepPost,1,0.07,1.0,AEC,sgutteridge
2026-01-15 19:18:52,2026-01-15 19:20:06,Ansys Mechanical Enterprise PrepPost,1,0.02,0.3,AEC,sgutteridge
2026-01-15 18:06:50,2026-01-15 18:15:33,Ansys Mechanical Enterprise PrepPost,1,0.15,2.0,AEC,sgutteridge
2026-01-15 19:12:50,2026-01-15 19:13:53,Ansys Mechanical Enterprise PrepPost,1,0.02,0.2,AEC,sgutteridge
2026-01-15 18:44:29,2026-01-15 18:46:54,Ansys Mechanical Enterprise PrepPost,1,0.04,0.6,AEC,sgutteridge
2026-01-15 18:35:10,2026-01-15 18:37:26,Ansys Mechanical Enterprise PrepPost,1,0.04,0.5,AEC,sgutteridge
2026-01-16 10:29:45,2026-01-16 10:31:05,Ansys Mechanical Enterprise PrepPost,1,0.02,0.3,AEC,sgutteridge
2026-01-16 10:33:53,2026-01-16 10:37:29,Ansys BladeModeler,1,0.06,0.1,AEC,sgutteridge
2026-01-16 10:38:37,2026-01-16 10:38:47,Ansys Discovery Enterprise,1,0.01,0.1,AEC,sgutteridge
2026-01-16 10:33:50,2026-01-16 10:37:31,Ansys Discovery Enterprise,1,0.06,1.1,AEC,sgutteridge
2026-01-16 10:38:39,2026-01-16 10:38:47,Ansys BladeModeler,1,0.01,0.1,AEC,sgutteridge
2026-01-16 10:38:08,2026-01-16 10:42:22,Ansys CFD PrepPost,1,0.07,1.0,AEC,sgutteridge
2026-01-16 10:42:12,2026-01-16 10:42:17,Ansys CFD Enterprise Solver,1,0.01,0.1,AEC,sgutteridge
2026-01-16 10:42:24,2026-01-16 11:20:08,Ansys CFD Enterprise Solver,1,0.63,17.6,AEC,sgutteridge
2026-01-16 12:13:15,2026-01-16 12:13:43,Ansys Mechanical Enterprise Solver,1,0.01,0.2,AEC,sgutteridge
2026-01-16 11:33:56,2026-01-16 11:34:21,Ansys Mechanical Enterprise Solver,1,0.01,0.2,AEC,sgutteridge
2026-01-16 11:42:22,2026-01-16 11:42:49,Ansys Mechanical Enterprise Solver,1,0.01,0.2,AEC,sgutteridge
2026-01-16 12:20:41,2026-01-16 12:21:09,Ansys Mechanical Enterprise Solver,1,0.01,0.2,AEC,sgutteridge
2026-01-16 12:28:09,2026-01-16 12:28:35,Ansys Mechanical Enterprise Solver,1,0.01,0.2,AEC,sgutteridge
2026-01-16 12:05:03,2026-01-16 12:05:31,Ansys Mechanical Enterprise Solver,1,0.01,0.2,AEC,sgutteridge
2026-01-16 11:57:59,2026-01-16 11:58:27,Ansys Mechanical Enterprise Solver,1,0.01,0.2,AEC,sgutteridge
2026-01-16 12:04:31,2026-01-16 12:05:35,Ansys Mechanical Enterprise PrepPost,1,0.02,0.2,AEC,sgutteridge
2026-01-16 13:10:13,2026-01-16 13:10:24,Ansys Mechanical Enterprise PrepPost,1,0.01,0.1,AEC,sgutteridge
2026-01-16 11:26:51,2026-01-16 11:29:35,Ansys Mechanical Enterprise PrepPost,1,0.05,0.6,AEC,sgutteridge
2026-01-16 12:12:45,2026-01-16 12:13:48,Ansys Mechanical Enterprise PrepPost,1,0.02,0.2,AEC,sgutteridge
2026-01-16 13:10:40,2026-01-16 13:10:49,Ansys Mechanical Enterprise PrepPost,1,0.01,0.1,AEC,sgutteridge
2026-01-16 12:34:26,2026-01-16 12:42:13,Ansys Mechanical Enterprise PrepPost,1,0.13,1.8,AEC,sgutteridge
2026-01-16 11:33:18,2026-01-16 11:34:26,Ansys Mechanical Enterprise PrepPost,1,0.02,0.3,AEC,sgutteridge
2026-01-16 13:10:27,2026-01-16 13:10:37,Ansys Mechanical Enterprise PrepPost,1,0.01,0.1,AEC,sgutteridge
2026-01-16 12:19:43,2026-01-16 12:21:16,Ansys Mechanical Enterprise PrepPost,1,0.03,0.4,AEC,sgutteridge
2026-01-16 12:27:39,2026-01-16 12:28:40,Ansys Mechanical Enterprise PrepPost,1,0.02,0.2,AEC,sgutteridge
2026-01-16 11:57:29,2026-01-16 11:58:32,Ansys Mechanical Enterprise PrepPost,1,0.02,0.2,AEC,sgutteridge
2026-01-16 13:09:59,2026-01-16 13:10:10,Ansys Mechanical Enterprise PrepPost,1,0.01,0.1,AEC,sgutteridge
2026-01-16 11:41:50,2026-01-16 11:42:53,Ansys Mechanical Enterprise PrepPost,1,0.02,0.2,AEC,sgutteridge
2026-01-16 13:31:19,2026-01-16 13:31:29,Ansys Discovery Enterprise,1,0.01,0.1,AEC,sgutteridge
2026-01-16 11:36:32,2026-01-16 11:38:35,Ansys CFD PrepPost,1,0.03,0.5,AEC,sgutteridge
2026-01-16 12:21:55,2026-01-16 12:22:14,Ansys CFD PrepPost,1,0.01,0.1,AEC,sgutteridge
2026-01-16 13:20:21,2026-01-16 13:20:29,Ansys BladeModeler,1,0.01,0.1,AEC,sgutteridge
2026-01-16 11:52:59,2026-01-16 11:55:02,Ansys CFD PrepPost,1,0.03,0.5,AEC,sgutteridge
2026-01-16 12:14:57,2026-01-16 12:16:58,Ansys CFD PrepPost,1,0.03,0.5,AEC,sgutteridge
2026-01-16 11:36:05,2026-01-16 11:36:23,Ansys CFD PrepPost,1,0.01,0.1,AEC,sgutteridge
2026-01-16 11:59:31,2026-01-16 12:04:43,Ansys Discovery Enterprise,1,0.09,1.6,AEC,sgutteridge
2026-01-16 11:52:12,2026-01-16 11:57:41,Ansys Discovery Enterprise,1,0.09,1.6,AEC,sgutteridge
2026-01-16 11:59:49,2026-01-16 12:00:08,Ansys CFD PrepPost,1,0.01,0.1,AEC,sgutteridge
2026-01-16 12:22:23,2026-01-16 12:24:22,Ansys CFD PrepPost,1,0.03,0.5,AEC,sgutteridge
2026-01-16 12:00:17,2026-01-16 12:02:28,Ansys CFD PrepPost,1,0.04,0.5,AEC,sgutteridge
2026-01-16 12:07:26,2026-01-16 12:09:29,Ansys CFD PrepPost,1,0.03,0.5,AEC,sgutteridge
2026-01-16 11:35:50,2026-01-16 11:42:02,Ansys BladeModeler,1,0.1,0.2,AEC,sgutteridge
2026-01-16 13:18:26,2026-01-16 13:18:33,Ansys BladeModeler,1,0.01,0.1,AEC,sgutteridge
2026-01-16 12:14:10,2026-01-16 12:20:23,Ansys Discovery Enterprise,1,0.1,1.9,AEC,sgutteridge
2026-01-16 11:52:15,2026-01-16 11:57:41,Ansys BladeModeler,1,0.09,0.2,AEC,sgutteridge
2026-01-16 12:06:41,2026-01-16 12:12:57,Ansys Discovery Enterprise,1,0.1,1.9,AEC,sgutteridge
2026-01-16 13:12:24,2026-01-16 13:24:17,Ansys CFD PrepPost,1,0.2,2.8,AEC,sgutteridge
2026-01-16 12:21:37,2026-01-16 12:27:51,Ansys Discovery Enterprise,1,0.1,1.9,AEC,sgutteridge
2026-01-16 12:06:44,2026-01-16 12:12:57,Ansys BladeModeler,1,0.1,0.2,AEC,sgutteridge
2026-01-16 13:18:23,2026-01-16 13:18:33,Ansys Discovery Enterprise,1,0.01,0.1,AEC,sgutteridge
2026-01-16 11:52:31,2026-01-16 11:52:50,Ansys CFD PrepPost,1,0.01,0.1,AEC,sgutteridge
2026-01-16 11:35:47,2026-01-16 11:42:02,Ansys Discovery Enterprise,1,0.1,1.9,AEC,sgutteridge
2026-01-16 13:14:49,2026-01-16 13:14:58,Ansys BladeModeler,1,0.01,0.1,AEC,sgutteridge
2026-01-16 12:14:13,2026-01-16 12:20:23,Ansys BladeModeler,1,0.1,0.2,AEC,sgutteridge
2026-01-16 13:29:12,2026-01-16 13:34:51,Ansys CFD PrepPost,1,0.09,1.3,AEC,sgutteridge
2026-01-16 11:33:32,2026-01-16 11:33:40,Ansys BladeModeler,1,0.01,0.1,AEC,sgutteridge
2026-01-16 12:14:28,2026-01-16 12:14:47,Ansys CFD PrepPost,1,0.01,0.1,AEC,sgutteridge
2026-01-16 13:31:21,2026-01-16 13:31:29,Ansys BladeModeler,1,0.01,0.1,AEC,sgutteridge
2026-01-16 12:21:40,2026-01-16 12:27:51,Ansys BladeModeler,1,0.1,0.2,AEC,sgutteridge
2026-01-16 12:06:59,2026-01-16 12:07:17,Ansys CFD PrepPost,1,0.01,0.1,AEC,sgutteridge
2026-01-16 11:59:34,2026-01-16 12:04:43,Ansys BladeModeler,1,0.09,0.2,AEC,sgutteridge
2026-01-16 13:25:04,2026-01-16 13:28:22,Ansys CFD PrepPost,1,0.06,0.8,AEC,sgutteridge
2026-01-16 11:33:29,2026-01-16 11:33:40,Ansys Discovery Enterprise,1,0.01,0.1,AEC,sgutteridge
2026-01-16 13:14:47,2026-01-16 13:14:58,Ansys Discovery Enterprise,1,0.01,0.1,AEC,sgutteridge
2026-01-16 13:20:18,2026-01-16 13:20:29,Ansys Discovery Enterprise,1,0.01,0.1,AEC,sgutteridge
2026-01-16 11:30:21,2026-01-16 11:33:12,Ansys CFD Enterprise Solver,1,0.05,1.3,AEC,sgutteridge
2026-01-16 11:23:03,2026-01-16 11:26:18,Ansys CFD Enterprise Solver,1,0.05,1.5,AEC,sgutteridge
2026-01-16 11:38:48,2026-01-16 11:41:45,Ansys CFD Enterprise Solver,1,0.05,1.4,AEC,sgutteridge
2026-01-16 12:02:40,2026-01-16 12:04:26,Ansys CFD Enterprise Solver,1,0.03,0.8,AEC,sgutteridge
2026-01-16 12:17:11,2026-01-16 12:19:38,Ansys CFD Enterprise Solver,1,0.04,1.1,AEC,sgutteridge
2026-01-16 12:52:41,2026-01-16 12:56:09,Ansys CFD Enterprise Solver,1,0.06,1.6,AEC,sgutteridge
2026-01-16 12:09:42,2026-01-16 12:12:41,Ansys CFD Enterprise Solver,1,0.05,1.4,AEC,sgutteridge
2026-01-16 12:24:35,2026-01-16 12:27:34,Ansys CFD Enterprise Solver,1,0.05,1.4,AEC,sgutteridge
2026-01-16 12:57:30,2026-01-16 12:58:50,Ansys CFD Enterprise Solver,1,0.02,0.6,AEC,sgutteridge
2026-01-16 13:54:06,2026-01-16 13:56:54,Ansys CFD Enterprise Solver,1,0.05,1.3,AEC,sgutteridge
2026-01-16 13:34:42,2026-01-16 13:34:46,Ansys CFD Enterprise Solver,1,0.01,0.1,AEC,sgutteridge
2026-01-16 13:34:54,2026-01-16 13:53:19,Ansys CFD Enterprise Solver,1,0.31,8.6,AEC,sgutteridge
2026-01-16 12:46:10,2026-01-16 12:51:06,Ansys CFD Enterprise Solver,1,0.08,2.3,AEC,sgutteridge
2026-01-16 11:55:14,2026-01-16 11:57:24,Ansys CFD Enterprise Solver,1,0.04,1.0,AEC,sgutteridge
2026-01-16 16:52:16,2026-01-16 16:52:35,Ansys CFD PrepPost,1,0.01,0.1,AEC,sgutteridge
2026-01-16 17:43:57,2026-01-16 17:44:17,Ansys CFD PrepPost,1,0.01,0.1,AEC,sgutteridge
2026-01-16 16:52:44,2026-01-16 16:54:40,Ansys CFD PrepPost,1,0.03,0.5,AEC,sgutteridge
2026-01-16 15:29:28,2026-01-16 15:29:47,Ansys CFD PrepPost,1,0.01,0.1,AEC,sgutteridge
2026-01-16 15:38:59,2026-01-16 15:40:53,Ansys CFD PrepPost,1,0.03,0.4,AEC,sgutteridge
2026-01-16 16:22:59,2026-01-16 16:27:47,Ansys CFD PrepPost,1,0.08,1.1,AEC,sgutteridge
2026-01-16 17:09:45,2026-01-16 17:10:04,Ansys CFD PrepPost,1,0.01,0.1,AEC,sgutteridge
2026-01-16 15:47:19,2026-01-16 15:49:25,Ansys CFD PrepPost,1,0.04,0.5,AEC,sgutteridge
2026-01-16 15:37:24,2026-01-16 15:38:14,Ansys CFD PrepPost,1,0.01,0.2,AEC,sgutteridge
2026-01-16 15:21:44,2026-01-16 15:23:42,Ansys CFD PrepPost,1,0.03,0.5,AEC,sgutteridge
2026-01-16 15:55:57,2026-01-16 15:57:54,Ansys CFD PrepPost,1,0.03,0.5,AEC,sgutteridge
2026-01-16 17:10:13,2026-01-16 17:12:14,Ansys CFD PrepPost,1,0.03,0.5,AEC,sgutteridge
2026-01-16 15:21:16,2026-01-16 15:21:35,Ansys CFD PrepPost,1,0.01,0.1,AEC,sgutteridge
2026-01-16 17:04:26,2026-01-16 17:04:41,Ansys CFD PrepPost,1,0.01,0.1,AEC,sgutteridge
2026-01-16 15:46:49,2026-01-16 15:47:10,Ansys CFD PrepPost,1,0.01,0.1,AEC,sgutteridge
2026-01-16 15:13:18,2026-01-16 15:13:37,Ansys CFD PrepPost,1,0.01,0.1,AEC,sgutteridge
2026-01-16 15:55:28,2026-01-16 15:55:48,Ansys CFD PrepPost,1,0.01,0.1,AEC,sgutteridge
2026-01-16 15:29:56,2026-01-16 15:31:58,Ansys CFD PrepPost,1,0.03,0.5,AEC,sgutteridge
2026-01-16 15:13:47,2026-01-16 15:15:47,Ansys CFD PrepPost,1,0.03,0.5,AEC,sgutteridge
2026-01-16 17:44:26,2026-01-16 17:46:22,Ansys CFD PrepPost,1,0.03,0.5,AEC,sgutteridge
2026-01-16 15:41:03,2026-01-16 15:44:27,Ansys CFD Enterprise Solver,1,0.06,1.6,AEC,sgutteridge
2026-01-16 16:41:17,2026-01-16 16:43:17,Ansys CFD Enterprise Solver,1,0.03,0.9,AEC,sgutteridge
2026-01-16 17:12:26,2026-01-16 17:15:40,Ansys CFD Enterprise Solver,1,0.05,1.5,AEC,sgutteridge
2026-01-16 17:46:35,2026-01-16 17:50:08,Ansys CFD Enterprise Solver,1,0.06,1.7,AEC,sgutteridge
2026-01-16 15:58:03,2026-01-16 16:01:23,Ansys CFD Enterprise Solver,1,0.06,1.6,AEC,sgutteridge
2026-01-16 15:23:52,2026-01-16 15:27:12,Ansys CFD Enterprise Solver,1,0.06,1.6,AEC,sgutteridge
2026-01-16 15:37:10,2026-01-16 15:44:43,Ansys BladeModeler,1,0.13,0.3,AEC,sgutteridge
2026-01-16 15:37:07,2026-01-16 15:44:43,Ansys Discovery Enterprise,1,0.13,2.3,AEC,sgutteridge
2026-01-16 15:55:01,2026-01-16 16:01:43,Ansys Discovery Enterprise,1,0.11,2.0,AEC,sgutteridge
2026-01-16 17:04:02,2026-01-16 17:04:43,Ansys Discovery Enterprise,1,0.01,0.2,AEC,sgutteridge
2026-01-16 15:49:36,2026-01-16 15:53:16,Ansys Discovery Enterprise,1,0.06,1.1,AEC,sgutteridge
2026-01-16 15:29:13,2026-01-16 15:35:33,Ansys BladeModeler,1,0.11,0.2,AEC,sgutteridge
2026-01-16 15:55:04,2026-01-16 16:01:43,Ansys BladeModeler,1,0.11,0.2,AEC,sgutteridge
2026-01-16 16:46:03,2026-01-16 16:50:01,Ansys CFD Enterprise Solver,1,0.07,1.8,AEC,sgutteridge
2026-01-16 17:43:43,2026-01-16 17:50:24,Ansys BladeModeler,1,0.11,0.2,AEC,sgutteridge
2026-01-16 15:04:02,2026-01-16 15:05:16,Ansys CFD Enterprise Solver,1,0.02,0.6,AEC,sgutteridge
2026-01-16 15:49:36,2026-01-16 15:53:16,Ansys BladeModeler,1,0.06,0.1,AEC,sgutteridge
2026-01-16 17:10:31,2026-01-16 17:10:39,Ansys BladeModeler,1,0.01,0.1,AEC,sgutteridge
2026-01-16 16:27:49,2026-01-16 16:38:13,Ansys CFD Enterprise Solver,1,0.17,4.8,AEC,sgutteridge
2026-01-16 16:56:33,2026-01-16 17:02:01,Ansys CFD Enterprise Solver,1,0.09,2.5,AEC,sgutteridge
2026-01-16 15:15:59,2026-01-16 15:19:10,Ansys CFD Enterprise Solver,1,0.05,1.5,AEC,sgutteridge
2026-01-16 15:21:02,2026-01-16 15:27:27,Ansys BladeModeler,1,0.11,0.2,AEC,sgutteridge
2026-01-16 15:49:35,2026-01-16 15:53:02,Ansys CFD Enterprise Solver,1,0.06,1.6,AEC,sgutteridge
2026-01-16 16:51:58,2026-01-16 16:55:41,Ansys Discovery Enterprise,1,0.06,1.1,AEC,sgutteridge
2026-01-16 15:07:51,2026-01-16 15:11:07,Ansys CFD Enterprise Solver,1,0.05,1.5,AEC,sgutteridge
2026-01-16 14:59:31,2026-01-16 15:00:53,Ansys CFD Enterprise Solver,1,0.02,0.6,AEC,sgutteridge
2026-01-16 17:16:23,2026-01-16 17:26:20,Ansys CFD Enterprise Solver,1,0.17,4.6,AEC,sgutteridge
2026-01-16 16:27:37,2026-01-16 16:27:42,Ansys CFD Enterprise Solver,1,0.01,0.1,AEC,sgutteridge
2026-01-16 15:13:01,2026-01-16 15:19:13,Ansys Discovery Enterprise,1,0.1,1.9,AEC,sgutteridge
2026-01-16 16:54:51,2026-01-16 16:55:25,Ansys CFD Enterprise Solver,1,0.01,0.3,AEC,sgutteridge
2026-01-16 17:31:25,2026-01-16 17:31:34,Ansys BladeModeler,1,0.01,0.1,AEC,sgutteridge
2026-01-16 15:20:59,2026-01-16 15:27:27,Ansys Discovery Enterprise,1,0.11,1.9,AEC,sgutteridge
2026-01-16 16:25:08,2026-01-16 16:25:19,Ansys Discovery Enterprise,1,0.01,0.1,AEC,sgutteridge
2026-01-16 17:10:29,2026-01-16 17:10:39,Ansys Discovery Enterprise,1,0.01,0.1,AEC,sgutteridge
2026-01-16 16:25:11,2026-01-16 16:25:19,Ansys BladeModeler,1,0.01,0.1,AEC,sgutteridge
2026-01-16 15:46:32,2026-01-16 15:49:36,Ansys Discovery Enterprise,1,0.05,0.9,AEC,sgutteridge
2026-01-16 17:31:23,2026-01-16 17:31:34,Ansys Discovery Enterprise,1,0.01,0.1,AEC,sgutteridge
2026-01-16 17:05:53,2026-01-16 17:09:12,Ansys CFD Enterprise Solver,1,0.06,1.5,AEC,sgutteridge
2026-01-16 15:46:34,2026-01-16 15:49:36,Ansys BladeModeler,1,0.05,0.1,AEC,sgutteridge
2026-01-16 15:13:03,2026-01-16 15:19:13,Ansys BladeModeler,1,0.1,0.2,AEC,sgutteridge
2026-01-16 15:05:42,2026-01-16 15:07:30,Ansys CFD Enterprise Solver,1,0.03,0.8,AEC,sgutteridge
2026-01-16 17:43:41,2026-01-16 17:50:24,Ansys Discovery Enterprise,1,0.11,2.0,AEC,sgutteridge
2026-01-16 15:32:08,2026-01-16 15:35:19,Ansys CFD Enterprise Solver,1,0.05,1.5,AEC,sgutteridge
2026-01-16 16:52:01,2026-01-16 16:55:41,Ansys BladeModeler,1,0.06,0.1,AEC,sgutteridge
2026-01-16 17:04:05,2026-01-16 17:04:43,Ansys BladeModeler,1,0.01,0.1,AEC,sgutteridge
2026-01-16 17:27:53,2026-01-16 17:31:06,Ansys CFD Enterprise Solver,1,0.05,1.5,AEC,sgutteridge
2026-01-16 15:29:11,2026-01-16 15:35:33,Ansys Discovery Enterprise,1,0.11,1.9,AEC,sgutteridge
2026-01-16 15:35:56,2026-01-16 15:36:58,Ansys Mechanical Enterprise Solver,1,0.02,0.5,AEC,sgutteridge
2026-01-16 15:19:38,2026-01-16 15:20:50,Ansys Mechanical Enterprise Solver,1,0.02,0.6,AEC,sgutteridge
2026-01-16 15:11:45,2026-01-16 15:12:49,Ansys Mechanical Enterprise Solver,1,0.02,0.5,AEC,sgutteridge
2026-01-16 15:53:38,2026-01-16 15:54:52,Ansys Mechanical Enterprise Solver,1,0.02,0.6,AEC,sgutteridge
2026-01-16 15:45:07,2026-01-16 15:46:21,Ansys Mechanical Enterprise Solver,1,0.02,0.6,AEC,sgutteridge
2026-01-16 15:27:50,2026-01-16 15:29:02,Ansys Mechanical Enterprise Solver,1,0.02,0.6,AEC,sgutteridge
2026-01-16 16:50:30,2026-01-16 16:51:16,Ansys Mechanical Enterprise Solver,1,0.01,0.4,AEC,sgutteridge
2026-01-16 17:38:17,2026-01-16 17:39:04,Ansys Mechanical Enterprise Solver,1,0.01,0.4,AEC,sgutteridge
2026-01-16 17:51:05,2026-01-16 17:51:55,Ansys Mechanical Enterprise Solver,1,0.01,0.4,AEC,sgutteridge
2026-01-16 17:31:12,2026-01-16 17:32:45,Ansys Mechanical Enterprise PrepPost,1,0.03,0.4,AEC,sgutteridge
2026-01-16 15:27:15,2026-01-16 15:29:07,Ansys Mechanical Enterprise PrepPost,1,0.03,0.4,AEC,sgutteridge
2026-01-16 16:55:30,2026-01-16 16:55:53,Ansys Mechanical Enterprise PrepPost,1,0.01,0.1,AEC,sgutteridge
2026-01-16 16:01:31,2026-01-16 16:03:21,Ansys Mechanical Enterprise PrepPost,1,0.03,0.4,AEC,sgutteridge
2026-01-16 17:02:20,2026-01-16 17:03:30,Ansys Mechanical Enterprise PrepPost,1,0.02,0.3,AEC,sgutteridge
2026-01-16 17:50:13,2026-01-16 17:52:00,Ansys Mechanical Enterprise PrepPost,1,0.03,0.4,AEC,sgutteridge
2026-01-16 16:02:05,2026-01-16 16:03:15,Ansys Mechanical Enterprise Solver,1,0.02,0.5,AEC,sgutteridge
2026-01-16 15:35:22,2026-01-16 15:37:04,Ansys Mechanical Enterprise PrepPost,1,0.03,0.4,AEC,sgutteridge
2026-01-16 16:43:40,2026-01-16 16:44:25,Ansys Mechanical Enterprise Solver,1,0.01,0.4,AEC,sgutteridge
2026-01-16 17:31:50,2026-01-16 17:32:39,Ansys Mechanical Enterprise Solver,1,0.01,0.4,AEC,sgutteridge
2026-01-16 15:44:30,2026-01-16 15:46:28,Ansys Mechanical Enterprise PrepPost,1,0.03,0.5,AEC,sgutteridge
2026-01-16 16:38:28,2026-01-16 16:40:45,Ansys Mechanical Enterprise PrepPost,1,0.04,0.5,AEC,sgutteridge
2026-01-16 15:53:04,2026-01-16 15:54:58,Ansys Mechanical Enterprise PrepPost,1,0.03,0.4,AEC,sgutteridge
2026-01-16 15:11:12,2026-01-16 15:20:56,Ansys Mechanical Enterprise PrepPost,1,0.16,2.3,AEC,sgutteridge
2026-01-16 16:43:22,2026-01-16 16:44:30,Ansys Mechanical Enterprise PrepPost,1,0.02,0.3,AEC,sgutteridge
2026-01-16 16:50:10,2026-01-16 16:51:21,Ansys Mechanical Enterprise PrepPost,1,0.02,0.3,AEC,sgutteridge
2026-01-16 17:02:38,2026-01-16 17:03:25,Ansys Mechanical Enterprise Solver,1,0.01,0.4,AEC,sgutteridge
2026-01-16 15:00:59,2026-01-16 15:03:04,Ansys Mechanical Enterprise PrepPost,1,0.03,0.5,AEC,sgutteridge
2026-01-16 17:34:39,2026-01-16 17:43:18,Ansys Mechanical Enterprise PrepPost,1,0.14,2.0,AEC,sgutteridge
2026-01-16 20:16:29,2026-01-16 20:20:57,Ansys CFD PrepPost,1,0.07,1.0,AEC,sgutteridge
2026-01-16 20:15:47,2026-01-16 20:16:13,Ansys CFD PrepPost,1,0.01,0.1,AEC,sgutteridge
2026-01-16 18:54:03,2026-01-16 18:58:38,Ansys CFD PrepPost,1,0.08,1.1,AEC,sgutteridge
2026-01-16 20:38:34,2026-01-16 20:43:02,Ansys CFD PrepPost,1,0.07,1.0,AEC,sgutteridge
2026-01-16 19:45:14,2026-01-16 19:55:13,Ansys Discovery Enterprise,1,0.17,3.0,AEC,sgutteridge
2026-01-16 18:52:51,2026-01-16 19:02:41,Ansys BladeModeler,1,0.16,0.3,AEC,sgutteridge
2026-01-16 19:45:46,2026-01-16 19:46:20,Ansys CFD PrepPost,1,0.01,0.1,AEC,sgutteridge
2026-01-16 18:53:21,2026-01-16 18:53:47,Ansys CFD PrepPost,1,0.01,0.1,AEC,sgutteridge
2026-01-16 19:51:25,2026-01-16 19:54:54,Ansys CFD Enterprise Solver,1,0.06,1.6,AEC,sgutteridge
2026-01-16 20:27:46,2026-01-16 20:32:18,Ansys CFD PrepPost,1,0.08,1.1,AEC,sgutteridge
2026-01-16 20:26:38,2026-01-16 20:36:09,Ansys Discovery Enterprise,1,0.16,2.9,AEC,sgutteridge
2026-01-16 20:27:02,2026-01-16 20:27:29,Ansys CFD PrepPost,1,0.01,0.1,AEC,sgutteridge
2026-01-16 20:15:23,2026-01-16 20:25:13,Ansys BladeModeler,1,0.16,0.3,AEC,sgutteridge
2026-01-16 18:58:59,2026-01-16 19:02:22,Ansys CFD Enterprise Solver,1,0.06,1.6,AEC,sgutteridge
2026-01-16 20:37:28,2026-01-16 20:47:20,Ansys Discovery Enterprise,1,0.16,3.0,AEC,sgutteridge
2026-01-16 20:26:41,2026-01-16 20:36:09,Ansys BladeModeler,1,0.16,0.3,AEC,sgutteridge
2026-01-16 20:37:51,2026-01-16 20:38:17,Ansys CFD PrepPost,1,0.01,0.1,AEC,sgutteridge
2026-01-16 20:37:31,2026-01-16 20:47:20,Ansys BladeModeler,1,0.16,0.3,AEC,sgutteridge
2026-01-16 20:15:20,2026-01-16 20:25:13,Ansys Discovery Enterprise,1,0.16,3.0,AEC,sgutteridge
2026-01-16 19:45:18,2026-01-16 19:55:13,Ansys BladeModeler,1,0.17,0.3,AEC,sgutteridge
2026-01-16 19:46:35,2026-01-16 19:51:04,Ansys CFD PrepPost,1,0.07,1.0,AEC,sgutteridge
2026-01-16 18:52:49,2026-01-16 19:02:41,Ansys Discovery Enterprise,1,0.16,3.0,AEC,sgutteridge
2026-01-16 20:21:19,2026-01-16 20:24:55,Ansys CFD Enterprise Solver,1,0.06,1.7,AEC,sgutteridge
2026-01-16 20:32:35,2026-01-16 20:35:53,Ansys CFD Enterprise Solver,1,0.05,1.5,AEC,sgutteridge
2026-01-16 20:43:20,2026-01-16 20:47:02,Ansys CFD Enterprise Solver,1,0.06,1.7,AEC,sgutteridge
2026-01-16 19:02:28,2026-01-16 19:03:52,Ansys Mechanical Enterprise PrepPost,1,0.02,0.3,AEC,sgutteridge
2026-01-16 20:35:56,2026-01-16 20:37:22,Ansys Mechanical Enterprise PrepPost,1,0.02,0.3,AEC,sgutteridge
2026-01-16 20:36:28,2026-01-16 20:37:18,Ansys Mechanical Enterprise Solver,1,0.01,0.4,AEC,sgutteridge
2026-01-16 20:25:32,2026-01-16 20:26:26,Ansys Mechanical Enterprise Solver,1,0.01,0.4,AEC,sgutteridge
2026-01-16 20:47:37,2026-01-16 20:48:30,Ansys Mechanical Enterprise Solver,1,0.01,0.4,AEC,sgutteridge
2026-01-16 20:47:07,2026-01-16 20:48:34,Ansys Mechanical Enterprise PrepPost,1,0.02,0.3,AEC,sgutteridge
2026-01-16 19:55:01,2026-01-16 19:56:25,Ansys Mechanical Enterprise PrepPost,1,0.02,0.3,AEC,sgutteridge
2026-01-16 19:02:59,2026-01-16 19:03:47,Ansys Mechanical Enterprise Solver,1,0.01,0.4,AEC,sgutteridge
2026-01-16 20:07:34,2026-01-16 20:14:57,Ansys Mechanical Enterprise PrepPost,1,0.12,1.7,AEC,sgutteridge
2026-01-16 20:25:00,2026-01-16 20:26:31,Ansys Mechanical Enterprise PrepPost,1,0.03,0.4,AEC,sgutteridge
2026-01-16 19:55:32,2026-01-16 19:56:21,Ansys Mechanical Enterprise Solver,1,0.01,0.4,AEC,sgutteridge
2026-01-18 00:20:00,2026-01-18 00:24:26,Ansys CFD PrepPost,1,0.07,1.0,AEC,sgutteridge
2026-01-18 00:19:19,2026-01-18 00:19:45,Ansys CFD PrepPost,1,0.01,0.1,AEC,sgutteridge
2026-01-18 00:18:55,2026-01-18 00:28:28,Ansys Discovery Enterprise,1,0.16,2.9,AEC,sgutteridge
2026-01-18 00:18:58,2026-01-18 00:28:28,Ansys BladeModeler,1,0.16,0.3,AEC,sgutteridge
2026-01-18 00:11:53,2026-01-18 00:15:07,Ansys CFD Enterprise Solver,1,0.05,1.5,AEC,sgutteridge
2026-01-17 23:53:17,2026-01-18 00:11:15,Ansys CFD Enterprise Solver,1,0.3,8.4,AEC,sgutteridge
2026-01-18 00:24:47,2026-01-18 00:28:08,Ansys CFD Enterprise Solver,1,0.06,1.6,AEC,sgutteridge
2026-01-18 00:16:06,2026-01-18 00:17:02,Ansys Mechanical Enterprise Solver,1,0.02,0.4,AEC,sgutteridge
2026-01-18 00:28:45,2026-01-18 00:29:38,Ansys Mechanical Enterprise Solver,1,0.01,0.4,AEC,sgutteridge
2026-01-18 00:15:56,2026-01-18 00:17:07,Ansys Mechanical Enterprise PrepPost,1,0.02,0.3,AEC,sgutteridge
2026-01-18 00:15:13,2026-01-18 00:15:33,Ansys Mechanical Enterprise PrepPost,1,0.01,0.1,AEC,sgutteridge
2026-01-18 00:28:16,2026-01-18 00:29:44,Ansys Mechanical Enterprise PrepPost,1,0.02,0.3,AEC,sgutteridge
2026-01-19 16:45:58,2026-01-19 16:46:55,Ansys Mechanical Enterprise Solver,1,0.02,0.4,AEC,sgutteridge
2026-01-19 16:43:49,2026-01-19 16:44:44,Ansys Mechanical Enterprise Solver,1,0.02,0.4,AEC,sgutteridge
2026-01-19 16:38:10,2026-01-19 16:53:24,Ansys Mechanical Enterprise PrepPost,1,0.25,3.6,AEC,sgutteridge
2026-01-19 19:03:38,2026-01-19 19:03:48,Ansys Mechanical Enterprise Solver,1,0.01,0.1,AEC,sgutteridge
2026-01-19 19:04:00,2026-01-19 19:05:02,Ansys Mechanical Enterprise Solver,1,0.02,0.5,AEC,sgutteridge
2026-01-19 18:43:56,2026-01-19 18:52:24,Ansys CFD Enterprise Solver,1,0.14,4.0,AEC,sgutteridge
2026-01-19 18:57:50,2026-01-19 19:01:57,Ansys CFD Enterprise Solver,1,0.07,1.9,AEC,sgutteridge
2026-01-19 18:54:20,2026-01-19 18:57:19,Ansys CFD Enterprise Solver,1,0.05,1.4,AEC,sgutteridge
2026-01-19 19:02:08,2026-01-19 19:07:39,Ansys Mechanical Enterprise PrepPost,1,0.09,1.3,AEC,sgutteridge
2026-01-21 09:42:16,2026-01-21 10:42:37,Ansys Discovery Enterprise,1,1.01,18.1,AEC,prusello
2026-01-21 09:42:16,2026-01-21 10:46:07,Ansys Discovery Enterprise,1,1.06,19.2,AEC,prusello
2026-01-21 11:07:41,2026-01-21 11:08:20,Ansys BladeModeler,1,0.01,0.1,AEC,sgutteridge
2026-01-21 11:07:39,2026-01-21 11:08:22,Ansys Discovery Enterprise,1,0.01,0.2,AEC,sgutteridge
2026-01-21 13:21:54,2026-01-21 13:34:50,Ansys Discovery Enterprise,1,0.22,3.9,AEC,prusello
2025-03-11 11:40:47,2025-03-11 11:44:14,Ansys Discovery Simulation,1,0.06,0.9,AEC,nramioulle
2025-03-11 11:36:27,2025-03-11 11:40:44,Ansys Discovery Simulation,1,0.07,1.1,AEC,nramioulle
2025-03-11 11:44:32,2025-03-11 11:45:04,Ansys Discovery Simulation,1,0.01,0.1,AEC,nramioulle
2025-03-11 11:44:17,2025-03-11 12:35:37,Ansys Mechanical Enterprise PrepPost,1,0.86,11.1,AEC,nramioulle
2025-03-12 13:22:07,2025-03-12 13:29:23,Ansys Discovery Simulation,1,0.12,1.9,AEC,tutley
2025-03-13 16:21:17,2025-03-13 16:22:00,Ansys Discovery Simulation,1,0.01,0.2,AEC,nramioulle
2025-03-13 16:21:02,2025-03-13 16:26:23,Ansys Mechanical Enterprise PrepPost,1,0.09,1.2,AEC,nramioulle
2025-03-13 16:14:06,2025-03-13 16:14:54,Ansys Mechanical Enterprise PrepPost,1,0.01,0.2,AEC,nramioulle
2025-03-13 16:14:57,2025-03-13 16:21:00,Ansys Discovery Simulation,1,0.1,1.6,AEC,nramioulle
2025-03-13 20:03:19,2025-03-13 20:04:04,Ansys CFD PrepPost,1,0.01,0.2,AEC,nramioulle
2025-03-13 20:04:13,2025-03-13 20:05:06,Ansys CFD PrepPost,1,0.01,0.2,AEC,nramioulle
2025-03-13 20:32:07,2025-03-13 20:32:42,Ansys Discovery Simulation,1,0.01,0.2,AEC,nramioulle
2025-03-13 19:46:16,2025-03-13 19:46:25,Ansys Mechanical Enterprise PrepPost,1,0.01,0.1,AEC,nramioulle
2025-03-13 20:27:26,2025-03-13 20:28:07,Ansys Discovery Simulation,1,0.01,0.2,AEC,nramioulle
2025-03-13 20:29:11,2025-03-13 20:31:07,Ansys Discovery Simulation,1,0.03,0.5,AEC,nramioulle
2025-03-13 20:28:17,2025-03-13 20:29:03,Ansys Mechanical Enterprise PrepPost,1,0.01,0.2,AEC,nramioulle
2025-03-13 18:50:23,2025-03-13 18:50:34,Ansys Mechanical Enterprise PrepPost,1,0.01,0.1,AEC,nramioulle
2025-03-13 20:20:03,2025-03-13 20:24:10,Ansys Discovery Simulation,1,0.07,1.1,AEC,nramioulle
2025-03-13 18:16:13,2025-03-13 18:16:48,Ansys Discovery Simulation,1,0.01,0.2,AEC,nramioulle
2025-03-13 20:27:02,2025-03-13 20:27:23,Ansys Mechanical Enterprise PrepPost,1,0.01,0.1,AEC,nramioulle
2025-03-13 20:32:53,2025-03-13 20:33:23,Ansys Discovery Simulation,1,0.01,0.1,AEC,nramioulle
2025-03-13 20:18:58,2025-03-13 20:19:46,Ansys Discovery Simulation,1,0.01,0.2,AEC,nramioulle
2025-03-13 18:12:32,2025-03-13 18:15:55,Ansys Discovery Simulation,1,0.06,0.9,AEC,nramioulle
2025-03-13 20:24:13,2025-03-13 20:26:58,Ansys Mechanical Enterprise PrepPost,1,0.05,0.6,AEC,nramioulle
2025-03-13 20:40:21,2025-03-13 20:40:30,Ansys Mechanical Enterprise PrepPost,1,0.01,0.1,AEC,nramioulle
2025-03-13 19:46:27,2025-03-13 19:46:37,Ansys Mechanical Enterprise PrepPost,1,0.01,0.1,AEC,nramioulle
2025-03-13 19:42:50,2025-03-13 19:46:11,Ansys Mechanical Enterprise PrepPost,1,0.06,0.7,AEC,nramioulle
2025-03-13 19:10:54,2025-03-13 19:35:46,Ansys Discovery Simulation,1,0.41,6.6,AEC,nramioulle
2025-03-13 20:31:50,2025-03-13 20:36:07,Ansys Mechanical Enterprise PrepPost,1,0.07,0.9,AEC,nramioulle
2025-03-13 20:37:16,2025-03-13 20:40:13,Ansys Discovery Simulation,1,0.05,0.8,AEC,nramioulle
2025-03-13 20:40:52,2025-03-13 20:41:21,Ansys Discovery Simulation,1,0.01,0.1,AEC,nramioulle
2025-03-13 20:24:30,2025-03-13 20:25:00,Ansys Discovery Simulation,1,0.01,0.1,AEC,nramioulle
2025-03-13 19:43:10,2025-03-13 19:43:39,Ansys Discovery Simulation,1,0.01,0.1,AEC,nramioulle
2025-03-13 20:45:17,2025-03-13 20:45:26,Ansys Mechanical Enterprise PrepPost,1,0.01,0.1,AEC,nramioulle
2025-03-13 20:40:35,2025-03-13 20:45:06,Ansys Mechanical Enterprise PrepPost,1,0.08,1.0,AEC,nramioulle
2025-03-13 18:50:36,2025-03-13 18:50:48,Ansys Mechanical Enterprise PrepPost,1,0.01,0.1,AEC,nramioulle
2025-03-13 20:45:28,2025-03-13 20:45:38,Ansys Mechanical Enterprise PrepPost,1,0.01,0.1,AEC,nramioulle
2025-03-13 20:34:10,2025-03-13 20:34:42,Ansys Discovery Simulation,1,0.01,0.1,AEC,nramioulle
2025-03-13 18:15:57,2025-03-13 18:48:26,Ansys Mechanical Enterprise PrepPost,1,0.54,7.0,AEC,nramioulle
2025-03-13 20:36:10,2025-03-13 20:36:54,Ansys Discovery Simulation,1,0.01,0.2,AEC,nramioulle
2025-03-13 19:36:02,2025-03-13 19:42:45,Ansys Discovery Simulation,1,0.11,1.8,AEC,nramioulle
2025-03-13 19:46:47,2025-03-13 19:47:12,Ansys CFD Enterprise Solver,1,0.01,0.2,AEC,nramioulle
2025-03-13 18:51:59,2025-03-13 19:10:41,Ansys CFD Enterprise Solver,1,0.31,8.1,AEC,nramioulle
2025-03-13 18:48:49,2025-03-13 18:50:18,Ansys CFD Enterprise Solver,1,0.02,0.6,AEC,nramioulle
2025-03-13 19:47:55,2025-03-13 20:03:04,Ansys CFD Enterprise Solver,1,0.25,6.6,AEC,nramioulle
2025-03-13 20:05:20,2025-03-13 20:18:33,Ansys CFD Enterprise Solver,1,0.22,5.7,AEC,nramioulle
2025-03-13 20:46:38,2025-03-13 20:57:03,Ansys CFD Enterprise Solver,1,0.17,4.5,AEC,nramioulle
2025-03-14 09:59:52,2025-03-14 10:02:33,Ansys Discovery Simulation,1,0.04,0.7,AEC,nramioulle
2025-03-14 10:02:51,2025-03-14 10:03:18,Ansys Discovery Simulation,1,0.01,0.1,AEC,nramioulle
2025-03-14 10:09:28,2025-03-14 10:12:08,Ansys Discovery Simulation,1,0.04,0.7,AEC,nramioulle
2025-03-14 10:04:38,2025-03-14 10:04:47,Ansys Mechanical Enterprise PrepPost,1,0.01,0.1,AEC,nramioulle
2025-03-14 10:02:37,2025-03-14 10:04:36,Ansys Mechanical Enterprise PrepPost,1,0.03,0.4,AEC,nramioulle
2025-03-14 10:04:49,2025-03-14 10:04:59,Ansys Mechanical Enterprise PrepPost,1,0.01,0.1,AEC,nramioulle
2025-03-14 10:12:09,2025-03-14 10:26:27,Ansys CFD Enterprise Solver,1,0.24,6.2,AEC,nramioulle
2025-03-14 10:06:22,2025-03-14 10:09:26,Ansys CFD Enterprise Solver,1,0.05,1.3,AEC,nramioulle
2025-03-14 10:24:56,2025-03-14 10:26:27,Ansys HPC,4,0.03,0.4,AEC,nramioulle
2025-03-14 10:28:21,2025-03-14 10:36:07,Ansys CFD Enterprise Solver,1,0.13,3.4,AEC,nramioulle
2025-03-14 10:36:26,2025-03-14 10:49:28,Ansys CFD Enterprise Solver,1,0.22,5.6,AEC,nramioulle
2025-03-14 12:20:01,2025-03-14 12:20:37,Ansys Discovery Simulation,1,0.01,0.2,AEC,nramioulle
2025-03-14 12:08:28,2025-03-14 12:12:34,Ansys Discovery Simulation,1,0.07,1.1,AEC,nramioulle
2025-03-14 12:16:38,2025-03-14 12:19:40,Ansys Discovery Simulation,1,0.05,0.8,AEC,nramioulle
2025-03-14 12:12:43,2025-03-14 12:16:22,Ansys Discovery Simulation,1,0.06,1.0,AEC,nramioulle
2025-03-14 12:19:45,2025-03-14 13:33:03,Ansys Mechanical Enterprise PrepPost,1,1.22,15.9,AEC,nramioulle
2025-03-17 15:05:04,2025-03-17 15:07:11,Ansys Discovery Simulation,1,0.04,0.6,AEC,nramioulle
2025-03-17 15:07:28,2025-03-17 15:08:04,Ansys Discovery Simulation,1,0.01,0.2,AEC,nramioulle
2025-03-17 15:21:43,2025-03-17 15:22:19,Ansys Discovery Simulation,1,0.01,0.2,AEC,nramioulle
2025-03-17 15:13:36,2025-03-17 15:21:20,Ansys Discovery Simulation,1,0.13,2.1,AEC,nramioulle
2025-03-17 15:21:26,2025-03-17 16:09:35,Ansys Mechanical Enterprise PrepPost,1,0.8,10.4,AEC,nramioulle
2025-03-17 15:07:13,2025-03-17 15:13:29,Ansys Mechanical Enterprise PrepPost,1,0.1,1.4,AEC,nramioulle
2025-03-18 13:01:26,2025-03-18 13:01:57,Ansys Discovery Simulation,1,0.01,0.1,AEC,nramioulle
2025-03-18 12:58:08,2025-03-18 13:01:17,Ansys Discovery Simulation,1,0.05,0.8,AEC,nramioulle
2025-03-18 13:28:03,2025-03-18 13:28:34,Ansys Discovery Simulation,1,0.01,0.1,AEC,nramioulle
2025-03-18 13:26:47,2025-03-18 13:27:07,Ansys Discovery Simulation,1,0.01,0.1,AEC,nramioulle
2025-03-18 13:23:04,2025-03-18 13:26:35,Ansys Discovery Simulation,1,0.06,0.9,AEC,nramioulle
2025-03-18 13:03:08,2025-03-18 13:19:27,Ansys Discovery Simulation,1,0.27,4.4,AEC,nramioulle
2025-03-18 13:01:18,2025-03-18 13:03:02,Ansys Mechanical Enterprise PrepPost,1,0.03,0.4,AEC,nramioulle
2025-03-18 13:27:56,2025-03-18 13:29:01,Ansys Mechanical Enterprise PrepPost,1,0.02,0.2,AEC,nramioulle
2025-03-18 13:26:40,2025-03-18 13:27:45,Ansys Mechanical Enterprise PrepPost,1,0.02,0.2,AEC,nramioulle
2025-03-18 14:08:45,2025-03-18 14:15:45,Ansys Discovery Simulation,1,0.12,1.9,AEC,nramioulle
2025-03-18 13:39:09,2025-03-18 13:49:34,Ansys Discovery Simulation,1,0.17,2.8,AEC,nramioulle
2025-03-18 13:34:34,2025-03-18 13:36:53,Ansys Discovery Simulation,1,0.04,0.6,AEC,nramioulle
2025-03-18 14:16:37,2025-03-18 14:17:20,Ansys Discovery Simulation,1,0.01,0.2,AEC,nramioulle
2025-03-18 13:50:48,2025-03-18 14:04:36,Ansys Discovery Simulation,1,0.23,3.7,AEC,nramioulle
2025-03-18 14:20:12,2025-03-18 14:21:52,Ansys Discovery Simulation,1,0.03,0.4,AEC,nramioulle
2025-03-18 13:37:08,2025-03-18 13:38:09,Ansys Discovery Simulation,1,0.02,0.3,AEC,nramioulle
2025-03-18 14:16:30,2025-03-18 14:17:43,Ansys Mechanical Enterprise PrepPost,1,0.02,0.3,AEC,nramioulle
2025-03-18 14:20:05,2025-03-18 14:23:22,Ansys Mechanical Enterprise PrepPost,1,0.06,0.7,AEC,nramioulle
2025-03-18 13:37:01,2025-03-18 13:38:40,Ansys Mechanical Enterprise PrepPost,1,0.03,0.4,AEC,nramioulle
2025-03-18 14:34:43,2025-03-18 14:35:20,Ansys Discovery Simulation,1,0.01,0.2,AEC,nramioulle
2025-03-18 14:47:13,2025-03-18 14:48:12,Ansys Mechanical Enterprise PrepPost,1,0.02,0.2,AEC,nramioulle
2025-03-18 14:34:35,2025-03-18 14:35:28,Ansys Mechanical Enterprise PrepPost,1,0.01,0.2,AEC,nramioulle
2025-03-18 14:47:20,2025-03-18 14:47:50,Ansys Discovery Simulation,1,0.01,0.1,AEC,nramioulle
2025-03-18 14:38:39,2025-03-18 14:46:36,Ansys Discovery Simulation,1,0.13,2.1,AEC,nramioulle
2025-03-18 14:48:58,2025-03-18 14:54:36,Ansys Discovery Simulation,1,0.09,1.5,AEC,nramioulle
2025-03-18 14:59:05,2025-03-18 14:59:39,Ansys Discovery Simulation,1,0.01,0.2,AEC,nramioulle
2025-03-18 14:55:01,2025-03-18 14:55:32,Ansys Discovery Simulation,1,0.01,0.1,AEC,nramioulle
2025-03-18 14:58:59,2025-03-18 15:00:14,Ansys Mechanical Enterprise PrepPost,1,0.02,0.3,AEC,nramioulle
2025-03-18 14:54:45,2025-03-18 14:58:49,Ansys Mechanical Enterprise PrepPost,1,0.07,0.9,AEC,nramioulle
2025-03-19 12:53:15,2025-03-19 13:21:56,Ansys Mechanical Enterprise Solver,1,0.48,11.9,AEC,atglassman
2025-03-19 12:47:06,2025-03-19 13:55:25,Ansys Mechanical Enterprise PrepPost,1,1.14,14.8,AEC,atglassman
2025-03-19 14:35:13,2025-03-19 14:36:05,Ansys Mechanical Enterprise PrepPost,1,0.01,0.2,AEC,nramioulle
2025-03-19 14:36:14,2025-03-19 14:48:11,Ansys Discovery Simulation,1,0.2,3.2,AEC,nramioulle
2025-03-19 14:26:45,2025-03-19 14:34:55,Ansys Discovery Simulation,1,0.14,2.2,AEC,nramioulle
2025-03-19 14:35:20,2025-03-19 14:35:45,Ansys Discovery Simulation,1,0.01,0.1,AEC,nramioulle
2025-03-19 15:27:33,2025-03-19 15:33:42,Ansys Mechanical Enterprise PrepPost,1,0.1,1.3,AEC,nramioulle
2025-03-19 15:07:28,2025-03-19 15:08:38,Ansys Mechanical Enterprise PrepPost,1,0.02,0.3,AEC,nramioulle
2025-03-19 14:58:36,2025-03-19 15:03:41,Ansys Mechanical Enterprise PrepPost,1,0.08,1.1,AEC,nramioulle
2025-03-19 15:35:11,2025-03-19 15:49:34,Ansys Mechanical Enterprise PrepPost,1,0.24,3.1,AEC,nramioulle
2025-03-19 15:04:31,2025-03-19 15:07:24,Ansys Discovery Simulation,1,0.05,0.8,AEC,nramioulle
2025-03-19 14:50:13,2025-03-19 14:58:28,Ansys Discovery Simulation,1,0.14,2.2,AEC,nramioulle
2025-03-19 15:27:50,2025-03-19 15:30:43,Ansys Discovery Simulation,1,0.05,0.8,AEC,nramioulle
2025-03-19 14:49:30,2025-03-19 14:50:01,Ansys Discovery Simulation,1,0.01,0.1,AEC,nramioulle
2025-03-19 15:35:19,2025-03-19 15:35:44,Ansys Discovery Simulation,1,0.01,0.1,AEC,nramioulle
2025-03-19 14:58:44,2025-03-19 14:59:08,Ansys Discovery Simulation,1,0.01,0.1,AEC,nramioulle
2025-03-19 15:33:48,2025-03-19 15:35:08,Ansys Discovery Simulation,1,0.02,0.4,AEC,nramioulle
2025-03-19 15:07:38,2025-03-19 15:08:10,Ansys Discovery Simulation,1,0.01,0.1,AEC,nramioulle
2025-03-19 15:08:51,2025-03-19 15:27:32,Ansys Discovery Simulation,1,0.31,5.0,AEC,nramioulle
2025-03-19 15:50:17,2025-03-19 16:19:54,Ansys Discovery Simulation,1,0.49,7.9,AEC,nramioulle
2025-03-20 12:35:26,2025-03-20 12:36:25,Ansys Mechanical Enterprise PrepPost,1,0.02,0.2,AEC,atglassman
2025-03-20 14:29:25,2025-03-20 14:30:14,Ansys Mechanical Enterprise PrepPost,1,0.01,0.2,AEC,atglassman
2025-03-20 14:50:31,2025-03-20 15:23:22,Ansys Mechanical Enterprise PrepPost,1,0.55,7.1,AEC,atglassman
2025-03-20 14:51:29,2025-03-20 15:19:43,Ansys Mechanical Enterprise Solver,1,0.47,11.8,AEC,atglassman
2026-01-27 09:50:31,2026-01-27 09:52:06,Ansys Discovery Enterprise,1,0.03,0.5,AEC,prusello
2026-01-27 09:50:31,2026-01-27 09:51:05,Ansys Discovery Enterprise,1,0.01,0.2,AEC,prusello
2026-01-27 10:40:27,2026-01-27 10:42:30,Ansys Discovery Enterprise,1,0.03,0.6,AEC,prusello
2026-01-27 10:45:40,2026-01-27 10:48:56,Ansys Discovery Enterprise,1,0.05,1.0,AEC,prusello
2025-03-21 20:41:52,2025-03-21 22:32:31,Ansys Mechanical Enterprise PrepPost,1,1.84,24.0,AEC,atglassman
2025-03-21 20:47:53,2025-03-21 20:51:24,Ansys Mechanical Enterprise Solver,1,0.06,1.5,AEC,atglassman
2025-03-21 20:56:47,2025-03-22 00:32:55,Ansys Mechanical Enterprise Solver,1,3.6,90.1,AEC,atglassman
2025-03-21 20:43:27,2025-03-21 20:47:04,Ansys Mechanical Enterprise Solver,1,0.06,1.5,AEC,atglassman
2025-03-22 06:21:05,2025-03-22 07:51:05,Ansys Mechanical Enterprise Solver,1,1.5,25.0,AEC,atglassman
2025-03-24 08:42:50,2025-03-24 08:44:53,Ansys Mechanical Enterprise PrepPost,1,0.03,0.4,AEC,nramioulle
2025-03-24 08:51:15,2025-03-24 08:52:28,Ansys Mechanical Enterprise PrepPost,1,0.02,0.3,AEC,nramioulle
2025-03-24 08:45:52,2025-03-24 08:51:14,Ansys Discovery Simulation,1,0.09,1.4,AEC,nramioulle
2025-03-24 08:51:23,2025-03-24 08:51:48,Ansys Discovery Simulation,1,0.01,0.1,AEC,nramioulle
2025-03-24 08:54:42,2025-03-24 09:06:31,Ansys Discovery Simulation,1,0.2,3.2,AEC,nramioulle
2025-03-24 11:20:33,2025-03-24 11:21:08,Ansys Discovery Simulation,1,0.01,0.2,AEC,nramioulle
2025-03-24 09:23:39,2025-03-24 09:26:49,Ansys Discovery Simulation,1,0.05,0.8,AEC,nramioulle
2025-03-24 09:06:33,2025-03-24 09:18:32,Ansys Discovery Simulation,1,0.2,3.2,AEC,nramioulle
2025-03-24 09:18:47,2025-03-24 09:21:53,Ansys Mechanical Enterprise PrepPost,1,0.05,0.7,AEC,nramioulle
2025-03-24 11:22:43,2025-03-24 11:24:41,Ansys Discovery Simulation,1,0.03,0.5,AEC,nramioulle
2025-03-24 09:26:51,2025-03-24 09:27:55,Ansys Mechanical Enterprise PrepPost,1,0.02,0.2,AEC,nramioulle
2025-03-24 09:40:41,2025-03-24 09:41:05,Ansys Discovery Simulation,1,0.01,0.1,AEC,nramioulle
2025-03-24 09:33:44,2025-03-24 09:40:28,Ansys Discovery Simulation,1,0.11,1.8,AEC,nramioulle
2025-03-24 09:27:00,2025-03-24 09:27:26,Ansys Discovery Simulation,1,0.01,0.1,AEC,nramioulle
2025-03-24 11:20:22,2025-03-24 11:22:15,Ansys Mechanical Enterprise PrepPost,1,0.03,0.4,AEC,nramioulle
2025-03-24 09:40:33,2025-03-24 11:15:12,Ansys Mechanical Enterprise PrepPost,1,1.58,20.5,AEC,nramioulle
2025-03-24 09:18:54,2025-03-24 09:19:19,Ansys Discovery Simulation,1,0.01,0.1,AEC,nramioulle
2025-03-24 11:24:52,2025-03-24 11:25:17,Ansys Discovery Simulation,1,0.01,0.1,AEC,nramioulle
2025-03-24 11:15:23,2025-03-24 11:20:20,Ansys Discovery Simulation,1,0.08,1.3,AEC,nramioulle
2025-03-24 09:28:03,2025-03-24 09:33:30,Ansys Discovery Simulation,1,0.09,1.5,AEC,nramioulle
2025-03-24 11:24:43,2025-03-24 11:35:10,Ansys Mechanical Enterprise PrepPost,1,0.17,2.3,AEC,nramioulle
2025-03-24 11:41:02,2025-03-24 11:50:59,Ansys Discovery Simulation,1,0.17,2.7,AEC,nramioulle
2025-03-24 11:51:15,2025-03-24 11:51:42,Ansys Discovery Simulation,1,0.01,0.1,AEC,nramioulle
2025-03-24 11:51:08,2025-03-24 12:04:12,Ansys Mechanical Enterprise PrepPost,1,0.22,2.8,AEC,nramioulle
2025-03-24 11:53:33,2025-03-24 11:59:52,Ansys HPC,4,0.11,1.6,AEC,nramioulle
2025-03-24 11:53:30,2025-03-24 11:59:51,Ansys Mechanical Enterprise Solver,1,0.11,2.6,AEC,nramioulle
2025-03-25 15:18:58,2025-03-25 16:01:35,Ansys Discovery Simulation,1,0.71,11.4,AEC,eduffield
2025-03-25 16:35:27,2025-03-25 17:51:53,Ansys Discovery Simulation,1,1.27,20.4,AEC,eduffield
2025-03-26 09:44:54,2025-03-26 10:11:54,Ansys Discovery Simulation,1,0.45,7.2,AEC,eduffield
2025-03-26 10:15:25,2025-03-26 10:44:10,Ansys Discovery Simulation,1,0.48,7.7,AEC,eduffield
2025-03-26 10:44:53,2025-03-26 12:28:13,Ansys Discovery Simulation,1,1.72,27.6,AEC,eduffield
2025-03-26 15:08:50,2025-03-26 15:12:35,Ansys Discovery Simulation,1,0.06,1.0,AEC,eduffield
2025-03-27 15:39:20,2025-03-27 15:54:02,Ansys Discovery Simulation,1,0.25,3.9,AEC,nramioulle
2025-03-27 15:36:40,2025-03-27 15:39:47,Ansys Mechanical Enterprise PrepPost,1,0.05,0.7,AEC,nramioulle
2025-03-27 15:39:55,2025-03-27 15:40:03,Ansys Mechanical Enterprise PrepPost,1,0.01,0.1,AEC,nramioulle
2025-03-27 15:40:46,2025-03-27 15:49:30,Ansys CFD Enterprise Solver,1,0.15,3.8,AEC,nramioulle
2025-03-27 15:40:04,2025-03-27 15:40:15,Ansys Mechanical Enterprise PrepPost,1,0.01,0.1,AEC,nramioulle
2025-03-27 15:37:01,2025-03-27 15:37:43,Ansys Discovery Simulation,1,0.01,0.2,AEC,nramioulle
2025-03-27 15:35:32,2025-03-27 15:36:36,Ansys Discovery Simulation,1,0.02,0.3,AEC,nramioulle
2025-03-27 17:41:55,2025-03-27 17:51:16,Ansys Discovery Simulation,1,0.16,2.5,AEC,tutley
2025-03-27 18:44:57,2025-03-27 18:45:31,Ansys Discovery Simulation,1,0.01,0.1,AEC,tutley
2025-03-27 18:45:11,2025-03-27 19:26:20,Ansys Discovery Simulation,1,0.69,11.0,AEC,tutley
2025-03-27 18:44:39,2025-03-27 19:26:22,Ansys Mechanical Enterprise PrepPost,1,0.7,9.0,AEC,tutley
2025-03-28 15:14:13,2025-03-28 18:34:56,Ansys Discovery Simulation,1,3.35,53.5,AEC,tutley
2025-03-28 18:37:55,2025-03-28 18:41:23,Ansys Discovery Simulation,1,0.06,0.9,AEC,tutley
2026-01-28 18:14:57,2026-01-28 18:15:12,Ansys Geometry Interface for SolidWorks,1,0.01,0.1,AEC,sgutteridge
2026-01-28 18:23:08,2026-01-28 18:23:19,Ansys Discovery Enterprise,1,0.01,0.1,AEC,sgutteridge
2026-01-28 18:14:38,2026-01-28 18:21:31,Ansys BladeModeler,1,0.11,0.2,AEC,sgutteridge
2026-01-28 18:23:10,2026-01-28 18:23:19,Ansys BladeModeler,1,0.01,0.1,AEC,sgutteridge
2026-01-28 18:14:36,2026-01-28 18:21:34,Ansys Discovery Enterprise,1,0.12,2.1,AEC,sgutteridge
2026-01-28 18:22:26,2026-01-28 18:38:55,Ansys CFD PrepPost,1,0.27,3.8,AEC,sgutteridge
2026-01-28 18:38:44,2026-01-28 18:38:49,Ansys CFD Enterprise Solver,1,0.01,0.1,AEC,sgutteridge
2026-01-28 18:38:58,2026-01-28 19:21:14,Ansys CFD Enterprise Solver,1,0.7,19.7,AEC,sgutteridge
2026-01-29 11:05:32,2026-01-29 11:05:34,Ansys Geometry Interface for SolidWorks,1,0.01,0.1,AEC,sgutteridge
2026-01-29 11:09:37,2026-01-29 11:09:45,Ansys BladeModeler,1,0.01,0.1,AEC,sgutteridge
2026-01-29 10:28:23,2026-01-29 10:28:31,Ansys BladeModeler,1,0.01,0.1,AEC,sgutteridge
2026-01-29 11:05:17,2026-01-29 11:08:47,Ansys Discovery Enterprise,1,0.06,1.1,AEC,sgutteridge
2026-01-29 10:57:55,2026-01-29 10:58:05,Ansys Discovery Enterprise,1,0.01,0.1,AEC,sgutteridge
2026-01-29 10:19:06,2026-01-29 10:23:49,Ansys BladeModeler,1,0.08,0.2,AEC,sgutteridge
2026-01-29 11:05:20,2026-01-29 11:08:45,Ansys BladeModeler,1,0.06,0.1,AEC,sgutteridge
2026-01-29 10:57:57,2026-01-29 10:58:05,Ansys BladeModeler,1,0.01,0.1,AEC,sgutteridge
2026-01-29 11:09:34,2026-01-29 11:09:45,Ansys Discovery Enterprise,1,0.01,0.1,AEC,sgutteridge
2026-01-29 10:53:14,2026-01-29 10:56:32,Ansys Discovery Enterprise,1,0.05,1.0,AEC,sgutteridge
2026-01-29 10:19:03,2026-01-29 10:23:51,Ansys Discovery Enterprise,1,0.08,1.4,AEC,sgutteridge
2026-01-29 10:25:59,2026-01-29 10:26:07,Ansys BladeModeler,1,0.01,0.1,AEC,sgutteridge
2026-01-29 10:53:17,2026-01-29 10:56:30,Ansys BladeModeler,1,0.05,0.1,AEC,sgutteridge
2026-01-29 10:25:56,2026-01-29 10:26:07,Ansys Discovery Enterprise,1,0.01,0.1,AEC,sgutteridge
2026-01-29 10:28:20,2026-01-29 10:28:31,Ansys Discovery Enterprise,1,0.01,0.1,AEC,sgutteridge
2026-01-29 10:25:15,2026-01-29 10:31:19,Ansys CFD PrepPost,1,0.1,1.4,AEC,sgutteridge
2026-01-29 11:09:14,2026-01-29 11:13:40,Ansys CFD PrepPost,1,0.07,1.0,AEC,sgutteridge
2026-01-29 10:56:59,2026-01-29 11:01:25,Ansys CFD PrepPost,1,0.07,1.0,AEC,sgutteridge
2026-01-29 11:01:28,2026-01-29 11:04:48,Ansys CFD Enterprise Solver,1,0.06,1.6,AEC,sgutteridge
2026-01-29 11:13:42,2026-01-29 11:37:02,Ansys CFD Enterprise Solver,1,0.39,10.9,AEC,sgutteridge
2026-01-29 10:31:10,2026-01-29 10:31:14,Ansys CFD Enterprise Solver,1,0.01,0.1,AEC,sgutteridge
2026-01-29 10:31:22,2026-01-29 10:49:56,Ansys CFD Enterprise Solver,1,0.31,8.7,AEC,sgutteridge
2026-01-29 11:13:31,2026-01-29 11:13:35,Ansys CFD Enterprise Solver,1,0.01,0.1,AEC,sgutteridge
2026-01-29 11:01:16,2026-01-29 11:01:20,Ansys CFD Enterprise Solver,1,0.01,0.1,AEC,sgutteridge
2026-01-29 11:38:19,2026-01-29 12:02:48,Ansys CFD Enterprise Solver,1,0.41,11.4,AEC,sgutteridge
2026-01-29 13:12:03,2026-01-29 13:25:32,Ansys CFD PrepPost,1,0.22,3.1,AEC,sgutteridge
2026-01-29 13:38:36,2026-01-29 13:44:41,Ansys Discovery Enterprise,1,0.1,1.8,AEC,sgutteridge
2026-01-29 13:54:11,2026-01-29 13:57:24,Ansys BladeModeler,1,0.05,0.1,AEC,sgutteridge
2026-01-29 14:00:03,2026-01-29 14:00:50,Ansys BladeModeler,1,0.01,0.1,AEC,sgutteridge
2026-01-29 13:00:04,2026-01-29 13:11:18,Ansys Discovery Enterprise,1,0.19,3.4,AEC,sgutteridge
2026-01-29 13:42:32,2026-01-29 13:44:35,Ansys Geometry Interface for SolidWorks,1,0.03,0.1,AEC,sgutteridge
2026-01-29 13:54:57,2026-01-29 13:57:08,Ansys Geometry Interface for SolidWorks,1,0.04,0.1,AEC,sgutteridge
2026-01-29 13:00:07,2026-01-29 13:11:16,Ansys BladeModeler,1,0.19,0.4,AEC,sgutteridge
2026-01-29 13:00:25,2026-01-29 13:02:32,Ansys Geometry Interface for SolidWorks,1,0.04,0.1,AEC,sgutteridge
2026-01-29 13:38:39,2026-01-29 13:44:38,Ansys BladeModeler,1,0.1,0.2,AEC,sgutteridge
2026-01-29 13:57:56,2026-01-29 13:59:43,Ansys BladeModeler,1,0.03,0.1,AEC,sgutteridge
2026-01-29 13:44:53,2026-01-29 13:52:32,Ansys Discovery Enterprise,1,0.13,2.3,AEC,sgutteridge
2026-01-29 14:00:00,2026-01-29 14:00:52,Ansys Discovery Enterprise,1,0.01,0.3,AEC,sgutteridge
2026-01-29 13:57:54,2026-01-29 13:59:45,Ansys Discovery Enterprise,1,0.03,0.6,AEC,sgutteridge
2026-01-29 13:12:31,2026-01-29 13:12:41,Ansys Discovery Enterprise,1,0.01,0.1,AEC,sgutteridge
2026-01-29 13:44:55,2026-01-29 13:52:29,Ansys BladeModeler,1,0.13,0.3,AEC,sgutteridge
2026-01-29 13:12:33,2026-01-29 13:12:41,Ansys BladeModeler,1,0.01,0.1,AEC,sgutteridge
2026-01-29 13:54:08,2026-01-29 13:57:26,Ansys Discovery Enterprise,1,0.05,1.0,AEC,sgutteridge
2026-01-29 16:32:15,2026-01-29 16:34:28,Ansys Geometry Interface for SolidWorks,1,0.04,0.1,AEC,sgutteridge
2026-01-29 16:29:23,2026-01-29 16:29:30,Ansys Geometry Interface for SolidWorks,1,0.01,0.1,AEC,sgutteridge
2026-01-29 16:29:04,2026-01-29 16:41:04,Ansys Discovery Enterprise,1,0.2,3.6,AEC,sgutteridge
2026-01-29 16:29:07,2026-01-29 16:41:01,Ansys BladeModeler,1,0.2,0.4,AEC,sgutteridge
2026-01-29 18:58:59,2026-01-29 18:59:10,Ansys Discovery Enterprise,1,0.01,0.1,AEC,sgutteridge
2026-01-29 16:57:37,2026-01-29 16:57:48,Ansys Discovery Enterprise,1,0.01,0.1,AEC,sgutteridge
2026-01-29 18:53:59,2026-01-29 18:57:54,Ansys Discovery Enterprise,1,0.07,1.2,AEC,sgutteridge
2026-01-29 16:53:51,2026-01-29 16:56:47,Ansys BladeModeler,1,0.05,0.1,AEC,sgutteridge
2026-01-29 18:52:47,2026-01-29 18:53:22,Ansys Discovery Enterprise,1,0.01,0.2,AEC,sgutteridge
2026-01-29 18:19:40,2026-01-29 18:21:25,Ansys BladeModeler,1,0.03,0.1,AEC,sgutteridge
2026-01-29 18:52:49,2026-01-29 18:53:20,Ansys BladeModeler,1,0.01,0.1,AEC,sgutteridge
2026-01-29 18:19:37,2026-01-29 18:21:27,Ansys Discovery Enterprise,1,0.03,0.5,AEC,sgutteridge
2026-01-29 18:22:38,2026-01-29 18:22:47,Ansys BladeModeler,1,0.01,0.1,AEC,sgutteridge
2026-01-29 16:57:40,2026-01-29 16:57:48,Ansys BladeModeler,1,0.01,0.1,AEC,sgutteridge
2026-01-29 16:42:34,2026-01-29 16:42:42,Ansys BladeModeler,1,0.01,0.1,AEC,sgutteridge
2026-01-29 18:22:36,2026-01-29 18:22:47,Ansys Discovery Enterprise,1,0.01,0.1,AEC,sgutteridge
2026-01-29 18:54:02,2026-01-29 18:57:51,Ansys BladeModeler,1,0.06,0.1,AEC,sgutteridge
2026-01-29 18:59:01,2026-01-29 18:59:10,Ansys BladeModeler,1,0.01,0.1,AEC,sgutteridge
2026-01-29 16:53:48,2026-01-29 16:56:49,Ansys Discovery Enterprise,1,0.05,0.9,AEC,sgutteridge
2026-01-29 16:42:31,2026-01-29 16:42:42,Ansys Discovery Enterprise,1,0.01,0.1,AEC,sgutteridge
2026-01-29 18:22:03,2026-01-29 18:25:45,Ansys CFD PrepPost,1,0.06,0.9,AEC,sgutteridge
2026-01-29 16:57:16,2026-01-29 17:01:48,Ansys CFD PrepPost,1,0.08,1.1,AEC,sgutteridge
2026-01-29 18:58:27,2026-01-29 19:03:54,Ansys CFD PrepPost,1,0.09,1.3,AEC,sgutteridge
2026-01-29 16:42:04,2026-01-29 16:52:55,Ansys CFD PrepPost,1,0.18,2.5,AEC,sgutteridge
2026-01-29 19:03:45,2026-01-29 19:03:49,Ansys CFD Enterprise Solver,1,0.01,0.1,AEC,sgutteridge
2026-01-29 17:55:26,2026-01-29 18:19:41,Ansys CFD Enterprise Solver,1,0.4,11.3,AEC,sgutteridge
2026-01-29 19:03:57,2026-01-29 19:57:46,Ansys CFD Enterprise Solver,1,0.9,25.1,AEC,sgutteridge
2026-01-29 17:01:37,2026-01-29 17:01:41,Ansys CFD Enterprise Solver,1,0.01,0.1,AEC,sgutteridge
2026-01-29 18:51:14,2026-01-29 18:52:48,Ansys CFD Enterprise Solver,1,0.03,0.7,AEC,sgutteridge
2026-01-29 18:41:42,2026-01-29 18:47:07,Ansys CFD Enterprise Solver,1,0.09,2.5,AEC,sgutteridge
2026-01-29 18:47:58,2026-01-29 18:50:21,Ansys CFD Enterprise Solver,1,0.04,1.1,AEC,sgutteridge
2026-01-29 18:25:35,2026-01-29 18:25:39,Ansys CFD Enterprise Solver,1,0.01,0.1,AEC,sgutteridge
2026-01-29 17:01:51,2026-01-29 17:31:33,Ansys CFD Enterprise Solver,1,0.5,13.9,AEC,sgutteridge
2026-01-29 18:25:48,2026-01-29 18:41:12,Ansys CFD Enterprise Solver,1,0.26,7.2,AEC,sgutteridge
2025-03-30 00:48:49,2025-03-30 00:49:16,Ansys Discovery Simulation,1,0.01,0.1,AEC,tutley
2025-03-30 00:22:22,2025-03-30 00:48:24,Ansys Discovery Simulation,1,0.43,6.9,AEC,tutley
2025-03-30 00:48:33,2025-03-30 00:52:47,Ansys Mechanical Enterprise PrepPost,1,0.07,0.9,AEC,tutley
2026-01-30 10:55:54,2026-01-30 10:56:41,Ansys Geometry Interface for SolidWorks,1,0.01,0.1,AEC,sgutteridge
2026-01-30 11:00:22,2026-01-30 11:01:13,Ansys Geometry Interface for SolidWorks,1,0.01,0.1,AEC,sgutteridge
2026-01-30 10:58:33,2026-01-30 10:59:22,Ansys Geometry Interface for SolidWorks,1,0.01,0.1,AEC,sgutteridge
2026-01-30 10:55:38,2026-01-30 10:58:11,Ansys Discovery Enterprise,1,0.04,0.8,AEC,sgutteridge
2026-01-30 11:00:09,2026-01-30 11:07:18,Ansys BladeModeler,1,0.12,0.2,AEC,sgutteridge
2026-01-30 11:08:24,2026-01-30 11:08:32,Ansys BladeModeler,1,0.01,0.1,AEC,sgutteridge
2026-01-30 10:58:20,2026-01-30 10:59:34,Ansys Discovery Enterprise,1,0.02,0.4,AEC,sgutteridge
2026-01-30 11:00:06,2026-01-30 11:07:20,Ansys Discovery Enterprise,1,0.12,2.2,AEC,sgutteridge
2026-01-30 10:55:41,2026-01-30 10:58:08,Ansys BladeModeler,1,0.04,0.1,AEC,sgutteridge
2026-01-30 11:08:21,2026-01-30 11:08:32,Ansys Discovery Enterprise,1,0.01,0.1,AEC,sgutteridge
2026-01-30 10:58:23,2026-01-30 10:59:32,Ansys BladeModeler,1,0.02,0.1,AEC,sgutteridge
2026-01-30 11:07:52,2026-01-30 11:27:27,Ansys CFD PrepPost,1,0.33,4.6,AEC,sgutteridge
2025-03-31 13:02:31,2025-03-31 13:37:20,Ansys GRANTA Materials Data for Simulation,1,0.58,18.6,AEC,tutley
2025-03-31 13:20:08,2025-03-31 13:20:46,Ansys Mechanical Enterprise Solver,2,0.01,0.5,AEC,tutley
2025-03-31 13:35:10,2025-03-31 13:36:05,Ansys Mechanical Enterprise Solver,2,0.02,0.8,AEC,tutley
2025-03-31 12:28:03,2025-03-31 15:15:14,Ansys Mechanical Enterprise PrepPost,1,2.79,36.2,AEC,tutley
2025-03-31 11:53:57,2025-03-31 12:26:27,Ansys Discovery Simulation,1,0.54,8.7,AEC,tutley
2025-03-31 13:13:46,2025-03-31 13:13:49,Ansys Mechanical Enterprise Solver,1,0.01,0.1,AEC,tutley
2025-03-31 13:30:59,2025-03-31 15:15:17,Ansys Discovery Simulation,1,1.74,27.8,AEC,tutley
2025-03-31 12:35:24,2025-03-31 12:55:55,Ansys Discovery Simulation,1,0.34,5.5,AEC,tutley
2025-03-31 12:28:22,2025-03-31 12:28:44,Ansys Discovery Simulation,1,0.01,0.1,AEC,tutley
2025-03-31 13:16:16,2025-03-31 13:20:08,Ansys Mechanical Enterprise Solver,1,0.06,1.6,AEC,tutley
2025-03-31 13:23:44,2025-03-31 13:35:10,Ansys Mechanical Enterprise Solver,1,0.19,4.8,AEC,tutley
2025-03-31 13:50:22,2025-03-31 15:15:14,Ansys Mechanical Enterprise Solver,1,1.41,35.4,AEC,tutley
2025-03-31 15:32:16,2025-03-31 15:34:52,Ansys Discovery Simulation,1,0.04,0.7,AEC,tutley
2025-03-31 15:37:25,2025-03-31 15:38:19,Ansys Discovery Simulation,1,0.01,0.2,AEC,tutley
2025-03-31 15:57:18,2025-03-31 16:50:19,Ansys Discovery Simulation,1,0.88,14.1,AEC,tutley
2025-03-31 15:24:38,2025-03-31 16:50:28,Ansys Mechanical Enterprise PrepPost,1,1.43,18.6,AEC,tutley
2026-01-30 12:25:45,2026-01-30 12:57:12,Ansys CFD Enterprise Solver,1,0.52,14.7,AEC,sgutteridge
2026-01-30 11:27:16,2026-01-30 11:27:21,Ansys CFD Enterprise Solver,1,0.01,0.1,AEC,sgutteridge
2026-01-30 11:27:30,2026-01-30 12:25:11,Ansys CFD Enterprise Solver,1,0.96,26.9,AEC,sgutteridge
2026-01-30 13:03:40,2026-01-30 13:05:53,Ansys CFD Enterprise Solver,1,0.04,1.0,AEC,sgutteridge
2026-01-30 13:11:38,2026-01-30 13:38:58,Ansys CFD Enterprise Solver,1,0.46,12.8,AEC,sgutteridge
2026-01-30 13:40:24,2026-01-30 13:45:09,Ansys CFD Enterprise Solver,1,0.08,2.2,AEC,sgutteridge
2026-01-30 13:46:20,2026-01-30 14:48:26,Ansys CFD Enterprise Solver,1,1.03,29.0,AEC,sgutteridge
2026-01-30 16:20:13,2026-01-30 16:21:04,Ansys Geometry Interface for SolidWorks,1,0.01,0.1,AEC,sgutteridge
2026-01-30 16:27:09,2026-01-30 16:27:18,Ansys BladeModeler,1,0.01,0.1,AEC,sgutteridge
2026-01-30 16:31:21,2026-01-30 16:31:30,Ansys BladeModeler,1,0.01,0.1,AEC,sgutteridge
2026-01-30 16:27:06,2026-01-30 16:27:18,Ansys Discovery Enterprise,1,0.01,0.1,AEC,sgutteridge
2026-01-30 16:31:18,2026-01-30 16:31:30,Ansys Discovery Enterprise,1,0.01,0.1,AEC,sgutteridge
2026-01-30 16:28:33,2026-01-30 16:29:02,Ansys BladeModeler,1,0.01,0.1,AEC,sgutteridge
2026-01-30 16:11:12,2026-01-30 16:13:16,Ansys Discovery Enterprise,1,0.03,0.6,AEC,sgutteridge
2026-01-30 16:11:15,2026-01-30 16:13:14,Ansys BladeModeler,1,0.03,0.1,AEC,sgutteridge
2026-01-30 16:19:56,2026-01-30 16:25:54,Ansys BladeModeler,1,0.1,0.2,AEC,sgutteridge
2026-01-30 16:19:54,2026-01-30 16:25:56,Ansys Discovery Enterprise,1,0.1,1.8,AEC,sgutteridge
2026-01-30 16:28:30,2026-01-30 16:29:04,Ansys Discovery Enterprise,1,0.01,0.2,AEC,sgutteridge
2026-01-30 16:29:27,2026-01-30 16:44:19,Ansys CFD PrepPost,1,0.25,3.5,AEC,sgutteridge
2026-01-30 16:26:25,2026-01-30 16:28:24,Ansys CFD PrepPost,1,0.03,0.5,AEC,sgutteridge
2026-01-30 16:44:21,2026-01-30 16:47:36,Ansys CFD Enterprise Solver,1,0.05,1.5,AEC,sgutteridge
2026-01-30 15:47:08,2026-01-30 16:02:09,Ansys CFD Enterprise Solver,1,0.25,7.0,AEC,sgutteridge
2026-01-30 16:48:03,2026-01-30 16:55:57,Ansys CFD Enterprise Solver,1,0.13,3.7,AEC,sgutteridge
2026-01-30 16:44:06,2026-01-30 16:44:11,Ansys CFD Enterprise Solver,1,0.01,0.1,AEC,sgutteridge
2025-04-02 16:12:46,2025-04-02 16:13:08,Ansys Mechanical Enterprise Solver,3,0.01,0.5,AEC,tutley
2025-04-02 16:13:08,2025-04-02 16:14:47,Ansys Mechanical Enterprise Solver,4,0.03,2.7,AEC,tutley
2025-04-02 16:14:47,2025-04-02 16:29:06,Ansys Mechanical Enterprise Solver,5,0.24,29.8,AEC,tutley
2025-04-02 16:29:06,2025-04-02 17:37:47,Ansys Mechanical Enterprise Solver,6,1.14,171.7,AEC,tutley
2025-04-02 17:37:47,2025-04-02 17:38:37,Ansys Mechanical Enterprise Solver,7,0.01,2.5,AEC,tutley
2025-04-02 15:02:53,2025-04-02 18:58:45,Ansys Discovery Simulation,1,3.93,62.9,AEC,tutley
2025-04-02 15:00:50,2025-04-02 18:58:41,Ansys Mechanical Enterprise PrepPost,1,3.96,51.5,AEC,tutley
2025-04-02 16:09:36,2025-04-02 16:11:59,Ansys Mechanical Enterprise Solver,1,0.04,1.0,AEC,tutley
2025-04-02 18:15:43,2025-04-02 18:15:48,Ansys Mechanical Enterprise Solver,1,0.01,0.1,AEC,tutley
2025-04-02 16:11:59,2025-04-02 16:12:46,Ansys Mechanical Enterprise Solver,2,0.01,0.7,AEC,tutley
2025-04-02 15:27:04,2025-04-02 15:27:57,Ansys Mechanical Enterprise Solver,2,0.01,0.7,AEC,tutley
2025-04-02 15:31:54,2025-04-02 15:36:28,Ansys Mechanical Enterprise Solver,1,0.08,1.9,AEC,tutley
2025-04-02 18:25:40,2025-04-02 18:58:20,Ansys Mechanical Enterprise Solver,2,0.54,27.2,AEC,tutley
2025-04-02 15:23:04,2025-04-02 15:27:04,Ansys Mechanical Enterprise Solver,1,0.07,1.7,AEC,tutley
2025-04-02 15:36:28,2025-04-02 15:37:22,Ansys Mechanical Enterprise Solver,2,0.02,0.8,AEC,tutley
2025-04-02 18:24:38,2025-04-02 18:25:40,Ansys Mechanical Enterprise Solver,1,0.02,0.4,AEC,tutley
2025-04-02 20:47:40,2025-04-02 21:34:06,Ansys Mechanical Enterprise Solver,1,0.77,19.3,AEC,tutley
2025-04-02 20:47:13,2025-04-02 22:04:41,Ansys Mechanical Enterprise PrepPost,1,1.29,16.8,AEC,tutley
2025-04-02 21:36:09,2025-04-02 22:03:48,Ansys Mechanical Enterprise Solver,1,0.46,11.5,AEC,tutley
2025-04-02 21:34:06,2025-04-02 21:35:51,Ansys Mechanical Enterprise Solver,2,0.03,1.5,AEC,tutley
2025-04-02 21:36:20,2025-04-02 22:03:44,Ansys HPC,14,0.46,14.2,AEC,tutley
2025-04-02 21:34:14,2025-04-02 21:35:51,Ansys HPC,4,0.03,0.4,AEC,tutley
2025-04-02 22:37:38,2025-04-02 22:38:37,Ansys Discovery Simulation,1,0.02,0.3,AEC,tutley
2025-04-02 23:08:19,2025-04-03 00:00:55,Ansys GRANTA Materials Data for Simulation,1,0.88,28.1,AEC,tutley
2025-04-02 23:22:06,2025-04-02 23:22:38,Ansys Mechanical Enterprise Solver,1,0.01,0.2,AEC,tutley
2025-04-02 23:24:22,2025-04-02 23:32:58,Ansys Mechanical Enterprise Solver,1,0.14,3.6,AEC,tutley
2025-04-02 22:59:05,2025-04-02 22:59:27,Ansys Mechanical Enterprise Solver,1,0.01,0.1,AEC,tutley
2025-04-02 23:41:40,2025-04-02 23:43:56,Ansys Mechanical Enterprise Solver,1,0.04,0.9,AEC,tutley
2025-04-02 23:53:18,2025-04-02 23:53:49,Ansys Mechanical Enterprise Solver,1,0.01,0.2,AEC,tutley
2025-04-02 22:52:28,2025-04-02 22:52:47,Ansys Mechanical Enterprise Solver,1,0.01,0.1,AEC,tutley
2025-04-02 23:02:03,2025-04-02 23:02:06,Ansys Mechanical Enterprise Solver,1,0.01,0.1,AEC,tutley
2025-04-02 23:45:44,2025-04-02 23:52:20,Ansys Mechanical Enterprise Solver,1,0.11,2.7,AEC,tutley
2025-04-02 22:50:27,2025-04-02 22:50:34,Ansys Mechanical Enterprise Solver,1,0.01,0.1,AEC,tutley
2025-04-02 23:33:52,2025-04-02 23:34:25,Ansys Mechanical Enterprise Solver,1,0.01,0.2,AEC,tutley
2025-04-02 23:09:00,2025-04-02 23:09:23,Ansys Mechanical Enterprise Solver,1,0.01,0.2,AEC,tutley
2025-04-02 23:40:52,2025-04-02 23:41:23,Ansys Mechanical Enterprise Solver,1,0.01,0.2,AEC,tutley
2025-04-02 23:45:04,2025-04-02 23:45:35,Ansys Mechanical Enterprise Solver,1,0.01,0.2,AEC,tutley
2025-04-02 23:23:54,2025-04-02 23:24:00,Ansys Mechanical Enterprise Solver,1,0.01,0.1,AEC,tutley
2025-04-02 23:05:46,2025-04-02 23:06:09,Ansys Mechanical Enterprise Solver,1,0.01,0.2,AEC,tutley
2025-04-02 23:34:34,2025-04-02 23:39:56,Ansys Mechanical Enterprise Solver,1,0.09,2.2,AEC,tutley
2025-04-02 23:53:59,2025-04-03 00:00:34,Ansys Mechanical Enterprise Solver,1,0.11,2.7,AEC,tutley
2025-04-02 23:14:16,2025-04-02 23:14:38,Ansys Mechanical Enterprise Solver,1,0.01,0.2,AEC,tutley
2025-04-02 22:54:51,2025-04-02 22:55:12,Ansys Mechanical Enterprise Solver,1,0.01,0.1,AEC,tutley
2025-04-02 23:17:30,2025-04-02 23:17:58,Ansys Mechanical Enterprise Solver,1,0.01,0.2,AEC,tutley
2025-04-02 23:07:04,2025-04-02 23:07:28,Ansys Mechanical Enterprise Solver,1,0.01,0.2,AEC,tutley
2025-04-03 00:02:52,2025-04-03 00:02:57,Ansys Mechanical Enterprise Solver,1,0.01,0.1,AEC,tutley
2025-04-02 22:51:27,2025-04-02 22:51:48,Ansys Mechanical Enterprise Solver,1,0.01,0.1,AEC,tutley
2025-04-03 00:03:28,2025-04-03 00:03:30,Ansys Mechanical Enterprise Solver,1,0.01,0.1,AEC,tutley
2025-04-03 00:04:18,2025-04-03 00:36:07,Ansys Mechanical Enterprise Solver,1,0.53,13.3,AEC,tutley
2025-04-02 22:41:57,2025-04-02 22:42:18,Ansys Discovery Simulation,1,0.01,0.1,AEC,tutley
2025-04-02 22:40:04,2025-04-02 22:41:34,Ansys Discovery Simulation,1,0.02,0.4,AEC,tutley
2025-04-02 23:03:59,2025-04-02 23:05:05,Ansys Discovery Simulation,1,0.02,0.3,AEC,tutley
2025-04-02 23:05:10,2025-04-02 23:05:32,Ansys Discovery Simulation,1,0.01,0.1,AEC,tutley
2025-04-02 23:13:28,2025-04-02 23:13:55,Ansys Discovery Simulation,1,0.01,0.1,AEC,tutley
2025-04-02 23:12:55,2025-04-02 23:13:20,Ansys Discovery Simulation,1,0.01,0.1,AEC,tutley
2025-04-02 22:41:43,2025-04-02 23:02:03,Ansys Mechanical Enterprise PrepPost,1,0.34,4.4,AEC,tutley
2025-04-03 00:38:28,2025-04-03 00:58:45,Ansys Mechanical Enterprise PrepPost,1,0.34,4.4,AEC,tutley
2025-04-02 23:16:05,2025-04-03 00:58:51,Ansys Discovery Simulation,1,1.71,27.4,AEC,tutley
2025-04-03 00:01:16,2025-04-03 00:38:08,Ansys Mechanical Enterprise PrepPost,1,0.61,8.0,AEC,tutley
2025-04-02 23:02:06,2025-04-03 00:00:54,Ansys Mechanical Enterprise PrepPost,1,0.98,12.7,AEC,tutley
2025-04-02 22:52:34,2025-04-02 22:52:45,Ansys HPC,14,0.01,0.1,AEC,tutley
2025-04-02 22:51:34,2025-04-02 22:51:45,Ansys HPC,14,0.01,0.1,AEC,tutley
2025-04-02 22:54:57,2025-04-02 22:55:10,Ansys HPC,14,0.01,0.1,AEC,tutley
2025-04-02 23:22:14,2025-04-02 23:22:36,Ansys HPC,14,0.01,0.2,AEC,tutley
2025-04-02 23:05:52,2025-04-02 23:06:06,Ansys HPC,14,0.01,0.1,AEC,tutley
2025-04-02 23:09:07,2025-04-02 23:09:21,Ansys HPC,14,0.01,0.1,AEC,tutley
2025-04-02 23:17:37,2025-04-02 23:17:57,Ansys HPC,14,0.01,0.2,AEC,tutley
2025-04-02 23:14:22,2025-04-02 23:14:35,Ansys HPC,14,0.01,0.1,AEC,tutley
2025-04-02 23:34:00,2025-04-02 23:34:22,Ansys HPC,14,0.01,0.2,AEC,tutley
2025-04-02 23:24:29,2025-04-02 23:32:56,Ansys HPC,14,0.14,4.4,AEC,tutley
2025-04-02 23:07:12,2025-04-02 23:07:25,Ansys HPC,14,0.01,0.1,AEC,tutley
2025-04-02 22:59:11,2025-04-02 22:59:24,Ansys HPC,14,0.01,0.1,AEC,tutley
2025-04-02 23:40:59,2025-04-02 23:41:20,Ansys HPC,14,0.01,0.2,AEC,tutley
2025-04-02 23:34:45,2025-04-02 23:39:51,Ansys HPC,14,0.09,2.6,AEC,tutley
2025-04-02 23:45:11,2025-04-02 23:45:32,Ansys HPC,14,0.01,0.2,AEC,tutley
2025-04-03 00:04:26,2025-04-03 00:36:02,Ansys HPC,14,0.53,16.3,AEC,tutley
2025-04-02 23:53:25,2025-04-02 23:53:46,Ansys HPC,14,0.01,0.2,AEC,tutley
2025-04-02 23:41:50,2025-04-02 23:43:54,Ansys HPC,14,0.03,1.1,AEC,tutley
2025-04-02 23:54:09,2025-04-03 00:00:29,Ansys HPC,14,0.11,3.3,AEC,tutley
2025-04-02 23:45:53,2025-04-02 23:52:16,Ansys HPC,14,0.11,3.3,AEC,tutley
2025-04-02 22:38:43,2025-04-02 22:39:34,Ansys Discovery Simulation,1,0.01,0.2,AEC,tutley
2025-04-03 12:09:14,2025-04-03 12:16:15,Ansys Mechanical Enterprise Solver,1,0.12,2.9,AEC,tutley
2025-04-03 12:08:34,2025-04-03 12:09:07,Ansys Mechanical Enterprise Solver,1,0.01,0.2,AEC,tutley
2025-04-03 12:08:43,2025-04-03 12:09:05,Ansys HPC,14,0.01,0.2,AEC,tutley
2025-04-03 12:09:23,2025-04-03 12:16:11,Ansys HPC,14,0.11,3.5,AEC,tutley
2025-04-03 12:06:54,2025-04-03 12:31:00,Ansys Mechanical Enterprise PrepPost,1,0.4,5.2,AEC,tutley
2025-04-04 09:35:51,2025-04-04 09:42:33,Ansys Mechanical Enterprise Solver,1,0.11,2.8,AEC,nramioulle
2025-04-04 09:35:54,2025-04-04 09:42:34,Ansys HPC,4,0.11,1.7,AEC,nramioulle
2025-04-04 09:32:55,2025-04-04 10:06:41,Ansys Mechanical Enterprise PrepPost,1,0.56,7.3,AEC,nramioulle
2025-04-04 11:13:06,2025-04-04 11:13:58,Ansys Mechanical Enterprise PrepPost,1,0.01,0.2,AEC,nramioulle
2025-04-04 11:11:32,2025-04-04 11:12:10,Ansys Discovery Simulation,1,0.01,0.2,AEC,nramioulle
2025-04-04 11:14:38,2025-04-04 11:15:08,Ansys Mechanical Enterprise PrepPost,1,0.01,0.1,AEC,nramioulle
2025-04-04 11:15:14,2025-04-04 11:21:53,Ansys Mechanical Enterprise PrepPost,1,0.11,1.4,AEC,nramioulle
2025-04-07 19:53:50,2025-04-07 19:53:52,Ansys Geometry Interface for Creo Parametric,1,0.01,0.1,AEC,tutley
2025-04-07 19:52:05,2025-04-07 19:52:24,Ansys Geometry Interface for Creo Parametric,1,0.01,0.1,AEC,tutley
2025-04-07 19:53:10,2025-04-07 19:58:57,Ansys Discovery Simulation,1,0.1,1.5,AEC,tutley
2025-04-10 18:16:32,2025-04-10 18:27:03,Ansys CFD PrepPost,1,0.18,2.3,AEC,sgutteridge
2025-04-10 18:16:45,2025-04-10 18:16:48,Ansys Geometry Interface for SolidWorks,1,0.01,0.1,AEC,sgutteridge
2025-04-10 18:44:20,2025-04-10 18:44:30,Ansys CFD PrepPost,1,0.01,0.1,AEC,sgutteridge
2025-04-10 18:42:47,2025-04-10 18:42:50,Ansys Geometry Interface for SolidWorks,1,0.01,0.1,AEC,sgutteridge
2025-04-10 18:42:34,2025-04-10 18:43:59,Ansys CFD PrepPost,1,0.02,0.3,AEC,sgutteridge
2025-04-10 18:44:08,2025-04-10 18:44:16,Ansys CFD PrepPost,1,0.01,0.1,AEC,sgutteridge
2025-04-10 18:44:55,2025-04-10 18:45:44,Ansys CFD Enterprise Solver,1,0.01,0.4,AEC,sgutteridge
2025-04-10 19:26:02,2025-04-10 19:28:35,Ansys CFD PrepPost,1,0.04,0.6,AEC,sgutteridge
2025-04-10 19:28:43,2025-04-10 19:28:52,Ansys CFD PrepPost,1,0.01,0.1,AEC,sgutteridge
2025-04-10 19:29:26,2025-04-10 19:34:03,Ansys CFD Enterprise Solver,1,0.08,2.0,AEC,sgutteridge
2025-04-10 19:26:16,2025-04-10 19:26:17,Ansys Geometry Interface for SolidWorks,1,0.01,0.1,AEC,sgutteridge
2025-04-10 19:28:56,2025-04-10 19:29:06,Ansys CFD PrepPost,1,0.01,0.1,AEC,sgutteridge
2025-04-10 19:53:28,2025-04-10 19:53:31,Ansys Geometry Interface for SolidWorks,1,0.01,0.1,AEC,sgutteridge
2025-04-10 20:12:49,2025-04-10 20:12:51,Ansys Geometry Interface for SolidWorks,1,0.01,0.1,AEC,sgutteridge
2025-04-10 20:12:35,2025-04-10 20:17:24,Ansys CFD PrepPost,1,0.08,1.0,AEC,sgutteridge
2025-04-10 19:52:49,2025-04-10 20:11:38,Ansys CFD PrepPost,1,0.31,4.1,AEC,sgutteridge
2025-04-10 20:17:40,2025-04-10 20:24:21,Ansys CFD Enterprise Solver,1,0.11,2.9,AEC,sgutteridge
2025-04-11 10:00:52,2025-04-11 10:20:43,Ansys Mechanical Enterprise Solver,1,0.33,8.3,AEC,nramioulle
2025-04-11 10:23:06,2025-04-11 10:43:11,Ansys Mechanical Enterprise Solver,1,0.33,8.4,AEC,nramioulle
2025-04-11 11:10:59,2025-04-11 11:11:04,Ansys Mechanical Enterprise Solver,1,0.01,0.1,AEC,nramioulle
2025-04-11 09:39:35,2025-04-11 11:15:12,Ansys Mechanical Enterprise PrepPost,1,1.59,20.7,AEC,nramioulle
2025-04-11 11:33:40,2025-04-11 11:34:23,Ansys CFD PrepPost,1,0.01,0.2,AEC,sgutteridge
2025-04-11 11:35:07,2025-04-11 11:35:21,Ansys Discovery Simulation,1,0.01,0.1,AEC,sgutteridge
2025-04-11 11:33:59,2025-04-11 11:34:22,Ansys Discovery Simulation,1,0.01,0.1,AEC,sgutteridge
2025-04-11 11:35:52,2025-04-11 11:36:08,Ansys Discovery Simulation,1,0.01,0.1,AEC,sgutteridge
2025-04-11 11:39:36,2025-04-11 11:39:51,Ansys Discovery Simulation,1,0.01,0.1,AEC,sgutteridge
2025-04-11 11:39:17,2025-04-11 11:53:35,Ansys CFD PrepPost,1,0.24,3.1,AEC,sgutteridge
2025-04-11 11:38:31,2025-04-11 11:38:39,Ansys CFD PrepPost,1,0.01,0.1,AEC,sgutteridge
2025-04-11 11:34:47,2025-04-11 11:37:01,Ansys CFD PrepPost,1,0.04,0.5,AEC,sgutteridge
2025-04-11 11:37:18,2025-04-11 11:38:18,Ansys CFD PrepPost,1,0.02,0.2,AEC,sgutteridge
2025-04-11 12:58:46,2025-04-11 12:59:19,Ansys CFD PrepPost,1,0.01,0.1,AEC,sgutteridge
2025-04-11 13:10:18,2025-04-11 13:21:41,Ansys CFD PrepPost,1,0.19,2.5,AEC,sgutteridge
2025-04-11 13:10:59,2025-04-11 13:11:27,Ansys Discovery Simulation,1,0.01,0.1,AEC,sgutteridge
2025-04-11 13:22:56,2025-04-11 13:23:11,Ansys Discovery Simulation,1,0.01,0.2,AEC,sgutteridge
2025-04-11 13:37:05,2025-04-11 13:37:35,Ansys Discovery Simulation,1,0.01,0.1,AEC,sgutteridge
2025-04-11 13:24:03,2025-04-11 13:36:20,Ansys Discovery Simulation,1,0.2,3.3,AEC,sgutteridge
2025-04-11 13:22:08,2025-04-11 13:22:36,Ansys Discovery Simulation,1,0.01,0.1,AEC,sgutteridge
2025-04-11 13:07:39,2025-04-11 13:09:55,Ansys Discovery Simulation,1,0.04,0.6,AEC,sgutteridge
2025-04-11 13:03:59,2025-04-11 13:04:14,Ansys Discovery Simulation,1,0.01,0.1,AEC,sgutteridge
2025-04-11 12:54:58,2025-04-11 12:56:49,Ansys CFD Enterprise Solver,1,0.03,0.8,AEC,sgutteridge
2025-04-11 12:57:12,2025-04-11 12:57:54,Ansys CFD PrepPost,1,0.01,0.2,AEC,sgutteridge
2025-04-11 13:00:24,2025-04-11 13:01:23,Ansys CFD PrepPost,1,0.02,0.2,AEC,sgutteridge
2025-04-11 13:06:51,2025-04-11 13:07:06,Ansys CFD PrepPost,1,0.01,0.1,AEC,sgutteridge
2025-04-11 13:23:19,2025-04-11 13:23:40,Ansys Discovery Simulation,1,0.01,0.1,AEC,sgutteridge
2025-04-11 13:01:29,2025-04-11 13:02:30,Ansys Discovery Simulation,1,0.02,0.3,AEC,sgutteridge
2025-04-11 13:02:52,2025-04-11 13:06:21,Ansys CFD PrepPost,1,0.06,0.8,AEC,sgutteridge
2025-04-11 13:36:35,2025-04-11 13:43:29,Ansys CFD PrepPost,1,0.12,1.5,AEC,sgutteridge
2025-04-11 13:07:01,2025-04-11 13:07:03,Ansys Geometry Interface for SolidWorks,1,0.01,0.1,AEC,sgutteridge
2025-04-11 13:08:27,2025-04-11 13:08:29,Ansys Geometry Interface for SolidWorks,1,0.01,0.1,AEC,sgutteridge
2025-04-11 13:30:01,2025-04-11 13:36:28,Ansys GRANTA Materials Data for Simulation,1,0.11,3.4,AEC,sgutteridge
2025-04-11 13:22:11,2025-04-11 13:22:34,Ansys BladeModeler,1,0.01,0.1,AEC,sgutteridge
2025-04-11 13:22:58,2025-04-11 13:23:09,Ansys BladeModeler,1,0.01,0.1,AEC,sgutteridge
2025-04-11 13:37:32,2025-04-11 13:37:42,Ansys GRANTA Materials Data for Simulation,1,0.01,0.1,AEC,sgutteridge
2025-04-11 13:30:17,2025-04-11 13:45:01,Ansys Mechanical Enterprise PrepPost,1,0.25,3.2,AEC,nramioulle
2025-04-11 13:43:19,2025-04-11 13:43:23,Ansys CFD Enterprise Solver,1,0.01,0.1,AEC,sgutteridge
2025-04-11 13:50:50,2025-04-11 13:53:33,Ansys Mechanical Enterprise PrepPost,1,0.05,0.6,AEC,nramioulle
2025-04-11 13:48:25,2025-04-11 13:50:25,Ansys Mechanical Enterprise PrepPost,1,0.03,0.4,AEC,nramioulle
2025-04-11 13:43:32,2025-04-11 14:24:17,Ansys CFD Enterprise Solver,1,0.68,17.7,AEC,sgutteridge
2025-04-11 14:43:14,2025-04-11 14:43:31,Ansys GRANTA Materials Data for Simulation,1,0.01,0.2,AEC,sgutteridge
2025-04-11 14:42:45,2025-04-11 14:43:22,Ansys Discovery Simulation,1,0.01,0.2,AEC,sgutteridge
2025-04-11 14:42:28,2025-04-11 14:45:50,Ansys Mechanical Enterprise PrepPost,1,0.06,0.7,AEC,sgutteridge
2025-04-11 14:46:51,2025-04-11 14:49:44,Ansys Mechanical Enterprise PrepPost,1,0.05,0.6,AEC,sgutteridge
2025-04-11 14:46:34,2025-04-11 14:46:42,Ansys CFD PrepPost,1,0.01,0.1,AEC,sgutteridge
2025-04-11 14:46:08,2025-04-11 14:46:48,Ansys Mechanical Enterprise PrepPost,1,0.01,0.1,AEC,sgutteridge
2025-04-11 14:37:35,2025-04-11 14:42:01,Ansys CFD Enterprise Solver,1,0.07,1.9,AEC,sgutteridge
2025-04-11 14:49:57,2025-04-11 14:52:42,Ansys CFD Enterprise Solver,1,0.05,1.2,AEC,sgutteridge
2025-04-11 14:28:11,2025-04-11 15:04:56,Ansys Mechanical Enterprise Solver,1,0.61,15.3,AEC,nramioulle
2025-04-11 14:00:02,2025-04-11 14:20:34,Ansys Mechanical Enterprise Solver,1,0.34,8.6,AEC,nramioulle
2025-04-11 13:59:48,2025-04-11 15:09:19,Ansys Mechanical Enterprise PrepPost,1,1.16,15.1,AEC,nramioulle
2025-04-11 14:27:47,2025-04-11 14:27:58,Ansys Mechanical Enterprise Solver,1,0.01,0.1,AEC,nramioulle
2025-04-11 13:44:07,2025-04-11 14:44:55,Ansys Mechanical Enterprise Solver,1,1.01,25.4,AEC,nramioulle
2025-04-11 16:21:09,2025-04-11 16:26:14,Ansys CFD PrepPost,1,0.08,1.1,AEC,sgutteridge
2025-04-11 16:50:53,2025-04-11 16:50:58,Ansys CFD PrepPost,1,0.01,0.1,AEC,sgutteridge
2025-04-11 16:56:39,2025-04-11 16:56:56,Ansys CFD PrepPost,1,0.01,0.1,AEC,sgutteridge
2025-04-11 17:12:45,2025-04-11 17:12:50,Ansys CFD PrepPost,1,0.01,0.1,AEC,sgutteridge
2025-04-11 16:26:16,2025-04-11 16:49:13,Ansys CFD Enterprise Solver,1,0.38,9.9,AEC,sgutteridge
2025-04-11 16:22:42,2025-04-11 16:23:14,Ansys Discovery Simulation,1,0.01,0.1,AEC,sgutteridge
2025-04-11 16:23:12,2025-04-11 16:23:21,Ansys GRANTA Materials Data for Simulation,1,0.01,0.1,AEC,sgutteridge
2025-04-11 16:51:20,2025-04-11 16:51:26,Ansys CFD PrepPost,1,0.01,0.1,AEC,sgutteridge
2025-04-11 16:57:16,2025-04-11 17:15:23,Ansys CFD Enterprise Solver,1,0.3,7.8,AEC,sgutteridge
2025-04-11 16:26:06,2025-04-11 16:26:10,Ansys CFD Enterprise Solver,1,0.01,0.1,AEC,sgutteridge
2025-04-11 16:49:24,2025-04-11 17:14:55,Ansys Mechanical Enterprise PrepPost,1,0.43,5.5,AEC,sgutteridge
2025-04-11 17:12:39,2025-04-11 17:13:00,Ansys Mechanical Enterprise Solver,1,0.01,0.1,AEC,sgutteridge
2025-04-11 16:52:11,2025-04-11 16:52:26,Ansys Mechanical Enterprise Solver,1,0.01,0.1,AEC,sgutteridge
2025-04-11 16:50:38,2025-04-11 16:50:40,Ansys Mechanical Enterprise Solver,1,0.01,0.1,AEC,sgutteridge
2025-04-13 14:03:42,2025-04-13 14:07:49,Ansys CFD Enterprise Solver,1,0.07,1.8,AEC,sgutteridge
2025-04-13 14:09:38,2025-04-13 14:13:57,Ansys CFD Enterprise Solver,1,0.07,1.9,AEC,sgutteridge
2025-04-13 14:14:09,2025-04-13 14:18:40,Ansys Mechanical Enterprise PrepPost,1,0.08,1.0,AEC,sgutteridge
2025-04-13 14:07:59,2025-04-13 14:09:04,Ansys Mechanical Enterprise PrepPost,1,0.02,0.2,AEC,sgutteridge
2025-04-13 14:14:28,2025-04-13 14:14:33,Ansys CFD PrepPost,1,0.01,0.1,AEC,sgutteridge
2025-04-13 14:14:53,2025-04-13 14:15:00,Ansys CFD PrepPost,1,0.01,0.1,AEC,sgutteridge
2025-04-13 14:15:57,2025-04-13 14:16:10,Ansys Mechanical Enterprise Solver,1,0.01,0.1,AEC,sgutteridge
2025-04-13 14:48:45,2025-04-13 14:58:11,Ansys CFD Enterprise Solver,1,0.16,4.1,AEC,sgutteridge
2025-04-13 14:23:51,2025-04-13 14:25:51,Ansys CFD PrepPost,1,0.03,0.4,AEC,sgutteridge
2025-04-13 14:37:56,2025-04-13 14:46:03,Ansys CFD Enterprise Solver,1,0.14,3.5,AEC,sgutteridge
2025-04-13 15:31:11,2025-04-13 15:31:19,Ansys CFD PrepPost,1,0.01,0.1,AEC,sgutteridge
2025-04-13 15:32:02,2025-04-13 15:33:02,Ansys CFD PrepPost,1,0.02,0.2,AEC,sgutteridge
2025-04-13 15:06:45,2025-04-13 15:08:14,Ansys CFD Enterprise Solver,1,0.02,0.6,AEC,sgutteridge
2025-04-13 15:13:09,2025-04-13 15:13:13,Ansys CFD Enterprise Solver,1,0.01,0.1,AEC,sgutteridge
2025-04-13 15:08:43,2025-04-13 15:13:19,Ansys CFD PrepPost,1,0.08,1.0,AEC,sgutteridge
2025-04-13 15:13:21,2025-04-13 15:30:36,Ansys CFD Enterprise Solver,1,0.29,7.5,AEC,sgutteridge
2025-04-13 15:10:39,2025-04-13 15:11:15,Ansys Discovery Simulation,1,0.01,0.2,AEC,sgutteridge
2025-04-13 15:11:12,2025-04-13 15:11:23,Ansys GRANTA Materials Data for Simulation,1,0.01,0.1,AEC,sgutteridge
2025-04-13 14:26:15,2025-04-13 14:33:39,Ansys CFD Enterprise Solver,1,0.12,3.2,AEC,sgutteridge
2025-04-13 15:33:26,2025-04-13 15:33:47,Ansys Mechanical Enterprise Solver,1,0.01,0.1,AEC,sgutteridge
2025-04-13 15:30:49,2025-04-13 15:35:42,Ansys Mechanical Enterprise PrepPost,1,0.08,1.1,AEC,sgutteridge
2025-04-13 17:08:45,2025-04-13 17:16:04,Ansys CFD Enterprise Solver,1,0.12,3.2,AEC,sgutteridge
2025-04-13 17:16:37,2025-04-13 17:16:46,Ansys CFD PrepPost,1,0.01,0.1,AEC,sgutteridge
2025-04-13 17:16:13,2025-04-13 17:22:52,Ansys Mechanical Enterprise PrepPost,1,0.11,1.4,AEC,sgutteridge
2025-04-13 17:18:30,2025-04-13 17:18:51,Ansys Mechanical Enterprise Solver,1,0.01,0.1,AEC,sgutteridge
2025-04-13 17:17:08,2025-04-13 17:18:14,Ansys CFD PrepPost,1,0.02,0.2,AEC,sgutteridge
2025-04-14 11:32:58,2025-04-14 11:33:31,Ansys Discovery Simulation,1,0.01,0.1,AEC,sgutteridge
2025-04-14 11:18:51,2025-04-14 11:20:51,Ansys GRANTA Materials Data for Simulation,1,0.03,1.1,AEC,sgutteridge
2025-04-14 11:18:24,2025-04-14 11:20:14,Ansys Discovery Simulation,1,0.03,0.5,AEC,sgutteridge
2025-04-14 11:31:12,2025-04-14 11:32:24,Ansys Discovery Simulation,1,0.02,0.3,AEC,sgutteridge
2025-04-14 11:23:31,2025-04-14 11:23:33,Ansys Geometry Interface for SolidWorks,1,0.01,0.1,AEC,sgutteridge
2025-04-14 11:21:56,2025-04-14 11:22:16,Ansys Mechanical Enterprise PrepPost,1,0.01,0.2,AEC,sgutteridge
2025-04-14 11:35:05,2025-04-14 11:35:20,Ansys Mechanical Enterprise PrepPost,1,0.01,0.1,AEC,sgutteridge
2025-04-14 11:30:48,2025-04-14 11:30:50,Ansys Geometry Interface for SolidWorks,1,0.01,0.1,AEC,sgutteridge
2025-04-14 11:28:49,2025-04-14 11:29:10,Ansys Mechanical Enterprise PrepPost,1,0.01,0.2,AEC,sgutteridge
2025-04-14 11:36:56,2025-04-14 11:37:02,Ansys Geometry Interface for SolidWorks,1,0.01,0.1,AEC,sgutteridge
2025-04-14 11:37:43,2025-04-14 11:37:45,Ansys Geometry Interface for SolidWorks,1,0.01,0.1,AEC,sgutteridge
2025-04-14 11:24:50,2025-04-14 11:24:51,Ansys Geometry Interface for SolidWorks,1,0.01,0.1,AEC,sgutteridge
2025-04-14 11:25:02,2025-04-14 11:25:04,Ansys Geometry Interface for SolidWorks,1,0.01,0.1,AEC,sgutteridge
2025-04-14 11:22:06,2025-04-14 11:22:12,Ansys Geometry Interface for SolidWorks,1,0.01,0.1,AEC,sgutteridge
2025-04-14 11:37:28,2025-04-14 11:37:51,Ansys Mechanical Enterprise PrepPost,1,0.01,0.2,AEC,sgutteridge
2025-04-14 11:23:22,2025-04-14 11:23:36,Ansys Mechanical Enterprise PrepPost,1,0.01,0.1,AEC,sgutteridge
2025-04-14 11:31:38,2025-04-14 11:31:40,Ansys Geometry Interface for SolidWorks,1,0.01,0.1,AEC,sgutteridge
2025-04-14 11:36:47,2025-04-14 11:37:08,Ansys Mechanical Enterprise PrepPost,1,0.01,0.2,AEC,sgutteridge
2025-04-14 11:35:15,2025-04-14 11:35:17,Ansys Geometry Interface for SolidWorks,1,0.01,0.1,AEC,sgutteridge
2025-04-14 11:28:59,2025-04-14 11:29:06,Ansys Geometry Interface for SolidWorks,1,0.01,0.1,AEC,sgutteridge
2025-04-14 11:16:22,2025-04-14 11:16:30,Ansys CFD PrepPost,1,0.01,0.1,AEC,sgutteridge
2025-04-14 11:30:37,2025-04-14 11:30:56,Ansys CFD PrepPost,1,0.01,0.1,AEC,sgutteridge
2025-04-14 11:30:10,2025-04-14 11:30:31,Ansys CFD PrepPost,1,0.01,0.1,AEC,sgutteridge
2025-04-14 11:50:42,2025-04-14 11:55:38,Ansys CFD PrepPost,1,0.08,1.1,AEC,sgutteridge
2025-04-14 11:24:14,2025-04-14 11:25:15,Ansys CFD PrepPost,1,0.02,0.2,AEC,sgutteridge
2025-04-14 11:40:57,2025-04-14 11:49:19,Ansys CFD Enterprise Solver,1,0.14,3.6,AEC,sgutteridge
2025-04-14 14:55:12,2025-04-14 14:55:16,Ansys CFD PrepPost,1,0.01,0.1,AEC,sgutteridge
2025-04-14 14:09:56,2025-04-14 14:19:54,Ansys CFD PrepPost,1,0.17,2.2,AEC,sgutteridge
2025-04-14 14:10:24,2025-04-14 14:10:33,Ansys Discovery Simulation,1,0.01,0.1,AEC,sgutteridge
2025-04-14 14:54:58,2025-04-14 14:55:07,Ansys Discovery Simulation,1,0.01,0.1,AEC,sgutteridge
2025-04-14 13:42:53,2025-04-14 13:45:21,Ansys CFD PrepPost,1,0.04,0.5,AEC,sgutteridge
2025-04-14 15:00:40,2025-04-14 15:00:48,Ansys CFD PrepPost,1,0.01,0.1,AEC,sgutteridge
2025-04-14 13:45:38,2025-04-14 13:47:36,Ansys Discovery Simulation,1,0.03,0.5,AEC,sgutteridge
2025-04-14 13:54:34,2025-04-14 13:54:59,Ansys Discovery Simulation,1,0.01,0.1,AEC,sgutteridge
2025-04-14 14:06:16,2025-04-14 14:09:33,Ansys Discovery Simulation,1,0.05,0.9,AEC,sgutteridge
2025-04-14 13:48:15,2025-04-14 13:51:07,Ansys CFD PrepPost,1,0.05,0.6,AEC,sgutteridge
2025-04-14 14:57:03,2025-04-14 14:57:11,Ansys CFD PrepPost,1,0.01,0.1,AEC,sgutteridge
2025-04-14 13:49:10,2025-04-14 13:49:37,Ansys Discovery Simulation,1,0.01,0.1,AEC,sgutteridge
2025-04-14 14:06:18,2025-04-14 14:09:31,Ansys BladeModeler,1,0.05,0.1,AEC,sgutteridge
2025-04-14 13:55:19,2025-04-14 14:40:53,Ansys Mechanical Enterprise Solver,1,0.76,19.0,AEC,nramioulle
2025-04-14 14:55:00,2025-04-14 14:55:07,Ansys BladeModeler,1,0.01,0.1,AEC,sgutteridge
2025-04-14 14:10:26,2025-04-14 14:10:33,Ansys BladeModeler,1,0.01,0.1,AEC,sgutteridge
2025-04-14 13:52:57,2025-04-14 14:47:55,Ansys Mechanical Enterprise PrepPost,1,0.92,11.9,AEC,nramioulle
2025-04-14 13:54:37,2025-04-14 13:54:57,Ansys BladeModeler,1,0.01,0.1,AEC,sgutteridge
2025-04-14 14:54:43,2025-04-14 15:01:51,Ansys Mechanical Enterprise PrepPost,1,0.12,1.5,AEC,sgutteridge
2025-04-14 14:03:34,2025-04-14 14:03:59,Ansys Mechanical Enterprise PrepPost,1,0.01,0.2,AEC,sgutteridge
2025-04-14 14:03:45,2025-04-14 14:03:56,Ansys Geometry Interface for SolidWorks,1,0.01,0.1,AEC,sgutteridge
2025-04-14 15:03:50,2025-04-14 15:14:48,Ansys CFD Enterprise Solver,1,0.18,4.8,AEC,sgutteridge
2025-04-14 14:19:56,2025-04-14 14:32:58,Ansys CFD Enterprise Solver,1,0.22,5.6,AEC,sgutteridge
2025-04-14 14:19:44,2025-04-14 14:19:49,Ansys CFD Enterprise Solver,1,0.01,0.1,AEC,sgutteridge
2025-04-14 15:01:22,2025-04-14 15:01:31,Ansys Mechanical Enterprise Solver,1,0.01,0.1,AEC,sgutteridge
2025-04-14 14:58:29,2025-04-14 14:58:42,Ansys Mechanical Enterprise Solver,1,0.01,0.1,AEC,sgutteridge
2025-04-14 15:43:55,2025-04-14 15:53:02,Ansys Mechanical Enterprise PrepPost,1,0.15,2.0,AEC,nramioulle
2025-04-14 15:32:00,2025-04-14 15:36:13,Ansys Mechanical Enterprise PrepPost,1,0.07,0.9,AEC,nramioulle
2025-04-14 16:25:26,2025-04-14 16:27:18,Ansys CFD PrepPost,1,0.03,0.4,AEC,sgutteridge
2025-04-14 16:15:50,2025-04-14 16:16:27,Ansys Geometry Interface for SolidWorks,1,0.01,0.1,AEC,sgutteridge
2025-04-14 16:15:22,2025-04-14 16:24:39,Ansys CFD PrepPost,1,0.15,2.0,AEC,sgutteridge
2025-04-14 16:26:25,2025-04-14 16:28:40,Ansys Geometry Interface for SolidWorks,1,0.04,0.2,AEC,sgutteridge
2025-04-14 16:25:47,2025-04-14 16:25:55,Ansys Geometry Interface for SolidWorks,1,0.01,0.1,AEC,sgutteridge
2025-04-14 16:40:33,2025-04-14 16:41:38,Ansys BladeModeler,1,0.02,0.1,AEC,sgutteridge
2025-04-14 16:40:31,2025-04-14 16:41:40,Ansys Discovery Simulation,1,0.02,0.3,AEC,sgutteridge
2025-04-14 16:41:09,2025-04-14 16:41:18,Ansys Geometry Interface for SolidWorks,1,0.01,0.1,AEC,sgutteridge
2025-04-14 16:35:42,2025-04-14 16:36:23,Ansys Discovery Simulation,1,0.01,0.2,AEC,sgutteridge
2025-04-14 16:43:38,2025-04-14 16:45:17,Ansys Discovery Simulation,1,0.03,0.4,AEC,sgutteridge
2025-04-14 16:35:57,2025-04-14 16:36:05,Ansys Geometry Interface for SolidWorks,1,0.01,0.1,AEC,sgutteridge
2025-04-14 16:35:44,2025-04-14 16:36:21,Ansys BladeModeler,1,0.01,0.1,AEC,sgutteridge
2025-04-14 16:43:40,2025-04-14 16:45:15,Ansys BladeModeler,1,0.03,0.1,AEC,sgutteridge
2025-04-14 17:54:59,2025-04-14 17:57:38,Ansys Discovery Simulation,1,0.04,0.7,AEC,sgutteridge
2025-04-14 17:27:06,2025-04-14 17:30:58,Ansys Discovery Simulation,1,0.06,1.0,AEC,sgutteridge
2025-04-14 18:01:30,2025-04-14 18:01:41,Ansys Discovery Simulation,1,0.01,0.1,AEC,sgutteridge
2025-04-14 18:01:33,2025-04-14 18:01:41,Ansys BladeModeler,1,0.01,0.1,AEC,sgutteridge
2025-04-14 17:04:26,2025-04-14 17:04:35,Ansys BladeModeler,1,0.01,0.1,AEC,sgutteridge
2025-04-14 17:03:55,2025-04-14 17:12:29,Ansys CFD PrepPost,1,0.14,1.9,AEC,sgutteridge
2025-04-14 17:27:08,2025-04-14 17:30:56,Ansys BladeModeler,1,0.06,0.1,AEC,sgutteridge
2025-04-14 18:21:50,2025-04-14 18:21:58,Ansys BladeModeler,1,0.01,0.1,AEC,sgutteridge
2025-04-14 18:21:48,2025-04-14 18:21:58,Ansys Discovery Simulation,1,0.01,0.1,AEC,sgutteridge
2025-04-14 18:21:30,2025-04-14 18:26:14,Ansys CFD PrepPost,1,0.08,1.0,AEC,sgutteridge
2025-04-14 17:04:24,2025-04-14 17:04:35,Ansys Discovery Simulation,1,0.01,0.1,AEC,sgutteridge
2025-04-14 17:57:57,2025-04-14 18:00:30,Ansys BladeModeler,1,0.04,0.1,AEC,sgutteridge
2025-04-14 17:57:55,2025-04-14 18:00:32,Ansys Discovery Simulation,1,0.04,0.7,AEC,sgutteridge
2025-04-14 17:55:01,2025-04-14 17:57:36,Ansys BladeModeler,1,0.04,0.1,AEC,sgutteridge
2025-04-14 18:19:18,2025-04-14 18:21:01,Ansys BladeModeler,1,0.03,0.1,AEC,sgutteridge
2025-04-14 18:01:11,2025-04-14 18:09:30,Ansys CFD PrepPost,1,0.14,1.8,AEC,sgutteridge
2025-04-14 17:31:23,2025-04-14 17:41:59,Ansys CFD PrepPost,1,0.18,2.3,AEC,sgutteridge
2025-04-14 18:16:38,2025-04-14 18:18:52,Ansys Discovery Simulation,1,0.04,0.6,AEC,sgutteridge
2025-04-14 17:31:46,2025-04-14 17:31:56,Ansys Discovery Simulation,1,0.01,0.1,AEC,sgutteridge
2025-04-14 17:24:36,2025-04-14 17:26:06,Ansys Discovery Simulation,1,0.03,0.4,AEC,sgutteridge
2025-04-14 18:16:40,2025-04-14 18:18:50,Ansys BladeModeler,1,0.04,0.1,AEC,sgutteridge
2025-04-14 17:01:11,2025-04-14 17:03:29,Ansys BladeModeler,1,0.04,0.1,AEC,sgutteridge
2025-04-14 17:25:04,2025-04-14 17:25:13,Ansys BladeModeler,1,0.01,0.1,AEC,sgutteridge
2025-04-14 17:31:48,2025-04-14 17:31:56,Ansys BladeModeler,1,0.01,0.1,AEC,sgutteridge
2025-04-14 18:19:15,2025-04-14 18:21:03,Ansys Discovery Simulation,1,0.03,0.5,AEC,sgutteridge
2025-04-14 17:01:09,2025-04-14 17:03:31,Ansys Discovery Simulation,1,0.04,0.6,AEC,sgutteridge
2025-04-14 18:26:16,2025-04-14 18:44:07,Ansys CFD Enterprise Solver,1,0.3,7.7,AEC,sgutteridge
2025-04-14 18:26:03,2025-04-14 18:26:07,Ansys CFD Enterprise Solver,1,0.01,0.1,AEC,sgutteridge
2025-04-14 19:02:40,2025-04-14 19:10:17,Ansys CFD Enterprise Solver,1,0.13,3.3,AEC,sgutteridge
2025-04-14 20:57:47,2025-04-14 21:04:15,Ansys GRANTA Materials Data for Simulation,1,0.11,3.4,AEC,sgutteridge
2025-04-14 21:20:21,2025-04-14 21:20:31,Ansys BladeModeler,1,0.01,0.1,AEC,sgutteridge
2025-04-14 21:20:18,2025-04-14 21:20:31,Ansys Discovery Simulation,1,0.01,0.1,AEC,sgutteridge
2025-04-14 20:49:39,2025-04-14 21:04:15,Ansys CFD Enterprise Solver,1,0.24,6.3,AEC,sgutteridge
2025-04-14 21:06:14,2025-04-14 21:19:21,Ansys CFD Enterprise Solver,1,0.22,5.7,AEC,sgutteridge
2025-04-14 21:21:07,2025-04-14 21:24:48,Ansys CFD Enterprise Solver,1,0.06,1.6,AEC,sgutteridge
2025-04-14 21:20:04,2025-04-14 21:27:14,Ansys Mechanical Enterprise PrepPost,1,0.12,1.6,AEC,sgutteridge
2025-04-14 21:27:22,2025-04-14 21:30:10,Ansys Mechanical Enterprise PrepPost,1,0.05,0.6,AEC,sgutteridge
2025-04-14 21:30:31,2025-04-14 21:33:33,Ansys Mechanical Enterprise PrepPost,1,0.05,0.7,AEC,sgutteridge
2025-04-14 21:31:49,2025-04-14 21:32:47,Ansys CFD PrepPost,1,0.02,0.2,AEC,sgutteridge
2025-04-14 21:27:14,2025-04-14 21:30:56,Ansys CFD PrepPost,1,0.06,39.1,AEC,sgutteridge
2025-04-14 21:31:41,2025-04-14 21:33:14,Ansys Mechanical Enterprise Solver,1,0.03,0.6,AEC,sgutteridge
2025-04-15 11:20:15,2025-04-15 11:23:22,Ansys BladeModeler,1,0.05,0.1,AEC,sgutteridge
2025-04-15 11:18:25,2025-04-15 11:19:16,Ansys BladeModeler,1,0.01,0.1,AEC,sgutteridge
2025-04-15 11:24:04,2025-04-15 11:24:14,Ansys Discovery Simulation,1,0.01,0.1,AEC,sgutteridge
2025-04-15 11:24:06,2025-04-15 11:24:14,Ansys BladeModeler,1,0.01,0.1,AEC,sgutteridge
2025-04-15 11:05:34,2025-04-15 11:08:30,Ansys Discovery Simulation,1,0.05,0.8,AEC,sgutteridge
2025-04-15 11:05:37,2025-04-15 11:08:28,Ansys BladeModeler,1,0.05,0.1,AEC,sgutteridge
2025-04-15 11:20:12,2025-04-15 11:23:24,Ansys Discovery Simulation,1,0.05,0.9,AEC,sgutteridge
2025-04-15 11:09:25,2025-04-15 11:09:33,Ansys BladeModeler,1,0.01,0.1,AEC,sgutteridge
2025-04-15 11:18:23,2025-04-15 11:19:18,Ansys Discovery Simulation,1,0.02,0.2,AEC,sgutteridge
2025-04-15 11:09:23,2025-04-15 11:09:33,Ansys Discovery Simulation,1,0.01,0.1,AEC,sgutteridge
2025-04-15 11:23:47,2025-04-15 11:38:57,Ansys CFD PrepPost,1,0.25,3.3,AEC,sgutteridge
2025-04-15 11:08:58,2025-04-15 11:12:01,Ansys CFD PrepPost,1,0.05,0.7,AEC,sgutteridge
2025-04-15 11:43:47,2025-04-15 11:51:01,Ansys Discovery Simulation,1,0.12,1.9,AEC,sgutteridge
2025-04-15 11:51:54,2025-04-15 11:52:04,Ansys Discovery Simulation,1,0.01,0.1,AEC,sgutteridge
2025-04-15 11:55:47,2025-04-15 12:24:03,Ansys Discovery Simulation,1,0.47,7.5,AEC,sgutteridge
2025-04-15 11:43:49,2025-04-15 11:50:59,Ansys BladeModeler,1,0.12,0.2,AEC,sgutteridge
2025-04-15 12:37:00,2025-04-15 12:37:10,Ansys BladeModeler,1,0.01,0.1,AEC,sgutteridge
2025-04-15 11:55:49,2025-04-15 12:24:01,Ansys BladeModeler,1,0.47,0.9,AEC,sgutteridge
2025-04-15 11:44:03,2025-04-15 11:44:11,Ansys Geometry Interface for SolidWorks,1,0.01,0.1,AEC,sgutteridge
2025-04-15 11:51:56,2025-04-15 11:52:04,Ansys BladeModeler,1,0.01,0.1,AEC,sgutteridge
2025-04-15 12:36:58,2025-04-15 12:37:10,Ansys Discovery Simulation,1,0.01,0.1,AEC,sgutteridge
2025-04-15 11:56:33,2025-04-15 11:59:36,Ansys CFD PrepPost,1,0.05,0.7,AEC,sgutteridge
2025-04-15 12:36:45,2025-04-15 13:30:40,Ansys Mechanical Enterprise PrepPost,1,0.9,11.7,AEC,sgutteridge
2025-04-15 12:41:48,2025-04-15 12:41:55,Ansys CFD PrepPost,1,0.01,0.1,AEC,sgutteridge
2025-04-15 12:45:17,2025-04-15 12:49:25,Ansys CFD PrepPost,1,0.07,0.9,AEC,sgutteridge
2025-04-15 11:51:39,2025-04-15 11:55:36,Ansys CFD PrepPost,1,0.07,0.9,AEC,sgutteridge
2025-04-15 12:49:38,2025-04-15 13:03:51,Ansys CFD PrepPost,1,0.24,3.1,AEC,sgutteridge
2025-04-15 13:17:28,2025-04-15 13:17:59,Ansys Mechanical Enterprise Solver,1,0.01,0.2,AEC,sgutteridge
2025-04-15 13:05:23,2025-04-15 13:05:56,Ansys Mechanical Enterprise Solver,1,0.01,0.2,AEC,sgutteridge
2025-04-15 13:21:27,2025-04-15 13:21:55,Ansys Mechanical Enterprise Solver,1,0.01,0.2,AEC,sgutteridge
2025-04-15 11:59:38,2025-04-15 12:36:36,Ansys CFD Enterprise Solver,1,0.62,16.0,AEC,sgutteridge
2025-04-15 13:09:14,2025-04-15 13:14:58,Ansys CFD Enterprise Solver,1,0.1,2.5,AEC,sgutteridge
2025-04-15 11:59:27,2025-04-15 11:59:31,Ansys CFD Enterprise Solver,1,0.01,0.1,AEC,sgutteridge
2025-04-15 15:12:26,2025-04-15 15:13:48,Ansys Discovery Simulation,1,0.02,0.4,AEC,sgutteridge
2025-04-15 15:14:39,2025-04-15 15:15:35,Ansys BladeModeler,1,0.02,0.1,AEC,sgutteridge
2025-04-15 15:16:08,2025-04-15 15:16:41,Ansys Discovery Simulation,1,0.01,0.1,AEC,sgutteridge
2025-04-15 15:15:03,2025-04-15 15:15:20,Ansys Electronics Enterprise Solver,1,0.01,0.1,AEC,sgutteridge
2025-04-15 15:14:37,2025-04-15 15:15:36,Ansys Discovery Simulation,1,0.02,0.3,AEC,sgutteridge
2025-04-15 15:21:21,2025-04-15 15:21:28,Ansys BladeModeler,1,0.01,0.1,AEC,sgutteridge
2025-04-15 15:17:56,2025-04-15 15:18:05,Ansys Geometry Interface for SolidWorks,1,0.01,0.1,AEC,sgutteridge
2025-04-15 15:17:25,2025-04-15 15:20:26,Ansys Discovery Simulation,1,0.05,0.8,AEC,sgutteridge
2025-04-15 15:20:45,2025-04-15 15:23:49,Ansys CFD PrepPost,1,0.05,0.7,AEC,sgutteridge
2025-04-15 15:17:28,2025-04-15 15:20:24,Ansys BladeModeler,1,0.05,0.1,AEC,sgutteridge
2025-04-15 15:21:18,2025-04-15 15:21:28,Ansys Discovery Simulation,1,0.01,0.1,AEC,sgutteridge
2025-04-15 15:23:41,2025-04-15 15:23:44,Ansys CFD Enterprise Solver,1,0.01,0.1,AEC,sgutteridge
2025-04-15 15:46:14,2025-04-15 15:57:00,Ansys CFD Enterprise Solver,1,0.18,4.7,AEC,sgutteridge
2025-04-15 15:23:51,2025-04-15 15:43:52,Ansys CFD Enterprise Solver,1,0.33,8.7,AEC,sgutteridge
2025-04-15 16:34:54,2025-04-15 16:35:04,Ansys BladeModeler,1,0.01,0.1,AEC,sgutteridge
2025-04-15 16:34:52,2025-04-15 16:35:04,Ansys Discovery Simulation,1,0.01,0.1,AEC,sgutteridge
2025-04-15 17:46:41,2025-04-15 17:50:51,Ansys CFD Enterprise Solver,1,0.07,1.8,AEC,sgutteridge
2025-04-15 16:34:40,2025-04-15 17:24:32,Ansys Mechanical Enterprise PrepPost,1,0.83,10.8,AEC,sgutteridge
2025-04-15 17:40:04,2025-04-15 17:47:44,Ansys Mechanical Enterprise PrepPost,1,0.13,1.7,AEC,sgutteridge
2025-04-15 16:38:06,2025-04-15 16:38:15,Ansys CFD PrepPost,1,0.01,0.1,AEC,sgutteridge
2025-04-15 18:47:50,2025-04-15 18:49:40,Ansys Mechanical Enterprise PrepPost,1,0.03,0.4,AEC,sgutteridge
2025-04-15 17:51:08,2025-04-15 17:51:15,Ansys CFD PrepPost,1,0.01,0.1,AEC,sgutteridge
2025-04-15 18:58:21,2025-04-15 19:18:32,Ansys Mechanical Enterprise PrepPost,1,0.34,4.4,AEC,sgutteridge
2025-04-15 16:48:42,2025-04-15 16:56:39,Ansys CFD PrepPost,1,0.13,1.7,AEC,sgutteridge
2025-04-15 17:51:21,2025-04-15 17:59:36,Ansys CFD PrepPost,1,0.14,1.8,AEC,sgutteridge
2025-04-15 19:03:05,2025-04-15 19:17:52,Ansys CFD PrepPost,1,0.25,3.2,AEC,sgutteridge
2025-04-15 18:58:45,2025-04-15 19:02:57,Ansys CFD PrepPost,1,0.07,0.9,AEC,sgutteridge
2025-04-15 17:59:42,2025-04-15 18:18:17,Ansys CFD PrepPost,1,0.31,4.0,AEC,sgutteridge
2025-04-15 16:56:45,2025-04-15 17:12:09,Ansys CFD PrepPost,1,0.26,3.3,AEC,sgutteridge
2025-04-15 17:50:56,2025-04-15 18:18:58,Ansys Mechanical Enterprise PrepPost,1,0.47,6.1,AEC,sgutteridge
2025-04-15 17:45:28,2025-04-15 17:45:55,Ansys Mechanical Enterprise Solver,1,0.01,0.2,AEC,sgutteridge
2025-04-15 18:18:26,2025-04-15 18:18:54,Ansys Mechanical Enterprise Solver,1,0.01,0.2,AEC,sgutteridge
2025-04-15 17:40:23,2025-04-15 17:40:51,Ansys Mechanical Enterprise Solver,1,0.01,0.2,AEC,sgutteridge
2025-04-15 19:17:59,2025-04-15 19:18:28,Ansys Mechanical Enterprise Solver,1,0.01,0.2,AEC,sgutteridge
2025-04-15 18:58:33,2025-04-15 18:58:40,Ansys CFD PrepPost,1,0.01,0.1,AEC,sgutteridge
2025-04-17 12:36:10,2025-04-17 12:48:43,Ansys CFD PrepPost,1,0.21,2.7,AEC,sgutteridge
2025-04-17 10:59:35,2025-04-17 11:57:14,Ansys CFD PrepPost,1,0.96,12.5,AEC,sgutteridge
2025-04-17 12:48:52,2025-04-17 12:51:58,Ansys Mechanical Enterprise PrepPost,1,0.05,0.7,AEC,sgutteridge
2025-04-17 12:26:31,2025-04-17 12:33:01,Ansys Mechanical Enterprise PrepPost,1,0.11,1.4,AEC,sgutteridge
2025-04-17 11:57:30,2025-04-17 12:19:28,Ansys Mechanical Enterprise PrepPost,1,0.37,4.8,AEC,sgutteridge
2025-04-17 13:01:53,2025-04-17 13:03:24,Ansys Mechanical Enterprise PrepPost,1,0.03,0.3,AEC,sgutteridge
2025-04-17 13:04:07,2025-04-17 13:05:21,Ansys Mechanical Enterprise PrepPost,1,0.02,0.3,AEC,sgutteridge
2025-04-17 12:59:47,2025-04-17 13:01:21,Ansys CFD Enterprise Solver,1,0.03,0.7,AEC,sgutteridge
2025-04-17 10:55:30,2025-04-17 10:58:38,Ansys CFD Enterprise Solver,1,0.05,1.4,AEC,sgutteridge
2025-04-17 14:37:05,2025-04-17 14:37:14,Ansys Geometry Interface for SolidWorks,1,0.01,0.1,AEC,sgutteridge
2025-04-17 14:41:53,2025-04-17 14:50:47,Ansys CFD Enterprise Solver,1,0.15,3.9,AEC,sgutteridge
2025-04-17 14:41:42,2025-04-17 14:41:46,Ansys CFD Enterprise Solver,1,0.01,0.1,AEC,sgutteridge
2025-04-17 14:51:23,2025-04-17 15:21:15,Ansys Mechanical Enterprise PrepPost,1,0.5,6.5,AEC,sgutteridge
2025-04-17 14:36:47,2025-04-17 14:38:52,Ansys Discovery Simulation,1,0.04,0.6,AEC,sgutteridge
2025-04-17 14:35:24,2025-04-17 14:36:21,Ansys Discovery Simulation,1,0.02,0.3,AEC,sgutteridge
2025-04-17 14:39:45,2025-04-17 14:39:55,Ansys Discovery Simulation,1,0.01,0.1,AEC,sgutteridge
2025-04-17 14:36:49,2025-04-17 14:38:51,Ansys BladeModeler,1,0.03,0.1,AEC,sgutteridge
2025-04-17 14:35:26,2025-04-17 14:36:19,Ansys BladeModeler,1,0.01,0.1,AEC,sgutteridge
2025-04-17 14:51:56,2025-04-17 14:52:03,Ansys CFD PrepPost,1,0.01,0.1,AEC,sgutteridge
2025-04-17 14:39:10,2025-04-17 14:41:50,Ansys CFD PrepPost,1,0.04,0.6,AEC,sgutteridge
2025-04-17 14:39:47,2025-04-17 14:39:55,Ansys BladeModeler,1,0.01,0.1,AEC,sgutteridge
2025-04-17 14:51:39,2025-04-17 14:51:50,Ansys Discovery Simulation,1,0.01,0.1,AEC,sgutteridge
2025-04-17 14:57:49,2025-04-17 15:00:58,Ansys CFD PrepPost,1,0.05,0.7,AEC,sgutteridge
2025-04-17 14:51:42,2025-04-17 14:51:50,Ansys BladeModeler,1,0.01,0.1,AEC,sgutteridge
2025-04-17 15:01:05,2025-04-17 15:16:12,Ansys CFD PrepPost,1,0.25,3.3,AEC,sgutteridge
2025-04-17 15:20:15,2025-04-17 15:20:46,Ansys Mechanical Enterprise Solver,1,0.01,0.2,AEC,sgutteridge
2025-04-17 15:37:07,2025-04-17 15:39:06,Ansys BladeModeler,1,0.03,0.1,AEC,sgutteridge
2025-04-17 15:37:04,2025-04-17 15:39:08,Ansys Discovery Simulation,1,0.03,0.5,AEC,sgutteridge
2025-04-17 15:44:40,2025-04-17 15:44:51,Ansys Discovery Simulation,1,0.01,0.1,AEC,sgutteridge
2025-04-17 15:37:21,2025-04-17 15:37:30,Ansys Geometry Interface for SolidWorks,1,0.01,0.1,AEC,sgutteridge
2025-04-17 15:44:43,2025-04-17 15:44:51,Ansys BladeModeler,1,0.01,0.1,AEC,sgutteridge
2025-04-17 15:53:05,2025-04-17 15:53:16,Ansys Discovery Simulation,1,0.01,0.1,AEC,sgutteridge
2025-04-17 15:53:07,2025-04-17 15:53:16,Ansys BladeModeler,1,0.01,0.1,AEC,sgutteridge
2025-04-17 15:53:22,2025-04-17 15:53:29,Ansys CFD PrepPost,1,0.01,0.1,AEC,sgutteridge
2025-04-17 15:44:15,2025-04-17 15:46:42,Ansys CFD PrepPost,1,0.04,0.5,AEC,sgutteridge
2025-04-17 16:00:14,2025-04-17 16:15:15,Ansys CFD PrepPost,1,0.25,3.3,AEC,sgutteridge
2025-04-17 15:57:15,2025-04-17 16:00:07,Ansys CFD PrepPost,1,0.05,0.6,AEC,sgutteridge
2025-04-17 15:46:34,2025-04-17 15:46:38,Ansys CFD Enterprise Solver,1,0.01,0.1,AEC,sgutteridge
2025-04-17 15:46:45,2025-04-17 15:52:34,Ansys CFD Enterprise Solver,1,0.1,2.5,AEC,sgutteridge
2025-04-17 15:52:46,2025-04-17 16:17:10,Ansys Mechanical Enterprise PrepPost,1,0.41,5.3,AEC,sgutteridge
2025-04-17 16:16:24,2025-04-17 16:16:51,Ansys Mechanical Enterprise Solver,1,0.01,0.2,AEC,sgutteridge
2025-04-17 16:37:14,2025-04-17 16:43:27,Ansys Mechanical Enterprise PrepPost,1,0.1,1.3,AEC,sgutteridge
2025-04-17 17:03:07,2025-04-17 17:05:37,Ansys CFD Enterprise Solver,1,0.04,1.1,AEC,sgutteridge
2025-04-17 16:48:28,2025-04-17 16:50:18,Ansys CFD Enterprise Solver,1,0.03,0.8,AEC,sgutteridge
2025-04-17 16:51:15,2025-04-17 17:06:27,Ansys CFD PrepPost,1,0.25,3.3,AEC,sgutteridge
2025-04-17 18:00:42,2025-04-17 18:04:05,Ansys Discovery Simulation,1,0.06,0.9,AEC,sgutteridge
2025-04-17 18:00:16,2025-04-17 18:00:42,Ansys Discovery Simulation,1,0.01,0.1,AEC,sgutteridge
2025-04-17 18:00:18,2025-04-17 18:04:03,Ansys BladeModeler,1,0.06,0.1,AEC,sgutteridge
2025-04-17 18:08:20,2025-04-17 18:18:38,Ansys CFD Enterprise Solver,1,0.17,4.5,AEC,sgutteridge
2025-04-17 18:04:54,2025-04-17 18:05:01,Ansys BladeModeler,1,0.01,0.1,AEC,sgutteridge
2025-04-17 18:00:42,2025-04-17 18:00:51,Ansys Geometry Interface for SolidWorks,1,0.01,0.1,AEC,sgutteridge
2025-04-17 18:04:24,2025-04-17 18:08:18,Ansys CFD PrepPost,1,0.06,0.8,AEC,sgutteridge
2025-04-17 18:08:10,2025-04-17 18:08:14,Ansys CFD Enterprise Solver,1,0.01,0.1,AEC,sgutteridge
2025-04-17 18:04:52,2025-04-17 18:05:01,Ansys Discovery Simulation,1,0.01,0.1,AEC,sgutteridge
2025-04-18 10:21:13,2025-04-18 10:21:34,Ansys Discovery Simulation,1,0.01,0.2,AEC,sgutteridge
2025-04-18 10:21:16,2025-04-18 10:21:32,Ansys BladeModeler,1,0.01,0.1,AEC,sgutteridge
2025-04-18 10:26:05,2025-04-18 10:26:13,Ansys BladeModeler,1,0.01,0.1,AEC,sgutteridge
2025-04-18 10:26:03,2025-04-18 10:26:13,Ansys Discovery Simulation,1,0.01,0.1,AEC,sgutteridge
2025-04-18 10:28:31,2025-04-18 10:37:22,Ansys CFD Enterprise Solver,1,0.15,3.8,AEC,sgutteridge
2025-04-18 10:22:12,2025-04-18 10:28:28,Ansys CFD PrepPost,1,0.1,1.4,AEC,sgutteridge
2025-04-18 10:28:21,2025-04-18 10:28:24,Ansys CFD Enterprise Solver,1,0.01,0.1,AEC,sgutteridge
2025-04-18 10:41:46,2025-04-18 10:41:53,Ansys BladeModeler,1,0.01,0.1,AEC,sgutteridge
2025-04-18 10:41:43,2025-04-18 10:41:53,Ansys Discovery Simulation,1,0.01,0.1,AEC,sgutteridge
2025-04-18 10:59:55,2025-04-18 11:02:36,Ansys CFD PrepPost,1,0.04,0.6,AEC,sgutteridge
2025-04-18 11:20:35,2025-04-18 11:20:43,Ansys CFD PrepPost,1,0.01,0.1,AEC,sgutteridge
2025-04-18 10:39:54,2025-04-18 10:54:07,Ansys CFD PrepPost,1,0.24,3.1,AEC,sgutteridge
2025-04-18 11:48:49,2025-04-18 12:03:05,Ansys CFD PrepPost,1,0.24,3.1,AEC,sgutteridge
2025-04-18 10:58:58,2025-04-18 10:59:33,Ansys CFD PrepPost,1,0.01,0.1,AEC,sgutteridge
2025-04-18 11:45:07,2025-04-18 11:48:43,Ansys CFD PrepPost,1,0.06,0.8,AEC,sgutteridge
2025-04-18 11:25:34,2025-04-18 11:40:00,Ansys CFD PrepPost,1,0.24,3.1,AEC,sgutteridge
2025-04-18 11:21:51,2025-04-18 11:25:28,Ansys CFD PrepPost,1,0.06,0.8,AEC,sgutteridge
2025-04-18 11:42:36,2025-04-18 11:42:44,Ansys CFD PrepPost,1,0.01,0.1,AEC,sgutteridge
2025-04-18 10:55:03,2025-04-18 10:58:35,Ansys CFD PrepPost,1,0.06,0.8,AEC,sgutteridge
2025-04-18 10:56:54,2025-04-18 10:57:05,Ansys Discovery Simulation,1,0.01,0.1,AEC,sgutteridge
2025-04-18 10:57:52,2025-04-18 10:58:01,Ansys BladeModeler,1,0.01,0.1,AEC,sgutteridge
2025-04-18 11:00:27,2025-04-18 11:00:36,Ansys BladeModeler,1,0.01,0.1,AEC,sgutteridge
2025-04-18 11:00:25,2025-04-18 11:00:36,Ansys Discovery Simulation,1,0.01,0.1,AEC,sgutteridge
2025-04-18 10:57:50,2025-04-18 10:58:01,Ansys Discovery Simulation,1,0.01,0.1,AEC,sgutteridge
2025-04-18 10:56:57,2025-04-18 10:57:05,Ansys BladeModeler,1,0.01,0.1,AEC,sgutteridge
2025-04-18 11:02:28,2025-04-18 11:02:32,Ansys CFD Enterprise Solver,1,0.01,0.1,AEC,sgutteridge
2025-04-18 11:02:38,2025-04-18 11:14:45,Ansys CFD Enterprise Solver,1,0.2,5.3,AEC,sgutteridge
2025-04-18 11:15:07,2025-04-18 11:20:04,Ansys CFD Enterprise Solver,1,0.08,2.1,AEC,sgutteridge
2025-04-18 11:20:16,2025-04-18 11:41:27,Ansys Mechanical Enterprise PrepPost,1,0.35,4.6,AEC,sgutteridge
2025-04-18 11:42:25,2025-04-18 11:42:57,Ansys Mechanical Enterprise PrepPost,1,0.01,0.1,AEC,sgutteridge
2025-04-18 11:43:00,2025-04-18 12:08:03,Ansys Mechanical Enterprise PrepPost,1,0.42,5.4,AEC,sgutteridge
2025-04-18 11:40:26,2025-04-18 11:40:57,Ansys Mechanical Enterprise Solver,1,0.01,0.2,AEC,sgutteridge
2025-04-18 12:06:32,2025-04-18 12:06:56,Ansys Mechanical Enterprise Solver,1,0.01,0.2,AEC,sgutteridge
2025-04-18 13:35:13,2025-04-18 13:35:17,Ansys CFD Enterprise Solver,1,0.01,0.1,AEC,sgutteridge
2025-04-18 13:30:06,2025-04-18 13:31:47,Ansys CFD Enterprise Solver,1,0.03,0.7,AEC,sgutteridge
2025-04-18 13:35:23,2025-04-18 13:48:02,Ansys CFD Enterprise Solver,1,0.21,5.5,AEC,sgutteridge
2025-04-18 13:33:34,2025-04-18 13:33:45,Ansys Discovery Simulation,1,0.01,0.1,AEC,sgutteridge
2025-04-18 13:32:29,2025-04-18 13:35:21,Ansys CFD PrepPost,1,0.05,0.6,AEC,sgutteridge
2025-04-18 13:51:00,2025-04-18 13:54:37,Ansys CFD PrepPost,1,0.06,0.8,AEC,sgutteridge
2025-04-18 13:54:44,2025-04-18 14:08:58,Ansys CFD PrepPost,1,0.24,3.1,AEC,sgutteridge
2025-04-18 13:33:37,2025-04-18 13:33:45,Ansys BladeModeler,1,0.01,0.1,AEC,sgutteridge
2025-04-18 13:49:12,2025-04-18 13:49:19,Ansys CFD PrepPost,1,0.01,0.1,AEC,sgutteridge
2025-04-18 13:48:58,2025-04-18 13:49:07,Ansys BladeModeler,1,0.01,0.1,AEC,sgutteridge
2025-04-18 14:09:42,2025-04-18 14:10:07,Ansys Mechanical Enterprise Solver,1,0.01,0.2,AEC,sgutteridge
2025-04-18 13:48:21,2025-04-18 14:10:45,Ansys Mechanical Enterprise PrepPost,1,0.37,4.9,AEC,sgutteridge
2025-04-18 16:27:00,2025-04-18 16:27:28,Ansys Mechanical Enterprise Solver,1,0.01,0.2,AEC,sgutteridge
2025-04-18 16:19:32,2025-04-18 16:20:01,Ansys Mechanical Enterprise Solver,1,0.01,0.2,AEC,sgutteridge
2025-04-18 16:30:24,2025-04-18 16:30:54,Ansys Mechanical Enterprise Solver,1,0.01,0.2,AEC,sgutteridge
2025-04-18 16:16:17,2025-04-18 16:37:12,Ansys Mechanical Enterprise PrepPost,1,0.35,4.5,AEC,sgutteridge
2025-04-18 16:42:43,2025-04-18 16:42:51,Ansys BladeModeler,1,0.01,0.1,AEC,sgutteridge
2025-04-18 16:42:41,2025-04-18 16:42:51,Ansys Discovery Simulation,1,0.01,0.1,AEC,sgutteridge
2025-04-18 16:39:05,2025-04-18 16:40:58,Ansys Discovery Simulation,1,0.03,0.5,AEC,sgutteridge
2025-04-18 16:54:59,2025-04-18 16:55:08,Ansys CFD PrepPost,1,0.01,0.1,AEC,sgutteridge
2025-04-18 16:39:23,2025-04-18 16:39:31,Ansys Geometry Interface for SolidWorks,1,0.01,0.1,AEC,sgutteridge
2025-04-18 16:42:11,2025-04-18 16:45:19,Ansys CFD PrepPost,1,0.05,0.7,AEC,sgutteridge
2025-04-18 16:54:47,2025-04-18 16:54:54,Ansys Discovery Simulation,1,0.01,0.1,AEC,sgutteridge
2025-04-18 16:45:21,2025-04-18 16:54:20,Ansys CFD Enterprise Solver,1,0.15,3.9,AEC,sgutteridge
2025-04-18 17:00:51,2025-04-18 17:03:40,Ansys CFD PrepPost,1,0.05,0.6,AEC,sgutteridge
2025-04-18 17:48:47,2025-04-18 18:01:17,Ansys CFD PrepPost,1,0.21,2.7,AEC,sgutteridge
2025-04-18 16:45:10,2025-04-18 16:45:14,Ansys CFD Enterprise Solver,1,0.01,0.1,AEC,sgutteridge
2025-04-18 18:02:43,2025-04-18 18:07:28,Ansys CFD PrepPost,1,0.08,1.0,AEC,sgutteridge
2025-04-18 16:54:28,2025-04-18 17:18:50,Ansys Mechanical Enterprise PrepPost,1,0.41,5.3,AEC,sgutteridge
2025-04-18 17:03:46,2025-04-18 17:17:25,Ansys CFD PrepPost,1,0.23,3.0,AEC,sgutteridge
2025-04-18 16:39:09,2025-04-18 16:40:55,Ansys BladeModeler,1,0.03,0.1,AEC,sgutteridge
2025-04-18 16:54:47,2025-04-18 16:54:54,Ansys BladeModeler,1,0.01,0.1,AEC,sgutteridge
2025-04-18 17:17:55,2025-04-18 17:18:25,Ansys Mechanical Enterprise Solver,1,0.01,0.2,AEC,sgutteridge
2025-04-20 00:14:32,2025-04-20 00:17:45,Ansys Mechanical Enterprise PrepPost,1,0.05,0.7,AEC,sgutteridge
2025-04-20 00:12:11,2025-04-20 00:13:57,Ansys Mechanical Enterprise PrepPost,1,0.03,0.4,AEC,sgutteridge
2025-04-22 13:00:18,2025-04-22 13:00:49,Ansys Mechanical Enterprise PrepPost,1,0.01,0.1,AEC,nramioulle
2025-04-22 14:05:27,2025-04-22 14:11:42,Ansys Mechanical Enterprise PrepPost,1,0.1,1.4,AEC,nramioulle
2025-04-22 14:10:46,2025-04-22 14:10:54,Ansys Mechanical Enterprise Solver,1,0.01,0.1,AEC,nramioulle
2025-04-22 14:15:13,2025-04-22 14:21:04,Ansys Mechanical Enterprise PrepPost,1,0.1,1.3,AEC,nramioulle
2025-04-22 14:23:33,2025-04-22 14:24:02,Ansys Mechanical Enterprise PrepPost,1,0.01,0.1,AEC,nramioulle
2025-04-22 14:38:08,2025-04-22 14:41:27,Ansys Mechanical Enterprise PrepPost,1,0.06,0.7,AEC,nramioulle
2025-04-22 14:50:52,2025-04-22 14:58:47,Ansys Mechanical Enterprise PrepPost,1,0.13,1.7,AEC,nramioulle
2025-04-22 14:41:30,2025-04-22 14:45:02,Ansys Mechanical Enterprise PrepPost,1,0.06,0.8,AEC,nramioulle
2025-04-22 14:45:33,2025-04-22 14:50:38,Ansys Mechanical Enterprise PrepPost,1,0.08,1.1,AEC,nramioulle
2025-04-22 14:48:58,2025-04-22 14:49:02,Ansys BladeModeler,1,0.01,0.1,AEC,sgutteridge
2025-04-22 14:47:39,2025-04-22 14:47:43,Ansys Geometry Interface for SolidWorks,1,0.01,0.1,AEC,sgutteridge
2025-04-22 14:52:49,2025-04-22 14:58:31,Ansys Discovery Simulation,1,0.09,1.5,AEC,sgutteridge
2025-04-22 14:59:11,2025-04-22 14:59:48,Ansys Electronics Enterprise Prep/Post,1,0.01,0.1,AEC,sgutteridge
2025-04-22 14:48:56,2025-04-22 14:49:02,Ansys Discovery Simulation,1,0.01,0.1,AEC,sgutteridge
2025-04-22 14:47:25,2025-04-22 14:48:43,Ansys Discovery Simulation,1,0.02,0.3,AEC,sgutteridge
2025-04-22 14:47:27,2025-04-22 14:48:41,Ansys BladeModeler,1,0.02,0.1,AEC,sgutteridge
2025-04-22 14:51:29,2025-04-22 14:51:35,Ansys Mechanical Enterprise Solver,1,0.01,0.1,AEC,nramioulle
2025-04-22 14:53:06,2025-04-22 14:53:13,Ansys BladeModeler,1,0.01,0.1,AEC,sgutteridge
2025-04-22 15:00:10,2025-04-22 15:00:43,Ansys Discovery Simulation,1,0.01,0.1,AEC,sgutteridge
2025-04-22 14:58:36,2025-04-22 14:59:07,Ansys Discovery Simulation,1,0.01,0.1,AEC,sgutteridge
2025-04-22 14:49:07,2025-04-22 14:51:33,Ansys Electronics Enterprise Prep/Post,1,0.04,0.5,AEC,sgutteridge
2025-04-22 14:59:32,2025-04-22 15:00:05,Ansys Discovery Simulation,1,0.01,0.1,AEC,sgutteridge
2025-04-22 15:00:47,2025-04-22 15:03:41,Ansys Electronics Enterprise Prep/Post,1,0.05,0.6,AEC,sgutteridge
2025-04-22 15:01:53,2025-04-22 15:02:12,Ansys Electronics Enterprise Solver,2,0.01,0.3,AEC,sgutteridge
2025-04-22 15:01:11,2025-04-22 15:01:31,Ansys Electronics Enterprise Solver,1,0.01,0.1,AEC,sgutteridge
2025-04-24 10:44:07,2025-04-24 10:48:58,Ansys Discovery Simulation,1,0.08,1.3,AEC,sgutteridge
2025-04-24 10:45:01,2025-04-24 10:45:09,Ansys BladeModeler,1,0.01,0.1,AEC,sgutteridge
2025-04-24 10:34:57,2025-04-24 10:36:04,Ansys Discovery Simulation,1,0.02,0.3,AEC,sgutteridge
2025-04-24 10:49:46,2025-04-24 10:50:14,Ansys Discovery Simulation,1,0.01,0.1,AEC,sgutteridge
2025-04-24 10:35:13,2025-04-24 10:35:17,Ansys Geometry Interface for SolidWorks,1,0.01,0.1,AEC,sgutteridge
2025-04-24 10:36:39,2025-04-24 10:42:07,Ansys Discovery Simulation,1,0.09,1.5,AEC,sgutteridge
2025-04-24 10:35:00,2025-04-24 10:36:02,Ansys BladeModeler,1,0.02,0.1,AEC,sgutteridge
2025-04-24 10:49:17,2025-04-24 10:56:21,Ansys CFD PrepPost,1,0.12,1.5,AEC,sgutteridge
2025-04-24 10:56:24,2025-04-24 11:08:22,Ansys CFD Enterprise Solver,1,0.2,5.2,AEC,sgutteridge
2025-04-24 10:56:13,2025-04-24 10:56:17,Ansys CFD Enterprise Solver,1,0.01,0.1,AEC,sgutteridge
2025-04-24 16:52:36,2025-04-24 16:54:11,Ansys Zemax OpticStudio Enterprise,1,0.03,0.5,AEC,tutley
2025-04-24 17:02:59,2025-04-24 17:03:55,Ansys Zemax OpticStudio Enterprise,1,0.02,0.3,AEC,tutley
2025-04-28 16:20:01,2025-04-28 16:20:34,Ansys Zemax OpticStudio Enterprise,1,0.01,0.2,AEC,tutley
2025-04-29 11:50:20,2025-04-29 11:52:36,Ansys Mechanical Enterprise PrepPost,1,0.04,0.5,AEC,eduffield
2025-04-29 14:39:52,2025-04-29 14:42:08,Ansys Zemax OpticStudio Enterprise,1,0.04,0.7,AEC,tutley
2025-04-29 14:42:10,2025-04-29 14:45:37,Ansys Zemax OpticStudio Enterprise,1,0.06,1.1,AEC,tutley
2025-04-30 10:09:06,2025-04-30 10:12:57,Ansys Mechanical Enterprise PrepPost,1,0.06,0.8,AEC,eduffield
2025-04-30 09:30:08,2025-04-30 10:08:14,Ansys Mechanical Enterprise PrepPost,1,0.64,8.3,AEC,eduffield
2025-04-30 09:29:00,2025-04-30 09:29:36,Ansys Mechanical Enterprise PrepPost,1,0.01,0.1,AEC,eduffield
2025-04-30 10:14:42,2025-04-30 10:45:20,Ansys Mechanical Enterprise PrepPost,1,0.51,6.6,AEC,eduffield
2025-04-30 09:38:15,2025-04-30 09:42:21,Ansys Mechanical Enterprise Solver,1,0.07,1.7,AEC,eduffield
2025-04-30 09:42:43,2025-04-30 09:45:09,Ansys Mechanical Enterprise Solver,1,0.04,1.0,AEC,eduffield
2025-04-30 10:15:35,2025-04-30 10:18:05,Ansys Mechanical Enterprise Solver,1,0.04,1.0,AEC,eduffield
2025-04-30 10:13:36,2025-04-30 10:43:38,Ansys GRANTA Materials Data for Simulation,1,0.5,16.0,AEC,eduffield
2025-04-30 09:37:57,2025-04-30 10:07:59,Ansys GRANTA Materials Data for Simulation,1,0.5,16.0,AEC,eduffield
2025-04-30 10:10:18,2025-04-30 10:12:25,Ansys HPC,2,0.04,0.4,AEC,eduffield
2025-04-30 10:31:53,2025-04-30 10:34:19,Ansys Mechanical Enterprise Solver,1,0.04,1.0,AEC,eduffield
2025-04-30 10:10:04,2025-04-30 10:12:32,Ansys Mechanical Enterprise Solver,1,0.04,1.0,AEC,eduffield
2025-04-30 10:39:35,2025-04-30 10:44:34,Ansys HPC,2,0.08,0.8,AEC,eduffield
2025-04-30 09:38:47,2025-04-30 09:42:19,Ansys HPC,2,0.06,0.6,AEC,eduffield
2025-04-30 10:39:20,2025-04-30 10:44:35,Ansys Mechanical Enterprise Solver,1,0.09,2.2,AEC,eduffield
2025-04-30 10:15:49,2025-04-30 10:17:59,Ansys HPC,2,0.04,0.4,AEC,eduffield
2025-04-30 10:32:07,2025-04-30 10:34:13,Ansys HPC,2,0.04,0.4,AEC,eduffield
2025-04-30 09:42:58,2025-04-30 09:45:05,Ansys HPC,2,0.04,0.4,AEC,eduffield
2025-05-01 10:41:46,2025-05-01 10:57:26,Ansys Mechanical Enterprise PrepPost,1,0.26,3.4,AEC,eduffield
2025-05-01 10:47:27,2025-05-01 10:48:13,Ansys Discovery Simulation,1,0.01,0.2,AEC,nramioulle
2025-05-01 10:48:43,2025-05-01 10:49:39,Ansys Discovery Simulation,1,0.02,0.2,AEC,nramioulle
2025-05-01 10:49:33,2025-05-01 10:52:24,Ansys Mechanical Enterprise Solver,1,0.05,1.2,AEC,eduffield
2025-05-01 10:53:23,2025-05-01 10:55:57,Ansys HPC,2,0.04,0.4,AEC,eduffield
2025-05-01 10:49:50,2025-05-01 10:52:17,Ansys HPC,2,0.04,0.4,AEC,eduffield
2025-05-01 10:53:08,2025-05-01 10:56:03,Ansys Mechanical Enterprise Solver,1,0.05,1.2,AEC,eduffield
2025-05-01 10:49:59,2025-05-01 11:23:56,Ansys Mechanical Enterprise PrepPost,1,0.57,7.4,AEC,nramioulle
2025-05-01 11:01:43,2025-05-01 11:01:54,Ansys Mechanical Enterprise Solver,1,0.01,0.1,AEC,nramioulle
2025-05-01 11:02:14,2025-05-01 11:02:54,Ansys Mechanical Enterprise Solver,1,0.01,0.3,AEC,nramioulle
2025-05-01 11:03:51,2025-05-01 11:04:43,Ansys Mechanical Enterprise Solver,1,0.01,0.4,AEC,nramioulle
2025-05-01 11:08:28,2025-05-01 11:09:11,Ansys Mechanical Enterprise Solver,1,0.01,0.3,AEC,nramioulle
2025-05-01 11:21:23,2025-05-01 11:22:15,Ansys Mechanical Enterprise Solver,1,0.01,0.4,AEC,nramioulle
2025-05-01 10:53:17,2025-05-01 11:24:01,Ansys GRANTA Materials Data for Simulation,1,0.51,16.4,AEC,nramioulle
2025-05-01 11:19:03,2025-05-01 11:20:34,Ansys Mechanical Enterprise Solver,1,0.03,0.6,AEC,nramioulle
2025-05-01 13:01:42,2025-05-01 13:35:47,Ansys Mechanical Enterprise PrepPost,1,0.57,7.4,AEC,eduffield
2025-05-01 13:04:57,2025-05-01 13:07:54,Ansys Mechanical Enterprise Solver,1,0.05,1.2,AEC,eduffield
2025-05-01 13:09:41,2025-05-01 13:12:11,Ansys HPC,2,0.04,0.4,AEC,eduffield
2025-05-01 13:05:14,2025-05-01 13:07:47,Ansys HPC,2,0.04,0.4,AEC,eduffield
2025-05-01 13:09:26,2025-05-01 13:12:17,Ansys Mechanical Enterprise Solver,1,0.05,1.2,AEC,eduffield
2025-05-01 14:23:59,2025-05-01 14:37:13,Ansys Mechanical Enterprise PrepPost,1,0.22,2.9,AEC,eduffield
2025-05-01 13:56:59,2025-05-01 14:23:27,Ansys Mechanical Enterprise PrepPost,1,0.44,5.7,AEC,eduffield
2025-05-01 14:02:06,2025-05-01 14:03:07,Ansys Zemax OpticStudio Enterprise,1,0.02,0.3,AEC,tutley
2025-05-01 14:18:47,2025-05-01 14:21:30,Ansys Mechanical Enterprise Solver,1,0.05,1.1,AEC,eduffield
2025-05-01 14:32:46,2025-05-01 14:35:24,Ansys HPC,2,0.04,0.4,AEC,eduffield
2025-05-01 14:13:51,2025-05-01 14:16:38,Ansys Mechanical Enterprise Solver,1,0.05,1.2,AEC,eduffield
2025-05-01 14:32:29,2025-05-01 14:35:30,Ansys Mechanical Enterprise Solver,1,0.05,1.3,AEC,eduffield
2025-05-01 14:28:19,2025-05-01 14:31:18,Ansys Mechanical Enterprise Solver,1,0.05,1.2,AEC,eduffield
2025-05-01 14:08:56,2025-05-01 14:11:37,Ansys Mechanical Enterprise Solver,1,0.04,1.1,AEC,eduffield
2025-05-01 14:14:06,2025-05-01 14:16:32,Ansys HPC,2,0.04,0.4,AEC,eduffield
2025-05-01 14:03:47,2025-05-01 14:06:08,Ansys HPC,2,0.04,0.4,AEC,eduffield
2025-05-01 14:28:35,2025-05-01 14:31:11,Ansys HPC,2,0.04,0.4,AEC,eduffield
2025-05-01 14:05:30,2025-05-01 14:07:18,Ansys Zemax OpticStudio Enterprise,1,0.03,0.6,AEC,tutley
2025-05-01 14:03:32,2025-05-01 14:06:09,Ansys Mechanical Enterprise Solver,1,0.04,1.1,AEC,eduffield
2025-05-01 14:09:10,2025-05-01 14:11:30,Ansys HPC,2,0.04,0.4,AEC,eduffield
2025-05-01 14:19:01,2025-05-01 14:21:24,Ansys HPC,2,0.04,0.4,AEC,eduffield
2025-05-01 14:15:43,2025-05-01 14:23:36,Ansys Mechanical Enterprise PrepPost,1,0.13,1.7,AEC,tutley
2025-05-01 14:15:59,2025-05-01 14:16:22,Ansys Discovery Simulation,1,0.01,0.1,AEC,tutley
2025-05-01 14:14:37,2025-05-01 14:15:40,Ansys Discovery Simulation,1,0.02,0.3,AEC,tutley
2025-05-01 14:16:35,2025-05-01 14:23:37,Ansys GRANTA Materials Data for Simulation,1,0.12,3.8,AEC,tutley
2025-05-01 14:19:10,2025-05-01 14:19:23,Ansys Mechanical Enterprise Solver,1,0.01,0.1,AEC,tutley
2025-05-01 14:18:31,2025-05-01 14:18:33,Ansys Mechanical Enterprise Solver,1,0.01,0.1,AEC,tutley
2025-05-01 14:20:51,2025-05-01 14:21:06,Ansys Mechanical Enterprise Solver,1,0.01,0.1,AEC,tutley
2025-05-01 14:28:10,2025-05-01 14:29:56,Ansys Discovery Simulation,1,0.03,0.5,AEC,tutley
2025-05-01 14:30:27,2025-05-01 14:41:01,Ansys Mechanical Enterprise PrepPost,1,0.18,2.3,AEC,tutley
2025-05-01 14:37:41,2025-05-01 14:37:45,Ansys Mechanical Enterprise Solver,1,0.01,0.1,AEC,tutley
2025-05-01 14:34:46,2025-05-01 14:35:08,Ansys Discovery Simulation,1,0.01,0.1,AEC,tutley
2025-05-01 14:36:51,2025-05-01 14:36:53,Ansys Mechanical Enterprise Solver,1,0.01,0.1,AEC,tutley
2025-05-01 14:37:11,2025-05-01 14:37:14,Ansys Mechanical Enterprise Solver,1,0.01,0.1,AEC,tutley
2025-05-01 14:30:08,2025-05-01 14:30:18,Ansys Mechanical Enterprise PrepPost,1,0.01,0.1,AEC,tutley
2025-05-01 14:38:53,2025-05-01 14:39:08,Ansys Mechanical Enterprise Solver,1,0.01,0.1,AEC,tutley
2025-05-01 14:36:45,2025-05-01 14:36:48,Ansys Mechanical Enterprise Solver,1,0.01,0.1,AEC,tutley
2025-05-01 14:35:36,2025-05-01 14:35:57,Ansys Discovery Simulation,1,0.01,0.1,AEC,tutley
2025-05-01 14:37:59,2025-05-01 14:38:01,Ansys Mechanical Enterprise Solver,1,0.01,0.1,AEC,tutley
2025-05-01 14:52:53,2025-05-01 15:02:00,Ansys Mechanical Enterprise PrepPost,1,0.15,2.0,AEC,eduffield
2025-05-01 14:48:04,2025-05-01 14:49:46,Ansys Mechanical Enterprise PrepPost,1,0.03,0.4,AEC,eduffield
2025-05-01 14:43:46,2025-05-01 14:54:45,Ansys Mechanical Enterprise PrepPost,1,0.18,2.4,AEC,tutley
2025-05-01 14:56:15,2025-05-01 14:56:48,Ansys Mechanical Enterprise PrepPost,1,0.01,0.1,AEC,tutley
2025-05-01 15:00:43,2025-05-01 15:01:16,Ansys Mechanical Enterprise Solver,1,0.01,0.2,AEC,eduffield
2025-05-01 14:59:19,2025-05-01 14:59:42,Ansys HPC,2,0.01,0.1,AEC,eduffield
2025-05-01 14:59:10,2025-05-01 14:59:44,Ansys Mechanical Enterprise Solver,1,0.01,0.2,AEC,eduffield
2025-05-01 14:57:39,2025-05-01 14:58:13,Ansys Mechanical Enterprise Solver,1,0.01,0.2,AEC,eduffield
2025-05-01 14:57:47,2025-05-01 14:58:10,Ansys HPC,2,0.01,0.1,AEC,eduffield
2025-05-01 15:00:52,2025-05-01 15:01:14,Ansys HPC,2,0.01,0.1,AEC,eduffield
2025-05-01 14:56:11,2025-05-01 14:56:45,Ansys Mechanical Enterprise Solver,1,0.01,0.2,AEC,eduffield
2025-05-01 14:56:19,2025-05-01 14:56:42,Ansys HPC,2,0.01,0.1,AEC,eduffield
2025-05-01 15:15:29,2025-05-01 15:28:38,Ansys Mechanical Enterprise PrepPost,1,0.22,2.9,AEC,tutley
2025-05-01 14:52:08,2025-05-01 15:28:41,Ansys Zemax OpticStudio Enterprise,1,0.61,11.6,AEC,tutley
2025-05-01 15:29:06,2025-05-01 16:09:50,Ansys Zemax OpticStudio Enterprise,1,0.68,12.9,AEC,tutley
2025-05-01 15:54:23,2025-05-01 16:09:54,Ansys Mechanical Enterprise PrepPost,1,0.26,3.4,AEC,tutley
2025-05-02 12:22:58,2025-05-02 12:23:52,Ansys Mechanical Enterprise PrepPost,1,0.01,0.2,AEC,tutley
2025-05-02 12:24:05,2025-05-02 12:27:25,Ansys Zemax OpticStudio Enterprise,1,0.06,1.1,AEC,tutley
2025-05-02 15:40:13,2025-05-02 15:42:12,Ansys Discovery Simulation,1,0.03,0.5,AEC,tutley
2025-05-02 16:33:59,2025-05-02 16:34:22,Ansys Discovery Simulation,1,0.01,0.1,AEC,tutley
2025-05-02 16:11:32,2025-05-02 16:11:54,Ansys Discovery Simulation,1,0.01,0.1,AEC,tutley
2025-05-02 16:15:26,2025-05-02 16:20:39,Ansys Discovery Simulation,1,0.09,1.4,AEC,tutley
2025-05-02 15:49:15,2025-05-02 15:49:47,Ansys Discovery Simulation,1,0.01,0.1,AEC,tutley
2025-05-02 16:40:26,2025-05-02 16:41:01,Ansys Discovery Simulation,1,0.01,0.2,AEC,tutley
2025-05-02 16:35:04,2025-05-02 16:36:32,Ansys Discovery Simulation,1,0.02,0.4,AEC,tutley
2025-05-02 16:41:52,2025-05-02 16:42:14,Ansys Discovery Simulation,1,0.01,0.1,AEC,tutley
2025-05-02 16:05:20,2025-05-02 16:06:29,Ansys Discovery Simulation,1,0.02,0.3,AEC,tutley
2025-05-02 15:40:13,2025-05-02 15:47:12,Ansys Discovery Simulation,1,0.12,1.9,AEC,tutley
2025-05-02 16:36:43,2025-05-02 16:37:06,Ansys Discovery Simulation,1,0.01,0.1,AEC,tutley
2025-05-02 15:49:00,2025-05-02 17:00:21,Ansys Mechanical Enterprise PrepPost,1,1.19,15.5,AEC,tutley
2025-05-02 16:13:24,2025-05-02 16:13:54,Ansys Discovery Simulation,1,0.01,0.1,AEC,tutley
2025-05-02 16:23:53,2025-05-02 16:33:49,Ansys Discovery Simulation,1,0.17,2.6,AEC,tutley
2025-05-02 16:08:16,2025-05-02 16:11:21,Ansys Discovery Simulation,1,0.05,0.8,AEC,tutley
2025-05-02 16:43:39,2025-05-02 16:44:51,Ansys Mechanical Enterprise Solver,1,0.02,0.5,AEC,tutley
2025-05-02 16:39:48,2025-05-02 16:39:50,Ansys Mechanical Enterprise Solver,1,0.01,0.1,AEC,tutley
2025-05-02 16:49:21,2025-05-02 16:49:48,Ansys Mechanical Enterprise Solver,1,0.01,0.2,AEC,tutley
2025-05-02 16:38:11,2025-05-02 16:38:14,Ansys Mechanical Enterprise Solver,1,0.01,0.1,AEC,tutley
2025-05-02 16:45:10,2025-05-02 16:45:36,Ansys Mechanical Enterprise Solver,1,0.01,0.2,AEC,tutley
2025-05-02 16:47:49,2025-05-02 16:48:13,Ansys Mechanical Enterprise Solver,1,0.01,0.2,AEC,tutley
2025-05-02 16:51:27,2025-05-02 16:51:55,Ansys Mechanical Enterprise Solver,1,0.01,0.2,AEC,tutley
2025-05-02 16:54:22,2025-05-02 16:54:52,Ansys Mechanical Enterprise Solver,1,0.01,0.2,AEC,tutley
2025-05-02 16:45:21,2025-05-02 16:45:33,Ansys HPC,14,0.01,0.1,AEC,tutley
2025-05-02 16:54:33,2025-05-02 16:54:48,Ansys HPC,14,0.01,0.1,AEC,tutley
2025-05-02 16:49:33,2025-05-02 16:49:46,Ansys HPC,14,0.01,0.1,AEC,tutley
2025-05-02 16:51:39,2025-05-02 16:51:54,Ansys HPC,14,0.01,0.1,AEC,tutley
2025-05-02 16:48:00,2025-05-02 16:48:11,Ansys HPC,14,0.01,0.1,AEC,tutley
2025-05-02 16:43:53,2025-05-02 16:44:08,Ansys HPC,14,0.01,0.1,AEC,tutley
2025-05-02 17:21:02,2025-05-02 17:25:21,Ansys Mechanical Enterprise PrepPost,1,0.07,0.9,AEC,tutley
2025-05-02 17:25:21,2025-05-02 17:35:31,Ansys Mechanical Enterprise PrepPost,1,0.17,2.2,AEC,tutley
2025-05-02 17:24:12,2025-05-02 17:24:43,Ansys Mechanical Enterprise Solver,1,0.01,0.2,AEC,tutley
2025-05-02 17:24:24,2025-05-02 17:24:38,Ansys HPC,14,0.01,0.1,AEC,tutley
2025-05-02 17:25:04,2025-05-02 17:25:21,Ansys HPC,14,0.01,0.1,AEC,tutley
2025-05-02 17:24:52,2025-05-02 17:25:23,Ansys Mechanical Enterprise Solver,1,0.01,0.2,AEC,tutley
2025-05-02 18:27:31,2025-05-02 18:28:03,Ansys Mechanical Enterprise Solver,1,0.01,0.2,AEC,tutley
2025-05-02 18:25:04,2025-05-02 18:25:20,Ansys HPC,14,0.01,0.1,AEC,tutley
2025-05-02 18:27:42,2025-05-02 18:28:00,Ansys HPC,14,0.01,0.2,AEC,tutley
2025-05-02 18:29:33,2025-05-02 18:30:07,Ansys Mechanical Enterprise Solver,1,0.01,0.2,AEC,tutley
2025-05-02 18:29:44,2025-05-02 18:30:03,Ansys HPC,14,0.01,0.2,AEC,tutley
2025-05-02 18:28:51,2025-05-02 18:29:24,Ansys Mechanical Enterprise Solver,1,0.01,0.2,AEC,tutley
2025-05-02 18:22:42,2025-05-02 18:32:48,Ansys Mechanical Enterprise PrepPost,1,0.17,2.2,AEC,tutley
2025-05-02 18:29:02,2025-05-02 18:29:21,Ansys HPC,14,0.01,0.2,AEC,tutley
2025-05-02 18:28:19,2025-05-02 18:28:26,Ansys Mechanical Enterprise Solver,1,0.01,0.1,AEC,tutley
2025-05-02 18:24:50,2025-05-02 18:25:23,Ansys Mechanical Enterprise Solver,1,0.01,0.2,AEC,tutley
2025-05-05 14:55:46,2025-05-05 14:58:58,Ansys Mechanical Enterprise PrepPost,1,0.05,0.7,AEC,tutley
2025-05-05 14:57:09,2025-05-05 14:57:41,Ansys Mechanical Enterprise Solver,1,0.01,0.2,AEC,tutley
2025-05-05 14:57:22,2025-05-05 14:57:37,Ansys HPC,14,0.01,0.1,AEC,tutley
2025-05-05 15:19:20,2025-05-05 15:20:21,Ansys Discovery Simulation,1,0.02,0.3,AEC,tutley
2025-05-05 15:05:34,2025-05-05 16:02:31,Ansys Mechanical Enterprise PrepPost,1,0.95,12.3,AEC,tutley
2025-05-05 16:02:31,2025-05-05 16:11:16,Ansys Mechanical Enterprise PrepPost,1,0.15,1.9,AEC,tutley
2025-05-05 15:18:09,2025-05-05 15:18:37,Ansys Discovery Simulation,1,0.01,0.1,AEC,tutley
2025-05-05 15:27:18,2025-05-05 15:28:48,Ansys Discovery Simulation,1,0.03,0.4,AEC,tutley
2025-05-05 15:05:48,2025-05-05 15:06:26,Ansys Discovery Simulation,1,0.01,0.2,AEC,tutley
2025-05-05 15:25:03,2025-05-05 15:25:34,Ansys Discovery Simulation,1,0.01,0.1,AEC,tutley
2025-05-05 15:21:08,2025-05-05 15:21:35,Ansys Discovery Simulation,1,0.01,0.1,AEC,tutley
2025-05-05 15:15:29,2025-05-05 15:17:43,Ansys Discovery Simulation,1,0.04,0.6,AEC,tutley
2025-05-05 15:28:56,2025-05-05 15:29:20,Ansys Discovery Simulation,1,0.01,0.1,AEC,tutley
2025-05-05 15:37:11,2025-05-05 15:39:41,Ansys Mechanical Enterprise Solver,1,0.04,1.0,AEC,tutley
2025-05-05 15:40:23,2025-05-05 15:40:46,Ansys Mechanical Enterprise Solver,1,0.01,0.2,AEC,tutley
2025-05-05 15:31:19,2025-05-05 15:31:24,Ansys Mechanical Enterprise Solver,1,0.01,0.1,AEC,tutley
2025-05-05 15:31:48,2025-05-05 15:32:51,Ansys Mechanical Enterprise Solver,1,0.02,0.4,AEC,tutley
2025-05-05 15:50:03,2025-05-05 15:50:26,Ansys Mechanical Enterprise Solver,1,0.01,0.2,AEC,tutley
2025-05-05 15:47:03,2025-05-05 15:47:44,Ansys Mechanical Enterprise Solver,1,0.01,0.3,AEC,tutley
2025-05-05 15:44:53,2025-05-05 15:45:15,Ansys Mechanical Enterprise Solver,1,0.01,0.2,AEC,tutley
2025-05-05 15:51:34,2025-05-05 15:51:59,Ansys Mechanical Enterprise Solver,1,0.01,0.2,AEC,tutley
2025-05-05 15:45:56,2025-05-05 15:46:21,Ansys Mechanical Enterprise Solver,1,0.01,0.2,AEC,tutley
2025-05-05 16:02:09,2025-05-05 16:02:34,Ansys Mechanical Enterprise Solver,1,0.01,0.2,AEC,tutley
2025-05-05 15:59:07,2025-05-05 15:59:38,Ansys Mechanical Enterprise Solver,1,0.01,0.2,AEC,tutley
2025-05-05 15:40:35,2025-05-05 15:40:43,Ansys HPC,14,0.01,0.1,AEC,tutley
2025-05-05 15:48:40,2025-05-05 15:49:21,Ansys Mechanical Enterprise Solver,1,0.01,0.3,AEC,tutley
2025-05-05 15:57:27,2025-05-05 15:57:51,Ansys Mechanical Enterprise Solver,1,0.01,0.2,AEC,tutley
2025-05-05 15:58:31,2025-05-05 15:58:57,Ansys Mechanical Enterprise Solver,1,0.01,0.2,AEC,tutley
2025-05-05 15:52:08,2025-05-05 15:52:34,Ansys Mechanical Enterprise Solver,1,0.01,0.2,AEC,tutley
2025-05-05 16:02:50,2025-05-05 16:03:17,Ansys Mechanical Enterprise Solver,1,0.01,0.2,AEC,tutley
2025-05-05 15:48:50,2025-05-05 15:49:18,Ansys HPC,14,0.01,0.2,AEC,tutley
2025-05-05 15:47:14,2025-05-05 15:47:42,Ansys HPC,14,0.01,0.2,AEC,tutley
2025-05-05 15:37:22,2025-05-05 15:39:39,Ansys HPC,14,0.04,1.2,AEC,tutley
2025-05-05 15:50:14,2025-05-05 15:50:23,Ansys HPC,14,0.01,0.1,AEC,tutley
2025-05-05 15:59:18,2025-05-05 15:59:35,Ansys HPC,14,0.01,0.1,AEC,tutley
2025-05-05 15:55:25,2025-05-05 15:56:45,Ansys HPC,14,0.02,0.7,AEC,tutley
2025-05-05 16:03:01,2025-05-05 16:03:14,Ansys HPC,14,0.01,0.1,AEC,tutley
2025-05-05 15:46:08,2025-05-05 15:46:18,Ansys HPC,14,0.01,0.1,AEC,tutley
2025-05-05 15:45:04,2025-05-05 15:45:13,Ansys HPC,14,0.01,0.1,AEC,tutley
2025-05-05 15:31:59,2025-05-05 15:32:48,Ansys HPC,14,0.01,0.4,AEC,tutley
2025-05-05 15:52:19,2025-05-05 15:52:32,Ansys HPC,14,0.01,0.1,AEC,tutley
2025-05-05 16:02:20,2025-05-05 16:02:31,Ansys HPC,14,0.01,0.1,AEC,tutley
2025-05-05 15:57:38,2025-05-05 15:57:48,Ansys HPC,14,0.01,0.1,AEC,tutley
2025-05-05 15:51:46,2025-05-05 15:51:56,Ansys HPC,14,0.01,0.1,AEC,tutley
2025-05-05 15:58:42,2025-05-05 15:58:53,Ansys HPC,14,0.01,0.1,AEC,tutley
2025-05-05 15:55:14,2025-05-05 15:56:47,Ansys Mechanical Enterprise Solver,1,0.03,0.6,AEC,tutley
2025-05-05 16:36:05,2025-05-05 16:36:29,Ansys Mechanical Enterprise Solver,1,0.01,0.2,AEC,tutley
2025-05-05 16:28:16,2025-05-05 16:28:43,Ansys Mechanical Enterprise Solver,1,0.01,0.2,AEC,tutley
2025-05-05 16:25:32,2025-05-05 17:28:20,Ansys Mechanical Enterprise PrepPost,1,1.05,13.6,AEC,tutley
2025-05-05 16:36:53,2025-05-05 16:37:19,Ansys Mechanical Enterprise Solver,1,0.01,0.2,AEC,tutley
2025-05-05 16:39:19,2025-05-05 16:44:48,Ansys Mechanical Enterprise Solver,1,0.09,2.3,AEC,tutley
2025-05-05 16:32:37,2025-05-05 16:33:01,Ansys Mechanical Enterprise Solver,1,0.01,0.2,AEC,tutley
2025-05-05 16:30:51,2025-05-05 16:31:17,Ansys Mechanical Enterprise Solver,1,0.01,0.2,AEC,tutley
2025-05-05 16:34:26,2025-05-05 16:34:51,Ansys Mechanical Enterprise Solver,1,0.01,0.2,AEC,tutley
2025-05-05 16:50:20,2025-05-05 16:50:56,Ansys Mechanical Enterprise Solver,1,0.01,0.3,AEC,tutley
2025-05-05 17:07:29,2025-05-05 17:08:33,Ansys Mechanical Enterprise Solver,1,0.02,0.4,AEC,tutley
2025-05-05 16:56:05,2025-05-05 16:56:30,Ansys Mechanical Enterprise Solver,1,0.01,0.2,AEC,tutley
2025-05-05 16:51:11,2025-05-05 16:51:37,Ansys Mechanical Enterprise Solver,1,0.01,0.2,AEC,tutley
2025-05-05 17:15:56,2025-05-05 17:19:37,Ansys Mechanical Enterprise Solver,1,0.06,1.5,AEC,tutley
2025-05-05 16:58:08,2025-05-05 16:58:33,Ansys Mechanical Enterprise Solver,1,0.01,0.2,AEC,tutley
2025-05-05 17:12:51,2025-05-05 17:15:20,Ansys Mechanical Enterprise Solver,1,0.04,1.0,AEC,tutley
2025-05-05 16:59:00,2025-05-05 16:59:31,Ansys Mechanical Enterprise Solver,1,0.01,0.2,AEC,tutley
2025-05-05 17:20:41,2025-05-05 17:28:02,Ansys Mechanical Enterprise Solver,1,0.12,3.1,AEC,tutley
2025-05-05 16:37:04,2025-05-05 16:37:18,Ansys HPC,14,0.01,0.1,AEC,tutley
2025-05-05 16:31:02,2025-05-05 16:31:15,Ansys HPC,14,0.01,0.1,AEC,tutley
2025-05-05 16:28:31,2025-05-05 16:28:40,Ansys HPC,14,0.01,0.1,AEC,tutley
2025-05-05 16:32:48,2025-05-05 16:32:58,Ansys HPC,14,0.01,0.1,AEC,tutley
2025-05-05 16:36:16,2025-05-05 16:36:27,Ansys HPC,14,0.01,0.1,AEC,tutley
2025-05-05 16:39:31,2025-05-05 16:44:45,Ansys HPC,14,0.09,2.7,AEC,tutley
2025-05-05 16:51:23,2025-05-05 16:51:32,Ansys HPC,14,0.01,0.1,AEC,tutley
2025-05-05 16:56:17,2025-05-05 16:56:27,Ansys HPC,14,0.01,0.1,AEC,tutley
2025-05-05 16:50:32,2025-05-05 16:50:54,Ansys HPC,14,0.01,0.2,AEC,tutley
2025-05-05 17:20:52,2025-05-05 17:27:59,Ansys HPC,14,0.12,3.7,AEC,tutley
2025-05-05 17:13:04,2025-05-05 17:15:18,Ansys HPC,14,0.04,1.2,AEC,tutley
2025-05-05 16:59:11,2025-05-05 16:59:28,Ansys HPC,14,0.01,0.1,AEC,tutley
2025-05-05 16:34:37,2025-05-05 16:34:50,Ansys HPC,14,0.01,0.1,AEC,tutley
2025-05-05 17:16:09,2025-05-05 17:19:29,Ansys HPC,14,0.06,1.7,AEC,tutley
2025-05-05 16:58:19,2025-05-05 16:58:30,Ansys HPC,14,0.01,0.1,AEC,tutley
2025-05-05 17:07:43,2025-05-05 17:08:28,Ansys HPC,14,0.01,0.4,AEC,tutley
2025-05-05 17:06:40,2025-05-05 17:07:07,Ansys Discovery Simulation,1,0.01,0.1,AEC,tutley
2025-05-05 17:03:32,2025-05-05 17:06:23,Ansys Discovery Simulation,1,0.05,0.8,AEC,tutley
2025-05-05 17:11:38,2025-05-05 17:15:18,Ansys GRANTA Materials Data for Simulation,1,0.06,2.0,AEC,tutley
2025-05-05 17:15:18,2025-05-05 17:28:21,Ansys GRANTA Materials Data for Simulation,1,0.22,7.0,AEC,tutley
2025-05-05 18:41:17,2025-05-05 19:06:34,Ansys Mechanical Enterprise PrepPost,1,0.42,5.5,AEC,tutley
2025-05-05 18:54:09,2025-05-05 18:54:18,Ansys Mechanical Enterprise Solver,1,0.01,0.1,AEC,tutley
2025-05-05 18:42:55,2025-05-05 18:46:13,Ansys HPC,14,0.05,1.7,AEC,tutley
2025-05-05 18:55:42,2025-05-05 19:03:07,Ansys Mechanical Enterprise Solver,1,0.12,3.1,AEC,tutley
2025-05-05 18:47:04,2025-05-05 18:54:00,Ansys Mechanical Enterprise Solver,1,0.12,2.9,AEC,tutley
2025-05-05 18:55:30,2025-05-05 18:55:42,Ansys Mechanical Enterprise Solver,1,0.01,0.1,AEC,tutley
2025-05-05 18:42:42,2025-05-05 18:46:22,Ansys Mechanical Enterprise Solver,1,0.06,1.5,AEC,tutley
2025-05-05 18:55:42,2025-05-05 19:03:04,Ansys HPC,14,0.12,3.8,AEC,tutley
2025-05-05 18:47:16,2025-05-05 18:53:58,Ansys HPC,14,0.11,3.5,AEC,tutley
2025-05-06 09:02:04,2025-05-06 09:02:52,Ansys Discovery Simulation,1,0.01,0.2,AEC,eduffield
2025-05-06 09:03:27,2025-05-06 09:07:16,Ansys Mechanical Enterprise PrepPost,1,0.06,0.8,AEC,eduffield
2025-05-06 09:07:20,2025-05-06 09:08:19,Ansys Mechanical Enterprise PrepPost,1,0.02,0.2,AEC,eduffield
2025-05-06 09:11:58,2025-05-06 09:12:44,Ansys Mechanical Enterprise Solver,1,0.01,0.3,AEC,eduffield
2025-05-06 09:18:12,2025-05-06 09:18:44,Ansys Mechanical Enterprise Solver,1,0.01,0.2,AEC,eduffield
2025-05-06 09:20:23,2025-05-06 09:20:55,Ansys Mechanical Enterprise Solver,1,0.01,0.2,AEC,eduffield
2025-05-06 09:12:07,2025-05-06 09:12:42,Ansys HPC,2,0.01,0.1,AEC,eduffield
2025-05-06 09:18:20,2025-05-06 09:18:42,Ansys HPC,2,0.01,0.1,AEC,eduffield
2025-05-06 09:15:35,2025-05-06 09:16:07,Ansys HPC,2,0.01,0.1,AEC,eduffield
2025-05-06 09:15:27,2025-05-06 09:16:07,Ansys Mechanical Enterprise Solver,1,0.01,0.3,AEC,eduffield
2025-05-06 09:09:02,2025-05-06 09:22:03,Ansys Mechanical Enterprise PrepPost,1,0.22,2.8,AEC,eduffield
2025-05-06 09:20:31,2025-05-06 09:20:52,Ansys HPC,2,0.01,0.1,AEC,eduffield
2025-05-06 09:13:29,2025-05-06 09:13:51,Ansys HPC,2,0.01,0.1,AEC,eduffield
2025-05-06 09:13:21,2025-05-06 09:13:55,Ansys Mechanical Enterprise Solver,1,0.01,0.2,AEC,eduffield
2025-05-06 12:54:16,2025-05-06 12:55:55,Ansys Geometry Interface for SolidWorks,1,0.03,0.1,AEC,sgutteridge
2025-05-06 13:32:38,2025-05-06 13:33:56,Ansys Geometry Interface for SolidWorks,1,0.02,0.1,AEC,sgutteridge
2025-05-06 13:02:00,2025-05-06 13:02:56,Ansys Mechanical Enterprise Solver,1,0.02,0.4,AEC,sgutteridge
2025-05-06 13:43:11,2025-05-06 14:03:01,Ansys Mechanical Enterprise Solver,1,0.33,8.3,AEC,sgutteridge
2025-05-06 12:54:02,2025-05-06 13:17:12,Ansys Mechanical Enterprise PrepPost,1,0.39,5.0,AEC,sgutteridge
2025-05-06 13:26:38,2025-05-06 14:11:44,Ansys Mechanical Enterprise PrepPost,1,0.75,9.8,AEC,sgutteridge
2025-05-06 14:04:35,2025-05-06 14:11:20,Ansys Mechanical Enterprise Solver,1,0.11,2.8,AEC,sgutteridge
2025-05-06 13:35:54,2025-05-06 13:37:35,Ansys Mechanical Enterprise Solver,1,0.03,0.7,AEC,sgutteridge
2025-05-06 13:09:01,2025-05-06 13:09:52,Ansys Mechanical Enterprise Solver,1,0.01,0.4,AEC,sgutteridge
2025-05-06 13:13:12,2025-05-06 13:14:51,Ansys Mechanical Enterprise Solver,1,0.03,0.7,AEC,sgutteridge
2025-05-06 13:24:30,2025-05-06 13:26:01,Ansys Mechanical Enterprise PrepPost,1,0.03,0.3,AEC,sgutteridge
2025-05-06 14:45:36,2025-05-06 14:47:13,Ansys Geometry Interface for SolidWorks,1,0.03,0.1,AEC,sgutteridge
2025-05-06 14:12:29,2025-05-06 14:17:18,Ansys Mechanical Enterprise PrepPost,1,0.08,1.0,AEC,sgutteridge
2025-05-06 14:18:05,2025-05-06 14:18:14,Ansys Mechanical Enterprise PrepPost,1,0.01,0.1,AEC,sgutteridge
2025-05-06 14:20:57,2025-05-06 14:23:27,Ansys Mechanical Enterprise Solver,1,0.04,1.0,AEC,sgutteridge
2025-05-06 14:53:55,2025-05-06 15:10:33,Ansys Mechanical Enterprise Solver,1,0.28,6.9,AEC,sgutteridge
2025-05-06 14:16:05,2025-05-06 14:17:14,Ansys Mechanical Enterprise Solver,1,0.02,0.5,AEC,sgutteridge
2025-05-06 14:34:19,2025-05-06 14:34:28,Ansys Mechanical Enterprise PrepPost,1,0.01,0.1,AEC,sgutteridge
2025-05-06 14:29:35,2025-05-06 14:29:43,Ansys Mechanical Enterprise PrepPost,1,0.01,0.1,AEC,sgutteridge
2025-05-06 14:34:58,2025-05-06 14:45:05,Ansys Mechanical Enterprise PrepPost,1,0.17,2.2,AEC,sgutteridge
2025-05-06 14:45:22,2025-05-06 15:48:32,Ansys Mechanical Enterprise PrepPost,1,1.05,13.7,AEC,sgutteridge
2025-05-06 14:24:08,2025-05-06 14:29:03,Ansys Mechanical Enterprise Solver,1,0.08,2.1,AEC,sgutteridge
2025-05-06 14:17:25,2025-05-06 14:17:36,Ansys Mechanical Enterprise PrepPost,1,0.01,0.1,AEC,sgutteridge
2025-05-06 14:37:46,2025-05-06 14:44:55,Ansys Mechanical Enterprise Solver,1,0.12,3.0,AEC,sgutteridge
2025-05-06 14:17:39,2025-05-06 14:17:50,Ansys Mechanical Enterprise PrepPost,1,0.01,0.1,AEC,sgutteridge
2025-05-06 14:49:38,2025-05-06 14:50:21,Ansys Mechanical Enterprise Solver,1,0.01,0.3,AEC,sgutteridge
2025-05-06 14:13:10,2025-05-06 14:14:58,Ansys Mechanical Enterprise Solver,1,0.03,0.7,AEC,sgutteridge
2025-05-06 14:30:07,2025-05-06 14:34:11,Ansys Mechanical Enterprise PrepPost,1,0.07,0.9,AEC,sgutteridge
2025-05-06 14:18:56,2025-05-06 14:29:24,Ansys Mechanical Enterprise PrepPost,1,0.17,2.3,AEC,sgutteridge
2025-05-06 14:31:03,2025-05-06 14:32:36,Ansys Mechanical Enterprise Solver,1,0.03,0.6,AEC,sgutteridge
2025-05-06 15:18:01,2025-05-06 15:46:20,Ansys HPC,4,0.47,7.1,AEC,sgutteridge
2025-05-06 14:29:46,2025-05-06 14:29:56,Ansys Mechanical Enterprise PrepPost,1,0.01,0.1,AEC,sgutteridge
2025-05-06 14:34:31,2025-05-06 14:34:41,Ansys Mechanical Enterprise PrepPost,1,0.01,0.1,AEC,sgutteridge
2025-05-06 15:17:51,2025-05-06 15:46:23,Ansys Mechanical Enterprise Solver,1,0.48,11.9,AEC,sgutteridge
2025-05-06 14:17:52,2025-05-06 14:18:02,Ansys Mechanical Enterprise PrepPost,1,0.01,0.1,AEC,sgutteridge
2025-05-06 16:11:42,2025-05-06 16:13:37,Ansys Mechanical Enterprise PrepPost,1,0.03,0.4,AEC,sgutteridge
2025-05-06 16:18:08,2025-05-06 17:05:33,Ansys Mechanical Enterprise PrepPost,1,0.79,10.3,AEC,sgutteridge
2025-05-06 16:58:29,2025-05-06 16:59:44,Ansys Geometry Interface for SolidWorks,1,0.02,0.1,AEC,sgutteridge
2025-05-06 16:26:25,2025-05-06 16:27:34,Ansys Geometry Interface for SolidWorks,1,0.02,0.1,AEC,sgutteridge
2025-05-06 16:43:51,2025-05-06 16:44:20,Ansys Geometry Interface for SolidWorks,1,0.01,0.1,AEC,sgutteridge
2025-05-06 16:39:40,2025-05-06 16:40:50,Ansys Geometry Interface for SolidWorks,1,0.02,0.1,AEC,sgutteridge
2025-05-06 16:11:56,2025-05-06 16:13:26,Ansys Geometry Interface for SolidWorks,1,0.03,0.1,AEC,sgutteridge
2025-05-06 16:18:44,2025-05-06 16:19:15,Ansys Geometry Interface for SolidWorks,1,0.01,0.1,AEC,sgutteridge
2025-05-06 17:01:18,2025-05-06 17:02:05,Ansys HPC,4,0.01,0.2,AEC,sgutteridge
2025-05-06 16:51:02,2025-05-06 16:51:57,Ansys Mechanical Enterprise Solver,1,0.02,0.4,AEC,sgutteridge
2025-05-06 17:03:06,2025-05-06 17:03:55,Ansys HPC,4,0.01,0.2,AEC,sgutteridge
2025-05-06 16:56:06,2025-05-06 16:56:58,Ansys Mechanical Enterprise Solver,1,0.01,0.4,AEC,sgutteridge
2025-05-06 16:56:16,2025-05-06 16:56:57,Ansys HPC,4,0.01,0.2,AEC,sgutteridge
2025-05-06 17:01:08,2025-05-06 17:02:07,Ansys Mechanical Enterprise Solver,1,0.02,0.4,AEC,sgutteridge
2025-05-06 17:02:56,2025-05-06 17:03:57,Ansys Mechanical Enterprise Solver,1,0.02,0.4,AEC,sgutteridge
2025-05-06 16:51:12,2025-05-06 16:51:55,Ansys HPC,4,0.01,0.2,AEC,sgutteridge
2025-05-06 18:22:03,2025-05-06 19:07:20,Ansys Mechanical Enterprise PrepPost,1,0.75,9.8,AEC,tutley
2025-05-06 19:07:30,2025-05-06 19:08:03,Ansys Mechanical Enterprise PrepPost,1,0.01,0.1,AEC,tutley
2025-05-06 18:28:48,2025-05-06 18:29:01,Ansys HPC,14,0.01,0.1,AEC,tutley
2025-05-06 19:04:49,2025-05-06 19:05:18,Ansys HPC,14,0.01,0.3,AEC,tutley
2025-05-06 18:43:05,2025-05-06 18:52:28,Ansys Mechanical Enterprise Solver,1,0.16,3.9,AEC,tutley
2025-05-06 18:36:25,2025-05-06 18:42:21,Ansys Mechanical Enterprise Solver,1,0.1,2.5,AEC,tutley
2025-05-06 18:28:35,2025-05-06 18:29:04,Ansys Mechanical Enterprise Solver,1,0.01,0.2,AEC,tutley
2025-05-06 18:43:17,2025-05-06 18:52:24,Ansys HPC,14,0.15,4.7,AEC,tutley
2025-05-06 18:27:28,2025-05-06 18:27:47,Ansys HPC,14,0.01,0.2,AEC,tutley
2025-05-06 18:55:06,2025-05-06 19:04:05,Ansys Mechanical Enterprise Solver,1,0.15,3.7,AEC,tutley
2025-05-06 18:27:12,2025-05-06 18:27:49,Ansys Mechanical Enterprise Solver,1,0.01,0.3,AEC,tutley
2025-05-06 18:53:55,2025-05-06 18:54:06,Ansys Mechanical Enterprise Solver,1,0.01,0.1,AEC,tutley
2025-05-06 19:04:38,2025-05-06 19:05:22,Ansys Mechanical Enterprise Solver,1,0.01,0.3,AEC,tutley
2025-05-06 18:36:36,2025-05-06 18:42:17,Ansys HPC,14,0.09,2.9,AEC,tutley
2025-05-06 18:55:18,2025-05-06 19:04:00,Ansys HPC,14,0.15,4.5,AEC,tutley
2025-05-06 18:33:00,2025-05-06 18:35:48,Ansys HPC,14,0.05,1.4,AEC,tutley
2025-05-06 19:05:44,2025-05-06 19:06:13,Ansys Mechanical Enterprise Solver,1,0.01,0.2,AEC,tutley
2025-05-06 18:31:22,2025-05-06 18:31:45,Ansys Discovery Simulation,1,0.01,0.1,AEC,tutley
2025-05-06 19:05:56,2025-05-06 19:06:11,Ansys HPC,14,0.01,0.1,AEC,tutley
2025-05-06 18:32:48,2025-05-06 18:35:55,Ansys Mechanical Enterprise Solver,1,0.05,1.3,AEC,tutley
2025-05-06 18:54:23,2025-05-06 18:54:32,Ansys Mechanical Enterprise Solver,1,0.01,0.1,AEC,tutley
2025-05-06 19:06:35,2025-05-06 19:06:51,Ansys HPC,14,0.01,0.1,AEC,tutley
2025-05-06 18:29:34,2025-05-06 18:31:09,Ansys Discovery Simulation,1,0.03,0.4,AEC,tutley
2025-05-06 19:06:24,2025-05-06 19:07:20,Ansys Mechanical Enterprise Solver,1,0.02,0.4,AEC,tutley
2025-05-07 13:10:11,2025-05-07 13:15:27,Ansys Discovery Simulation,1,0.09,1.4,AEC,tutley
2025-05-07 13:10:38,2025-05-07 13:16:50,Ansys Discovery Simulation,1,0.1,1.7,AEC,tutley
2025-05-07 13:21:26,2025-05-07 13:21:50,Ansys Mechanical Enterprise Solver,1,0.01,0.2,AEC,tutley
2025-05-07 13:18:08,2025-05-07 13:28:23,Ansys Mechanical Enterprise PrepPost,1,0.17,2.2,AEC,tutley
2025-05-07 13:22:48,2025-05-07 13:22:50,Ansys Mechanical Enterprise Solver,1,0.01,0.1,AEC,tutley
2025-05-07 13:17:14,2025-05-07 13:17:37,Ansys Discovery Simulation,1,0.01,0.1,AEC,tutley
2025-05-07 13:27:52,2025-05-07 13:28:01,Ansys HPC,14,0.01,0.1,AEC,tutley
2025-05-07 13:26:06,2025-05-07 13:26:43,Ansys Mechanical Enterprise Solver,1,0.01,0.3,AEC,tutley
2025-05-07 13:26:18,2025-05-07 13:26:36,Ansys HPC,14,0.01,0.2,AEC,tutley
2025-05-07 13:27:41,2025-05-07 13:28:04,Ansys Mechanical Enterprise Solver,1,0.01,0.2,AEC,tutley
2025-05-07 13:21:15,2025-05-07 13:21:18,Ansys Mechanical Enterprise Solver,1,0.01,0.1,AEC,tutley
2025-05-07 13:21:02,2025-05-07 13:21:05,Ansys Mechanical Enterprise Solver,1,0.01,0.1,AEC,tutley
2025-05-07 13:23:46,2025-05-07 13:24:20,Ansys Mechanical Enterprise Solver,1,0.01,0.2,AEC,tutley
2025-05-07 13:23:57,2025-05-07 13:24:17,Ansys HPC,14,0.01,0.2,AEC,tutley
2025-05-07 13:24:46,2025-05-07 13:25:10,Ansys Mechanical Enterprise Solver,1,0.01,0.2,AEC,tutley
2025-05-07 13:20:51,2025-05-07 13:20:53,Ansys Mechanical Enterprise Solver,1,0.01,0.1,AEC,tutley
2025-05-07 13:24:57,2025-05-07 13:25:08,Ansys HPC,14,0.01,0.1,AEC,tutley
2025-05-07 13:17:02,2025-05-07 13:17:47,Ansys Mechanical Enterprise PrepPost,1,0.01,0.2,AEC,tutley
2025-05-07 13:21:38,2025-05-07 13:21:49,Ansys HPC,14,0.01,0.1,AEC,tutley
2025-05-07 13:39:44,2025-05-07 14:10:30,Ansys Discovery Simulation,1,0.51,8.2,AEC,tutley
2025-05-07 15:38:34,2025-05-07 15:39:47,Ansys Discovery Simulation,1,0.02,0.3,AEC,tutley
2025-05-07 16:48:59,2025-05-07 16:49:17,Ansys Mechanical Enterprise Solver,1,0.01,0.1,AEC,tutley
2025-05-07 15:51:44,2025-05-07 15:52:10,Ansys Mechanical Enterprise Solver,1,0.01,0.2,AEC,tutley
2025-05-07 16:08:15,2025-05-07 16:08:26,Ansys HPC,14,0.01,0.1,AEC,tutley
2025-05-07 15:29:25,2025-05-07 15:30:03,Ansys Mechanical Enterprise Solver,1,0.01,0.3,AEC,tutley
2025-05-07 16:16:21,2025-05-07 16:16:34,Ansys HPC,14,0.01,0.1,AEC,tutley
2025-05-07 16:06:27,2025-05-07 16:06:50,Ansys Mechanical Enterprise Solver,1,0.01,0.2,AEC,tutley
2025-05-07 16:20:43,2025-05-07 16:20:56,Ansys HPC,14,0.01,0.1,AEC,tutley
2025-05-07 15:17:21,2025-05-07 15:17:36,Ansys HPC,14,0.01,0.1,AEC,tutley
2025-05-07 16:43:26,2025-05-07 16:57:01,Ansys Mechanical Enterprise PrepPost,1,0.23,2.9,AEC,tutley
2025-05-07 15:48:23,2025-05-07 15:48:46,Ansys Mechanical Enterprise Solver,1,0.01,0.2,AEC,tutley
2025-05-07 16:16:10,2025-05-07 16:16:36,Ansys Mechanical Enterprise Solver,1,0.01,0.2,AEC,tutley
2025-05-07 15:27:31,2025-05-07 16:08:28,Ansys Mechanical Enterprise PrepPost,1,0.68,8.9,AEC,tutley
2025-05-07 16:09:09,2025-05-07 16:09:34,Ansys Mechanical Enterprise Solver,1,0.01,0.2,AEC,tutley
2025-05-07 16:04:44,2025-05-07 16:04:55,Ansys HPC,14,0.01,0.1,AEC,tutley
2025-05-07 16:18:29,2025-05-07 16:18:42,Ansys HPC,14,0.01,0.1,AEC,tutley
2025-05-07 15:31:41,2025-05-07 15:32:06,Ansys Mechanical Enterprise Solver,1,0.01,0.2,AEC,tutley
2025-05-07 16:20:32,2025-05-07 16:20:59,Ansys Mechanical Enterprise Solver,1,0.01,0.2,AEC,tutley
2025-05-07 16:04:32,2025-05-07 16:04:58,Ansys Mechanical Enterprise Solver,1,0.01,0.2,AEC,tutley
2025-05-07 16:18:18,2025-05-07 16:18:44,Ansys Mechanical Enterprise Solver,1,0.01,0.2,AEC,tutley
2025-05-07 16:08:28,2025-05-07 16:27:30,Ansys Mechanical Enterprise PrepPost,1,0.32,4.1,AEC,tutley
2025-05-07 14:50:37,2025-05-07 15:23:51,Ansys Mechanical Enterprise PrepPost,1,0.55,7.2,AEC,tutley
2025-05-07 15:29:44,2025-05-07 15:30:01,Ansys HPC,14,0.01,0.2,AEC,tutley
2025-05-07 15:15:53,2025-05-07 15:15:56,Ansys Mechanical Enterprise Solver,1,0.01,0.1,AEC,tutley
2025-05-07 16:06:38,2025-05-07 16:06:49,Ansys HPC,14,0.01,0.1,AEC,tutley
2025-05-07 15:23:24,2025-05-07 15:23:35,Ansys HPC,14,0.01,0.1,AEC,tutley
2025-05-07 15:18:27,2025-05-07 15:18:51,Ansys Mechanical Enterprise Solver,1,0.01,0.2,AEC,tutley
2025-05-07 15:16:28,2025-05-07 15:16:37,Ansys HPC,14,0.01,0.1,AEC,tutley
2025-05-07 16:09:20,2025-05-07 16:09:31,Ansys HPC,14,0.01,0.1,AEC,tutley
2025-05-07 15:48:35,2025-05-07 15:48:44,Ansys HPC,14,0.01,0.1,AEC,tutley
2025-05-07 15:18:38,2025-05-07 15:18:48,Ansys HPC,14,0.01,0.1,AEC,tutley
2025-05-07 15:51:55,2025-05-07 15:52:08,Ansys HPC,14,0.01,0.1,AEC,tutley
2025-05-07 15:31:52,2025-05-07 15:32:03,Ansys HPC,14,0.01,0.1,AEC,tutley
2025-05-07 16:08:03,2025-05-07 16:08:28,Ansys Mechanical Enterprise Solver,1,0.01,0.2,AEC,tutley
2025-05-07 15:16:17,2025-05-07 15:16:40,Ansys Mechanical Enterprise Solver,1,0.01,0.2,AEC,tutley
2025-05-07 15:23:13,2025-05-07 15:23:38,Ansys Mechanical Enterprise Solver,1,0.01,0.2,AEC,tutley
2025-05-07 15:17:06,2025-05-07 15:17:40,Ansys Mechanical Enterprise Solver,1,0.01,0.2,AEC,tutley
2025-05-07 16:49:11,2025-05-07 16:49:16,Ansys HPC,14,0.01,0.1,AEC,tutley
2025-05-07 14:51:09,2025-05-07 14:57:46,Ansys Discovery Simulation,1,0.11,1.8,AEC,tutley
2025-05-07 15:27:43,2025-05-07 15:28:06,Ansys Discovery Simulation,1,0.01,0.1,AEC,tutley
2025-05-07 16:13:30,2025-05-07 16:27:01,Ansys Discovery Simulation,1,0.23,3.6,AEC,tutley
2025-05-07 14:57:54,2025-05-07 15:13:21,Ansys Discovery Simulation,1,0.26,4.1,AEC,tutley
2025-05-07 16:37:14,2025-05-07 16:43:10,Ansys Discovery Simulation,1,0.1,1.6,AEC,tutley
2025-05-07 16:43:38,2025-05-07 16:44:01,Ansys Discovery Simulation,1,0.01,0.1,AEC,tutley
2025-05-07 15:13:35,2025-05-07 15:13:58,Ansys Discovery Simulation,1,0.01,0.1,AEC,tutley
2025-05-07 16:44:17,2025-05-07 16:57:02,Ansys GRANTA Materials Data for Simulation,1,0.21,6.8,AEC,tutley
2025-05-07 16:14:51,2025-05-07 16:27:31,Ansys GRANTA Materials Data for Simulation,1,0.21,6.8,AEC,tutley
2025-05-07 18:06:43,2025-05-07 18:07:10,Ansys Mechanical Enterprise Solver,1,0.01,0.2,AEC,tutley
2025-05-07 18:06:55,2025-05-07 18:07:08,Ansys HPC,14,0.01,0.1,AEC,tutley
2025-05-07 17:27:22,2025-05-07 17:27:49,Ansys Mechanical Enterprise Solver,1,0.01,0.2,AEC,tutley
2025-05-07 18:07:31,2025-05-07 18:07:43,Ansys HPC,14,0.01,0.1,AEC,tutley
2025-05-07 18:05:21,2025-05-07 18:05:47,Ansys Mechanical Enterprise Solver,1,0.01,0.2,AEC,tutley
2025-05-07 17:18:15,2025-05-07 18:46:21,Ansys Mechanical Enterprise PrepPost,1,1.47,19.1,AEC,tutley
2025-05-07 18:05:32,2025-05-07 18:05:45,Ansys HPC,14,0.01,0.1,AEC,tutley
2025-05-07 18:12:45,2025-05-07 18:12:52,Ansys HPC,14,0.01,0.1,AEC,tutley
2025-05-07 18:03:33,2025-05-07 18:04:00,Ansys Mechanical Enterprise Solver,1,0.01,0.2,AEC,tutley
2025-05-07 17:23:05,2025-05-07 17:23:28,Ansys HPC,14,0.01,0.2,AEC,tutley
2025-05-07 17:25:40,2025-05-07 17:25:42,Ansys Mechanical Enterprise Solver,1,0.01,0.1,AEC,tutley
2025-05-07 18:07:55,2025-05-07 18:08:22,Ansys Mechanical Enterprise Solver,1,0.01,0.2,AEC,tutley
2025-05-07 17:22:54,2025-05-07 17:23:31,Ansys Mechanical Enterprise Solver,1,0.01,0.3,AEC,tutley
2025-05-07 17:27:34,2025-05-07 17:27:46,Ansys HPC,14,0.01,0.1,AEC,tutley
2025-05-07 17:20:53,2025-05-07 17:21:05,Ansys HPC,14,0.01,0.1,AEC,tutley
2025-05-07 18:11:55,2025-05-07 18:12:24,Ansys Mechanical Enterprise Solver,1,0.01,0.2,AEC,tutley
2025-05-07 18:13:14,2025-05-07 18:13:33,Ansys Mechanical Enterprise Solver,1,0.01,0.1,AEC,tutley
2025-05-07 18:13:54,2025-05-07 18:14:00,Ansys HPC,14,0.01,0.1,AEC,tutley
2025-05-07 18:13:43,2025-05-07 18:14:03,Ansys Mechanical Enterprise Solver,1,0.01,0.1,AEC,tutley
2025-05-07 18:13:24,2025-05-07 18:13:31,Ansys HPC,14,0.01,0.1,AEC,tutley
2025-05-07 18:08:07,2025-05-07 18:08:20,Ansys HPC,14,0.01,0.1,AEC,tutley
2025-05-07 17:20:41,2025-05-07 17:21:08,Ansys Mechanical Enterprise Solver,1,0.01,0.2,AEC,tutley
2025-05-07 18:47:06,2025-05-07 18:47:47,Ansys Mechanical Enterprise PrepPost,1,0.01,0.1,AEC,tutley
2025-05-07 18:12:15,2025-05-07 18:12:21,Ansys HPC,14,0.01,0.1,AEC,tutley
2025-05-07 18:07:20,2025-05-07 18:07:46,Ansys Mechanical Enterprise Solver,1,0.01,0.2,AEC,tutley
2025-05-07 18:04:56,2025-05-07 18:04:59,Ansys Mechanical Enterprise Solver,1,0.01,0.1,AEC,tutley
2025-05-07 18:12:34,2025-05-07 18:12:54,Ansys Mechanical Enterprise Solver,1,0.01,0.1,AEC,tutley
2025-05-07 18:03:45,2025-05-07 18:03:58,Ansys HPC,14,0.01,0.1,AEC,tutley
2025-05-07 23:08:38,2025-05-07 23:08:47,Ansys Mechanical Enterprise PrepPost,1,0.01,0.1,AEC,tutley
2025-05-07 23:09:00,2025-05-07 23:09:10,Ansys Mechanical Enterprise PrepPost,1,0.01,0.1,AEC,tutley
2025-05-07 22:33:59,2025-05-07 23:08:22,Ansys Mechanical Enterprise PrepPost,1,0.57,7.4,AEC,tutley
2025-05-07 22:37:32,2025-05-07 22:37:56,Ansys Mechanical Enterprise Solver,1,0.01,0.2,AEC,tutley
2025-05-07 22:35:35,2025-05-07 22:36:09,Ansys Mechanical Enterprise Solver,1,0.01,0.2,AEC,tutley
2025-05-07 22:39:30,2025-05-07 22:39:56,Ansys Mechanical Enterprise Solver,1,0.01,0.2,AEC,tutley
2025-05-07 22:45:09,2025-05-07 22:46:23,Ansys Mechanical Enterprise Solver,1,0.02,0.5,AEC,tutley
2025-05-07 22:49:38,2025-05-07 22:49:43,Ansys Mechanical Enterprise Solver,1,0.01,0.1,AEC,tutley
2025-05-07 22:40:59,2025-05-07 22:41:10,Ansys HPC,14,0.01,0.1,AEC,tutley
2025-05-07 22:56:47,2025-05-07 22:56:50,Ansys Mechanical Enterprise Solver,1,0.01,0.1,AEC,tutley
2025-05-07 22:35:49,2025-05-07 22:36:06,Ansys HPC,14,0.01,0.1,AEC,tutley
2025-05-07 22:39:41,2025-05-07 22:39:54,Ansys HPC,14,0.01,0.1,AEC,tutley
2025-05-07 22:37:42,2025-05-07 22:37:54,Ansys HPC,14,0.01,0.1,AEC,tutley
2025-05-07 22:45:20,2025-05-07 22:46:20,Ansys HPC,14,0.02,0.5,AEC,tutley
2025-05-07 23:05:21,2025-05-07 23:05:46,Ansys HPC,14,0.01,0.2,AEC,tutley
2025-05-07 23:05:07,2025-05-07 23:05:48,Ansys Mechanical Enterprise Solver,1,0.01,0.3,AEC,tutley
2025-05-07 22:40:48,2025-05-07 22:41:12,Ansys Mechanical Enterprise Solver,1,0.01,0.2,AEC,tutley
2025-05-07 23:47:43,2025-05-07 23:54:00,Ansys Mechanical Enterprise PrepPost,1,0.1,1.4,AEC,tutley
2025-05-07 23:20:08,2025-05-07 23:46:32,Ansys Mechanical Enterprise PrepPost,1,0.44,5.7,AEC,tutley
2025-05-07 23:47:02,2025-05-07 23:47:18,Ansys Mechanical Enterprise PrepPost,1,0.01,0.1,AEC,tutley
2025-05-07 23:54:39,2025-05-08 00:27:09,Ansys Mechanical Enterprise PrepPost,1,0.54,7.0,AEC,tutley
2025-05-08 00:28:00,2025-05-08 00:45:37,Ansys Mechanical Enterprise PrepPost,1,0.29,3.8,AEC,tutley
2025-05-08 00:27:21,2025-05-08 00:27:30,Ansys Mechanical Enterprise PrepPost,1,0.01,0.1,AEC,tutley
2025-05-07 23:47:55,2025-05-07 23:48:25,Ansys Discovery Simulation,1,0.01,0.1,AEC,tutley
2025-05-07 23:20:21,2025-05-07 23:20:48,Ansys Discovery Simulation,1,0.01,0.1,AEC,tutley
2025-05-08 00:28:13,2025-05-08 00:28:41,Ansys Discovery Simulation,1,0.01,0.1,AEC,tutley
2025-05-07 23:54:51,2025-05-07 23:55:20,Ansys Discovery Simulation,1,0.01,0.1,AEC,tutley
2025-05-07 23:27:25,2025-05-07 23:28:09,Ansys Mechanical Enterprise Solver,1,0.01,0.3,AEC,tutley
2025-05-07 23:28:54,2025-05-07 23:29:44,Ansys Mechanical Enterprise Solver,1,0.01,0.3,AEC,tutley
2025-05-07 23:49:06,2025-05-07 23:54:01,Ansys GRANTA Materials Data for Simulation,1,0.08,2.6,AEC,tutley
2025-05-07 23:52:05,2025-05-07 23:52:37,Ansys Mechanical Enterprise Solver,1,0.01,0.2,AEC,tutley
2025-05-07 23:36:06,2025-05-07 23:44:21,Ansys Mechanical Enterprise Solver,1,0.14,3.4,AEC,tutley
2025-05-08 00:30:05,2025-05-08 00:30:23,Ansys Mechanical Enterprise Solver,1,0.01,0.1,AEC,tutley
2025-05-07 23:32:09,2025-05-07 23:33:56,Ansys Mechanical Enterprise Solver,1,0.03,0.7,AEC,tutley
2025-05-08 00:13:57,2025-05-08 00:15:03,Ansys Mechanical Enterprise Solver,1,0.02,0.5,AEC,tutley
2025-05-08 00:16:15,2025-05-08 00:26:55,Ansys Mechanical Enterprise Solver,1,0.18,4.4,AEC,tutley
2025-05-07 23:32:42,2025-05-07 23:33:54,Ansys HPC,14,0.02,0.6,AEC,tutley
2025-05-07 23:36:35,2025-05-07 23:44:19,Ansys HPC,14,0.13,4.0,AEC,tutley
2025-05-07 23:23:32,2025-05-07 23:25:02,Ansys Mechanical Enterprise Solver,1,0.03,0.6,AEC,tutley
2025-05-07 23:45:19,2025-05-07 23:46:03,Ansys Mechanical Enterprise Solver,1,0.01,0.3,AEC,tutley
2025-05-08 00:12:19,2025-05-08 00:13:26,Ansys Mechanical Enterprise Solver,1,0.02,0.5,AEC,tutley
2025-05-07 23:50:17,2025-05-07 23:50:36,Ansys Mechanical Enterprise Solver,1,0.01,0.1,AEC,tutley
2025-05-08 00:07:56,2025-05-08 00:08:22,Ansys Mechanical Enterprise Solver,1,0.01,0.2,AEC,tutley
2025-05-08 00:00:35,2025-05-08 00:02:46,Ansys Mechanical Enterprise Solver,1,0.04,0.9,AEC,tutley
2025-05-07 23:29:05,2025-05-07 23:29:39,Ansys HPC,14,0.01,0.3,AEC,tutley
2025-05-07 23:52:18,2025-05-07 23:52:35,Ansys HPC,14,0.01,0.1,AEC,tutley
2025-05-07 23:50:29,2025-05-07 23:50:34,Ansys HPC,14,0.01,0.1,AEC,tutley
2025-05-07 23:21:35,2025-05-07 23:46:33,Ansys GRANTA Materials Data for Simulation,1,0.42,13.3,AEC,tutley
2025-05-08 00:10:11,2025-05-08 00:10:22,Ansys HPC,14,0.01,0.1,AEC,tutley
2025-05-08 00:31:27,2025-05-08 00:31:59,Ansys Mechanical Enterprise Solver,1,0.01,0.2,AEC,tutley
2025-05-08 00:09:56,2025-05-08 00:10:24,Ansys Mechanical Enterprise Solver,1,0.01,0.2,AEC,tutley
2025-05-07 23:45:30,2025-05-07 23:46:00,Ansys HPC,14,0.01,0.3,AEC,tutley
2025-05-07 23:59:30,2025-05-08 00:00:07,Ansys HPC,14,0.01,0.3,AEC,tutley
2025-05-08 00:30:17,2025-05-08 00:30:22,Ansys HPC,14,0.01,0.1,AEC,tutley
2025-05-08 00:00:48,2025-05-08 00:02:41,Ansys HPC,14,0.03,1.0,AEC,tutley
2025-05-07 23:23:44,2025-05-07 23:24:58,Ansys HPC,14,0.02,0.6,AEC,tutley
2025-05-08 00:08:07,2025-05-08 00:08:18,Ansys HPC,14,0.01,0.1,AEC,tutley
2025-05-08 00:14:08,2025-05-08 00:15:00,Ansys HPC,14,0.01,0.4,AEC,tutley
2025-05-07 23:59:18,2025-05-08 00:00:10,Ansys Mechanical Enterprise Solver,1,0.01,0.4,AEC,tutley
2025-05-08 00:16:53,2025-05-08 00:26:52,Ansys HPC,14,0.17,5.2,AEC,tutley
2025-05-08 00:12:30,2025-05-08 00:13:21,Ansys HPC,14,0.01,0.4,AEC,tutley
2025-05-08 00:31:40,2025-05-08 00:31:56,Ansys HPC,14,0.01,0.1,AEC,tutley
2025-05-08 09:29:36,2025-05-08 10:23:56,Ansys Discovery Simulation,1,0.91,14.5,AEC,prusello
2025-05-08 12:08:30,2025-05-08 12:18:49,Ansys Mechanical Enterprise PrepPost,1,0.17,2.2,AEC,tutley
2025-05-08 12:06:00,2025-05-08 12:07:39,Ansys Mechanical Enterprise PrepPost,1,0.03,0.4,AEC,tutley
2025-05-08 12:15:58,2025-05-08 12:16:03,Ansys HPC,14,0.01,0.1,AEC,tutley
2025-05-08 12:16:32,2025-05-08 12:16:39,Ansys HPC,14,0.01,0.1,AEC,tutley
2025-05-08 12:15:47,2025-05-08 12:16:06,Ansys Mechanical Enterprise Solver,1,0.01,0.1,AEC,tutley
2025-05-08 12:17:05,2025-05-08 12:17:38,Ansys Mechanical Enterprise Solver,1,0.01,0.2,AEC,tutley
2025-05-08 12:17:18,2025-05-08 12:17:35,Ansys HPC,14,0.01,0.1,AEC,tutley
2025-05-08 12:16:22,2025-05-08 12:16:41,Ansys Mechanical Enterprise Solver,1,0.01,0.1,AEC,tutley
2025-05-08 12:23:02,2025-05-08 12:46:35,Ansys Mechanical Enterprise PrepPost,1,0.39,5.1,AEC,tutley
2025-05-08 12:35:47,2025-05-08 12:36:16,Ansys Mechanical Enterprise Solver,1,0.01,0.2,AEC,tutley
2025-05-08 12:35:58,2025-05-08 12:36:14,Ansys HPC,14,0.01,0.1,AEC,tutley
2025-05-08 14:37:28,2025-05-08 14:58:13,Ansys GRANTA Materials Data for Simulation,1,0.35,11.1,AEC,tutley
2025-05-08 14:51:52,2025-05-08 14:52:27,Ansys Motion Enterprise,1,0.01,0.5,AEC,tutley
2025-05-08 15:16:33,2025-05-08 15:16:58,Ansys Discovery Simulation,1,0.01,0.1,AEC,tutley
2025-05-08 15:26:06,2025-05-08 15:26:13,Ansys HPC,28,0.01,0.1,AEC,tutley
2025-05-08 14:30:14,2025-05-08 14:30:35,Ansys Mechanical Enterprise Solver,1,0.01,0.1,AEC,tutley
2025-05-08 14:34:09,2025-05-08 14:34:29,Ansys Mechanical Enterprise Solver,1,0.01,0.1,AEC,tutley
2025-05-08 14:31:03,2025-05-08 14:31:36,Ansys Mechanical Enterprise Solver,1,0.01,0.2,AEC,tutley
2025-05-08 14:48:48,2025-05-08 14:49:06,Ansys Mechanical Enterprise Solver,1,0.01,0.1,AEC,tutley
2025-05-08 14:39:54,2025-05-08 14:40:12,Ansys Mechanical Enterprise Solver,1,0.01,0.1,AEC,tutley
2025-05-08 14:33:09,2025-05-08 14:33:41,Ansys Mechanical Enterprise Solver,1,0.01,0.2,AEC,tutley
2025-05-08 14:43:36,2025-05-08 14:44:06,Ansys Mechanical Enterprise Solver,1,0.01,0.2,AEC,tutley
2025-05-08 16:04:07,2025-05-08 16:04:36,Ansys Mechanical Enterprise Solver,1,0.01,0.2,AEC,tutley
2025-05-08 14:57:01,2025-05-08 14:57:38,Ansys Mechanical Enterprise Solver,1,0.01,0.3,AEC,tutley
2025-05-08 14:40:31,2025-05-08 14:41:07,Ansys Mechanical Enterprise Solver,1,0.01,0.3,AEC,tutley
2025-05-08 17:05:15,2025-05-08 17:05:44,Ansys Mechanical Enterprise Solver,1,0.01,0.2,AEC,tutley
2025-05-08 14:53:00,2025-05-08 14:53:18,Ansys Mechanical Enterprise Solver,1,0.01,0.1,AEC,tutley
2025-05-08 15:21:11,2025-05-08 15:21:50,Ansys Mechanical Enterprise Solver,1,0.01,0.3,AEC,tutley
2025-05-08 17:06:21,2025-05-08 17:06:53,Ansys Mechanical Enterprise Solver,1,0.01,0.2,AEC,tutley
2025-05-08 15:11:39,2025-05-08 15:12:04,Ansys Mechanical Enterprise Solver,1,0.01,0.2,AEC,tutley
2025-05-08 17:10:18,2025-05-08 17:10:51,Ansys Mechanical Enterprise Solver,1,0.01,0.2,AEC,tutley
2025-05-08 14:53:55,2025-05-08 14:54:30,Ansys Mechanical Enterprise Solver,1,0.01,0.2,AEC,tutley
2025-05-08 17:14:33,2025-05-08 17:15:01,Ansys Mechanical Enterprise Solver,1,0.01,0.2,AEC,tutley
2025-05-08 18:37:20,2025-05-08 18:38:27,Ansys Mechanical Enterprise Solver,1,0.02,0.5,AEC,tutley
2025-05-08 18:24:28,2025-05-08 18:44:08,Ansys Mechanical Enterprise PrepPost,1,0.33,4.3,AEC,tutley
2025-05-08 16:41:03,2025-05-08 16:41:37,Ansys Mechanical Enterprise Solver,1,0.01,0.2,AEC,tutley
2025-05-08 14:30:25,2025-05-08 14:30:32,Ansys HPC,14,0.01,0.1,AEC,tutley
2025-05-08 18:39:20,2025-05-08 18:40:28,Ansys Mechanical Enterprise Solver,1,0.02,0.5,AEC,tutley
2025-05-08 14:58:55,2025-05-08 17:08:54,Ansys Mechanical Enterprise PrepPost,1,2.17,28.2,AEC,tutley
2025-05-08 14:56:23,2025-05-08 14:56:41,Ansys Mechanical Enterprise Solver,1,0.01,0.1,AEC,tutley
2025-05-08 14:33:19,2025-05-08 14:33:38,Ansys HPC,14,0.01,0.2,AEC,tutley
2025-05-08 14:38:06,2025-05-08 14:38:44,Ansys Mechanical Enterprise Solver,1,0.01,0.3,AEC,tutley
2025-05-08 14:40:04,2025-05-08 14:40:11,Ansys HPC,14,0.01,0.1,AEC,tutley
2025-05-08 18:32:59,2025-05-08 18:34:09,Ansys Mechanical Enterprise Solver,1,0.02,0.5,AEC,tutley
2025-05-08 17:09:14,2025-05-08 18:24:09,Ansys Mechanical Enterprise PrepPost,1,1.25,16.2,AEC,tutley
2025-05-08 14:38:21,2025-05-08 14:38:41,Ansys HPC,14,0.01,0.2,AEC,tutley
2025-05-08 14:29:21,2025-05-08 14:51:52,Ansys Mechanical Enterprise PrepPost,1,0.38,4.9,AEC,tutley
2025-05-08 14:31:16,2025-05-08 14:31:33,Ansys HPC,14,0.01,0.1,AEC,tutley
2025-05-08 14:34:20,2025-05-08 14:34:26,Ansys HPC,14,0.01,0.1,AEC,tutley
2025-05-08 14:40:44,2025-05-08 14:41:05,Ansys HPC,14,0.01,0.2,AEC,tutley
2025-05-08 15:25:54,2025-05-08 15:26:16,Ansys Mechanical Enterprise Solver,1,0.01,0.2,AEC,tutley
2025-05-08 15:01:15,2025-05-08 15:01:31,Ansys Mechanical Enterprise Solver,1,0.01,0.1,AEC,tutley
2025-05-08 17:15:47,2025-05-08 17:16:17,Ansys Mechanical Enterprise Solver,1,0.01,0.2,AEC,tutley
2025-05-08 15:18:16,2025-05-08 15:18:34,Ansys Mechanical Enterprise Solver,1,0.01,0.1,AEC,tutley
2025-05-08 14:52:27,2025-05-08 14:58:11,Ansys Mechanical Enterprise PrepPost,1,0.1,1.2,AEC,tutley
2025-05-08 16:57:23,2025-05-08 16:57:55,Ansys Mechanical Enterprise Solver,1,0.01,0.2,AEC,tutley
2025-05-08 14:48:58,2025-05-08 14:49:04,Ansys HPC,14,0.01,0.1,AEC,tutley
2025-05-08 14:43:46,2025-05-08 14:44:03,Ansys HPC,14,0.01,0.1,AEC,tutley
2025-05-08 14:52:06,2025-05-08 14:52:24,Ansys HPC,14,0.01,0.2,AEC,tutley
2025-05-08 14:53:10,2025-05-08 14:53:17,Ansys HPC,14,0.01,0.1,AEC,tutley
2025-05-08 14:57:14,2025-05-08 14:57:35,Ansys HPC,14,0.01,0.2,AEC,tutley
2025-05-08 15:11:52,2025-05-08 15:12:02,Ansys HPC,14,0.01,0.1,AEC,tutley
2025-05-08 15:01:26,2025-05-08 15:01:30,Ansys HPC,14,0.01,0.1,AEC,tutley
2025-05-08 14:54:08,2025-05-08 14:54:27,Ansys HPC,14,0.01,0.2,AEC,tutley
2025-05-08 14:56:34,2025-05-08 14:56:40,Ansys HPC,14,0.01,0.1,AEC,tutley
2025-05-08 15:18:28,2025-05-08 15:18:32,Ansys HPC,14,0.01,0.1,AEC,tutley
2025-05-08 15:21:23,2025-05-08 15:26:06,Ansys HPC,14,0.08,2.4,AEC,tutley
2025-05-08 16:41:24,2025-05-08 16:41:34,Ansys HPC,14,0.01,0.1,AEC,tutley
2025-05-08 17:16:03,2025-05-08 17:16:14,Ansys HPC,14,0.01,0.1,AEC,tutley
2025-05-08 16:04:18,2025-05-08 16:04:33,Ansys HPC,14,0.01,0.1,AEC,tutley
2025-05-08 17:10:37,2025-05-08 17:10:48,Ansys HPC,14,0.01,0.1,AEC,tutley
2025-05-08 17:05:33,2025-05-08 17:05:41,Ansys HPC,14,0.01,0.1,AEC,tutley
2025-05-08 16:57:42,2025-05-08 16:57:53,Ansys HPC,14,0.01,0.1,AEC,tutley
2025-05-08 18:39:40,2025-05-08 18:40:26,Ansys HPC,14,0.01,0.4,AEC,tutley
2025-05-08 17:06:40,2025-05-08 17:06:51,Ansys HPC,14,0.01,0.1,AEC,tutley
2025-05-08 18:33:19,2025-05-08 18:34:05,Ansys HPC,14,0.01,0.4,AEC,tutley
2025-05-08 17:14:49,2025-05-08 17:14:58,Ansys HPC,14,0.01,0.1,AEC,tutley
2025-05-08 18:37:40,2025-05-08 18:38:24,Ansys HPC,14,0.01,0.4,AEC,tutley
2025-05-09 13:11:29,2025-05-09 13:12:04,Ansys Mechanical Enterprise Solver,1,0.01,0.2,AEC,tutley
2025-05-09 13:27:25,2025-05-09 13:27:52,Ansys Mechanical Enterprise Solver,1,0.01,0.2,AEC,tutley
2025-05-09 13:07:45,2025-05-09 13:31:49,Ansys Mechanical Enterprise PrepPost,1,0.4,5.2,AEC,tutley
2025-05-09 13:21:20,2025-05-09 13:21:49,Ansys Mechanical Enterprise Solver,1,0.01,0.2,AEC,tutley
2025-05-09 13:21:31,2025-05-09 13:21:46,Ansys HPC,14,0.01,0.1,AEC,tutley
2025-05-09 13:27:37,2025-05-09 13:27:49,Ansys HPC,14,0.01,0.1,AEC,tutley
2025-05-09 13:11:42,2025-05-09 13:12:01,Ansys HPC,14,0.01,0.2,AEC,tutley
2025-05-09 13:13:47,2025-05-09 13:14:14,Ansys Mechanical Enterprise Solver,1,0.01,0.2,AEC,tutley
2025-05-09 13:13:59,2025-05-09 13:14:12,Ansys HPC,14,0.01,0.1,AEC,tutley
2025-05-09 13:32:08,2025-05-09 13:47:20,Ansys Mechanical Enterprise PrepPost,1,0.25,3.3,AEC,tutley
2025-05-09 13:59:31,2025-05-09 14:07:21,Ansys Mechanical Enterprise PrepPost,1,0.13,1.7,AEC,tutley
2025-05-12 10:38:55,2025-05-12 10:39:59,Ansys Mechanical Enterprise PrepPost,1,0.02,0.2,AEC,sgutteridge
2025-05-12 19:24:43,2025-05-12 19:24:53,Ansys Discovery Simulation,1,0.01,0.1,AEC,sgutteridge
2025-05-12 18:36:59,2025-05-12 18:39:10,Ansys Discovery Simulation,1,0.04,0.6,AEC,sgutteridge
2025-05-12 18:37:01,2025-05-12 18:39:08,Ansys BladeModeler,1,0.04,0.1,AEC,sgutteridge
2025-05-12 18:31:05,2025-05-12 18:33:15,Ansys Discovery Simulation,1,0.04,0.6,AEC,sgutteridge
2025-05-12 18:31:07,2025-05-12 18:33:13,Ansys BladeModeler,1,0.03,0.1,AEC,sgutteridge
2025-05-12 18:34:15,2025-05-12 18:34:23,Ansys BladeModeler,1,0.01,0.1,AEC,sgutteridge
2025-05-12 19:24:45,2025-05-12 19:24:53,Ansys BladeModeler,1,0.01,0.1,AEC,sgutteridge
2025-05-12 18:31:33,2025-05-12 18:31:36,Ansys Geometry Interface for SolidWorks,1,0.01,0.1,AEC,sgutteridge
2025-05-12 18:39:49,2025-05-12 18:39:59,Ansys Discovery Simulation,1,0.01,0.1,AEC,sgutteridge
2025-05-12 18:34:13,2025-05-12 18:34:23,Ansys Discovery Simulation,1,0.01,0.1,AEC,sgutteridge
2025-05-12 18:39:51,2025-05-12 18:39:59,Ansys BladeModeler,1,0.01,0.1,AEC,sgutteridge
2025-05-12 19:29:35,2025-05-12 19:29:42,Ansys CFD PrepPost,1,0.01,0.1,AEC,sgutteridge
2025-05-12 18:27:16,2025-05-12 18:27:36,Ansys CFD PrepPost,1,0.01,0.1,AEC,sgutteridge
2025-05-12 18:39:32,2025-05-12 18:52:57,Ansys CFD PrepPost,1,0.22,2.9,AEC,sgutteridge
2025-05-12 18:33:53,2025-05-12 18:36:47,Ansys CFD PrepPost,1,0.05,0.6,AEC,sgutteridge
2025-05-12 19:13:55,2025-05-12 19:18:16,Ansys CFD PrepPost,1,0.07,0.9,AEC,sgutteridge
2025-05-12 19:30:18,2025-05-12 19:40:42,Ansys CFD PrepPost,1,0.17,2.3,AEC,sgutteridge
2025-05-12 19:40:56,2025-05-12 19:45:23,Ansys CFD PrepPost,1,0.07,1.0,AEC,sgutteridge
2025-05-12 19:18:36,2025-05-12 19:24:13,Ansys CFD Enterprise Solver,1,0.09,2.4,AEC,sgutteridge
2025-05-12 18:52:49,2025-05-12 18:52:53,Ansys CFD Enterprise Solver,1,0.01,0.1,AEC,sgutteridge
2025-05-12 18:52:59,2025-05-12 19:13:42,Ansys CFD Enterprise Solver,1,0.35,9.0,AEC,sgutteridge
2025-05-12 19:24:26,2025-05-12 19:52:55,Ansys Mechanical Enterprise PrepPost,1,0.48,6.2,AEC,sgutteridge
2025-05-12 19:46:31,2025-05-12 19:46:56,Ansys HPC,4,0.01,0.1,AEC,sgutteridge
2025-05-12 19:46:16,2025-05-12 19:46:59,Ansys Mechanical Enterprise Solver,1,0.01,0.3,AEC,sgutteridge
2025-05-12 21:42:37,2025-05-12 23:31:06,Ansys Mechanical Enterprise Solver,1,1.81,45.2,AEC,atglassman
2025-05-12 21:38:07,2025-05-12 23:31:06,Ansys Mechanical Enterprise PrepPost,1,1.88,24.5,AEC,atglassman
2025-05-13 10:28:37,2025-05-13 10:28:40,Ansys Geometry Interface for SolidWorks,1,0.01,0.1,AEC,sgutteridge
2025-05-13 10:45:27,2025-05-13 10:52:18,Ansys CFD Enterprise Solver,1,0.11,3.0,AEC,sgutteridge
2025-05-13 10:35:59,2025-05-13 10:44:06,Ansys CFD Enterprise Solver,1,0.14,3.5,AEC,sgutteridge
2025-05-13 10:35:47,2025-05-13 10:35:52,Ansys CFD Enterprise Solver,1,0.01,0.1,AEC,sgutteridge
2025-05-13 10:31:15,2025-05-13 10:31:25,Ansys Discovery Simulation,1,0.01,0.1,AEC,sgutteridge
2025-05-13 11:39:15,2025-05-13 11:39:24,Ansys Discovery Simulation,1,0.01,0.1,AEC,sgutteridge
2025-05-13 10:28:20,2025-05-13 10:30:25,Ansys Discovery Simulation,1,0.03,0.6,AEC,sgutteridge
2025-05-13 10:28:22,2025-05-13 10:30:23,Ansys BladeModeler,1,0.03,0.1,AEC,sgutteridge
2025-05-13 10:31:17,2025-05-13 10:31:25,Ansys BladeModeler,1,0.01,0.1,AEC,sgutteridge
2025-05-13 11:39:17,2025-05-13 11:39:24,Ansys BladeModeler,1,0.01,0.1,AEC,sgutteridge
2025-05-13 11:48:36,2025-05-13 11:58:06,Ansys CFD PrepPost,1,0.16,2.1,AEC,sgutteridge
2025-05-13 10:30:55,2025-05-13 10:35:56,Ansys CFD PrepPost,1,0.08,1.1,AEC,sgutteridge
2025-05-13 11:47:34,2025-05-13 11:47:43,Ansys CFD PrepPost,1,0.01,0.1,AEC,sgutteridge
2025-05-13 12:50:18,2025-05-13 12:54:57,Ansys CFD PrepPost,1,0.08,1.0,AEC,sgutteridge
2025-05-13 13:31:10,2025-05-13 13:31:29,Ansys HPC,4,0.01,0.1,AEC,sgutteridge
2025-05-13 11:38:57,2025-05-13 13:33:22,Ansys Mechanical Enterprise PrepPost,1,1.91,24.8,AEC,sgutteridge
2025-05-13 13:30:55,2025-05-13 13:31:33,Ansys Mechanical Enterprise Solver,1,0.01,0.3,AEC,sgutteridge
2025-05-13 15:03:11,2025-05-13 16:03:49,Ansys Mechanical Enterprise PrepPost,1,1.01,13.2,AEC,atglassman
2025-05-13 15:03:53,2025-05-13 16:03:49,Ansys Mechanical Enterprise Solver,1,1.0,25.0,AEC,atglassman
2025-05-13 18:28:25,2025-05-13 18:50:45,Ansys Mechanical Enterprise PrepPost,1,0.37,4.8,AEC,sgutteridge
2025-05-19 11:52:10,2025-05-19 12:31:14,Ansys GRANTA Materials Data for Simulation,1,0.65,20.8,AEC,nramioulle
2025-05-19 11:49:04,2025-05-19 11:56:05,Ansys Mechanical Enterprise PrepPost,1,0.12,1.5,AEC,nramioulle
2025-05-19 11:56:13,2025-05-19 11:58:41,Ansys Mechanical Enterprise PrepPost,1,0.04,0.5,AEC,nramioulle
2025-05-19 11:58:52,2025-05-19 12:30:21,Ansys Mechanical Enterprise PrepPost,1,0.52,6.8,AEC,nramioulle
2025-05-19 11:59:06,2025-05-19 11:59:37,Ansys Discovery Simulation,1,0.01,0.1,AEC,nramioulle
2025-05-19 11:44:51,2025-05-19 11:49:02,Ansys Discovery Simulation,1,0.07,1.1,AEC,nramioulle
2025-05-19 11:49:24,2025-05-19 11:50:00,Ansys Discovery Simulation,1,0.01,0.2,AEC,nramioulle
2025-05-19 12:30:25,2025-05-19 12:31:09,Ansys Mechanical Enterprise PrepPost,1,0.01,0.2,AEC,nramioulle
2025-05-19 12:06:49,2025-05-19 12:07:05,Ansys Mechanical Enterprise Solver,1,0.01,0.1,AEC,nramioulle
2025-05-19 12:21:08,2025-05-19 12:21:23,Ansys Mechanical Enterprise Solver,1,0.01,0.1,AEC,nramioulle
2025-05-19 12:05:14,2025-05-19 12:05:29,Ansys Mechanical Enterprise Solver,1,0.01,0.1,AEC,nramioulle
2025-05-19 12:16:37,2025-05-19 12:16:50,Ansys Mechanical Enterprise Solver,1,0.01,0.1,AEC,nramioulle
2025-05-19 12:27:01,2025-05-19 12:27:17,Ansys Mechanical Enterprise Solver,1,0.01,0.1,AEC,nramioulle
2025-05-19 12:23:04,2025-05-19 12:23:16,Ansys Mechanical Enterprise Solver,1,0.01,0.1,AEC,nramioulle
2025-05-19 12:15:43,2025-05-19 12:15:56,Ansys Mechanical Enterprise Solver,1,0.01,0.1,AEC,nramioulle
2025-05-19 12:18:24,2025-05-19 12:18:37,Ansys Mechanical Enterprise Solver,1,0.01,0.1,AEC,nramioulle
2025-05-19 12:08:49,2025-05-19 12:09:04,Ansys Mechanical Enterprise Solver,1,0.01,0.1,AEC,nramioulle
2025-05-19 12:04:24,2025-05-19 12:04:42,Ansys Mechanical Enterprise Solver,1,0.01,0.1,AEC,nramioulle
2025-05-19 12:46:48,2025-05-19 12:47:54,Ansys Discovery Simulation,1,0.02,0.3,AEC,nramioulle
2025-05-19 12:49:48,2025-05-19 12:50:29,Ansys Discovery Simulation,1,0.01,0.2,AEC,nramioulle
2025-05-19 12:48:22,2025-05-19 12:48:53,Ansys Discovery Simulation,1,0.01,0.1,AEC,nramioulle
2025-05-19 12:51:04,2025-05-19 12:51:35,Ansys SpaceClaim,1,0.01,0.1,AEC,nramioulle
2025-05-19 12:53:27,2025-05-19 12:53:30,Ansys Mechanical Enterprise Solver,1,0.01,0.1,AEC,nramioulle
2025-05-19 13:05:23,2025-05-19 13:05:38,Ansys Mechanical Enterprise Solver,1,0.01,0.1,AEC,nramioulle
2025-05-19 12:59:23,2025-05-19 12:59:38,Ansys Mechanical Enterprise Solver,1,0.01,0.1,AEC,nramioulle
2025-05-19 12:56:09,2025-05-19 12:56:25,Ansys Mechanical Enterprise Solver,1,0.01,0.1,AEC,nramioulle
2025-05-19 13:16:37,2025-05-19 13:18:50,Ansys Mechanical Enterprise Solver,1,0.04,1.0,AEC,nramioulle
2025-05-19 12:58:59,2025-05-19 12:59:07,Ansys Mechanical Enterprise Solver,1,0.01,0.1,AEC,nramioulle
2025-05-19 12:55:12,2025-05-19 12:55:27,Ansys Mechanical Enterprise Solver,1,0.01,0.1,AEC,nramioulle
2025-05-19 13:13:20,2025-05-19 13:15:30,Ansys Mechanical Enterprise Solver,1,0.04,1.0,AEC,nramioulle
2025-05-19 13:01:52,2025-05-19 13:02:08,Ansys Mechanical Enterprise Solver,1,0.01,0.1,AEC,nramioulle
2025-05-19 12:54:25,2025-05-19 12:54:27,Ansys Mechanical Enterprise Solver,1,0.01,0.1,AEC,nramioulle
2025-05-19 13:02:49,2025-05-19 13:03:04,Ansys Mechanical Enterprise Solver,1,0.01,0.1,AEC,nramioulle
2025-05-19 13:50:10,2025-05-19 13:52:49,Ansys Mechanical Enterprise Solver,1,0.04,1.2,AEC,nramioulle
2025-05-19 13:10:09,2025-05-19 13:12:21,Ansys Mechanical Enterprise Solver,1,0.04,1.0,AEC,nramioulle
2025-05-19 13:56:18,2025-05-19 13:58:57,Ansys Mechanical Enterprise Solver,1,0.04,1.2,AEC,nramioulle
2025-05-19 14:04:52,2025-05-19 14:07:35,Ansys Mechanical Enterprise Solver,1,0.05,1.3,AEC,nramioulle
2025-05-19 14:08:04,2025-05-19 14:10:00,Ansys Mechanical Enterprise Solver,1,0.03,0.9,AEC,nramioulle
2025-05-19 14:14:12,2025-05-19 14:17:03,Ansys Mechanical Enterprise Solver,1,0.05,1.3,AEC,nramioulle
2025-05-19 13:59:38,2025-05-19 14:02:33,Ansys Mechanical Enterprise Solver,1,0.05,1.4,AEC,nramioulle
2025-05-19 14:27:55,2025-05-19 14:28:24,Ansys Discovery Enterprise,1,0.01,0.1,AEC,nramioulle
2025-05-19 14:34:06,2025-05-19 14:34:35,Ansys Discovery Enterprise,1,0.01,0.1,AEC,nramioulle
2025-05-19 14:18:41,2025-05-19 14:19:14,Ansys Discovery Enterprise,1,0.01,0.2,AEC,nramioulle
2025-05-19 14:24:20,2025-05-19 14:24:35,Ansys CFD PrepPost,1,0.01,0.1,AEC,nramioulle
2025-05-19 14:24:45,2025-05-19 14:27:11,Ansys CFD PrepPost,1,0.04,0.6,AEC,nramioulle
2025-05-19 14:21:50,2025-05-19 14:23:07,Ansys CFD PrepPost,1,0.02,0.3,AEC,nramioulle
2025-05-19 14:13:18,2025-05-19 14:21:17,Ansys Mechanical Enterprise PrepPost,1,0.13,1.9,AEC,nramioulle
2025-05-19 13:01:25,2025-05-19 14:13:16,Ansys Mechanical Enterprise PrepPost,1,1.2,16.8,AEC,nramioulle
2025-05-19 15:00:31,2025-05-19 15:05:33,Ansys GRANTA Materials Data for Simulation,1,0.08,2.8,AEC,nramioulle
2025-05-19 12:48:04,2025-05-19 12:49:46,Ansys Mechanical Enterprise PrepPost,1,0.03,0.4,AEC,nramioulle
2025-05-19 14:32:36,2025-05-19 14:33:49,Ansys CFD Enterprise Solver,1,0.02,0.6,AEC,nramioulle
2025-05-19 14:23:08,2025-05-19 14:24:15,Ansys Mechanical Enterprise PrepPost,1,0.02,0.3,AEC,nramioulle
2025-05-19 14:30:37,2025-05-19 14:32:22,Ansys Mechanical Enterprise PrepPost,1,0.03,0.4,AEC,nramioulle
2025-05-19 12:50:33,2025-05-19 13:01:17,Ansys Mechanical Enterprise PrepPost,1,0.18,2.3,AEC,nramioulle
2025-05-19 14:21:21,2025-05-19 14:21:29,Ansys Mechanical Enterprise PrepPost,1,0.01,0.1,AEC,nramioulle
2025-05-19 15:00:05,2025-05-19 15:00:30,Ansys Mechanical Enterprise PrepPost,1,0.01,0.1,AEC,nramioulle
2025-05-19 14:39:26,2025-05-19 15:00:00,Ansys CFD Enterprise Solver,1,0.34,9.6,AEC,nramioulle
2025-05-19 12:54:48,2025-05-19 13:01:17,Ansys GRANTA Materials Data for Simulation,1,0.11,3.5,AEC,nramioulle
2025-05-19 12:46:05,2025-05-19 12:46:44,Ansys Mechanical Enterprise PrepPost,1,0.01,0.1,AEC,nramioulle
2025-05-19 14:12:23,2025-05-19 15:00:00,Ansys GRANTA Materials Data for Simulation,1,0.79,26.2,AEC,nramioulle
2025-05-19 14:30:15,2025-05-19 14:30:27,Ansys Mechanical Enterprise PrepPost,1,0.01,0.1,AEC,nramioulle
2025-05-19 14:27:40,2025-05-19 14:29:55,Ansys Mechanical Enterprise PrepPost,1,0.04,0.5,AEC,nramioulle
2025-05-19 14:21:30,2025-05-19 14:21:41,Ansys Mechanical Enterprise PrepPost,1,0.01,0.1,AEC,nramioulle
2025-05-19 14:33:51,2025-05-19 14:39:12,Ansys Mechanical Enterprise PrepPost,1,0.09,1.2,AEC,nramioulle
2025-05-19 14:30:04,2025-05-19 14:30:13,Ansys Mechanical Enterprise PrepPost,1,0.01,0.1,AEC,nramioulle
2025-05-19 16:04:56,2025-05-19 16:13:35,Ansys Mechanical Enterprise PrepPost,1,0.14,2.0,AEC,nramioulle
2025-05-19 15:21:03,2025-05-19 15:28:48,Ansys Mechanical Enterprise PrepPost,1,0.13,1.8,AEC,nramioulle
2025-05-19 15:36:59,2025-05-19 15:39:35,Ansys Mechanical Enterprise Solver,1,0.04,1.2,AEC,nramioulle
2025-05-19 15:21:27,2025-05-19 15:24:52,Ansys Mechanical Enterprise Solver,1,0.06,1.6,AEC,nramioulle
2025-05-19 15:57:37,2025-05-19 15:59:28,Ansys Mechanical Enterprise Solver,1,0.03,0.9,AEC,nramioulle
2025-05-19 15:02:15,2025-05-19 15:20:41,Ansys Mechanical Enterprise PrepPost,1,0.31,4.3,AEC,nramioulle
2025-05-19 15:11:38,2025-05-19 15:14:15,Ansys Mechanical Enterprise Solver,1,0.04,1.2,AEC,nramioulle
2025-05-19 15:49:06,2025-05-19 15:51:36,Ansys Mechanical Enterprise Solver,1,0.04,1.2,AEC,nramioulle
2025-05-19 15:41:50,2025-05-19 15:43:44,Ansys Mechanical Enterprise Solver,1,0.03,0.9,AEC,nramioulle
2025-05-19 15:14:51,2025-05-19 15:20:45,Ansys Mechanical Enterprise Solver,1,0.1,2.8,AEC,nramioulle
2025-05-19 15:25:45,2025-05-19 15:28:23,Ansys Mechanical Enterprise Solver,1,0.04,1.2,AEC,nramioulle
2025-05-19 16:09:51,2025-05-19 16:11:42,Ansys Mechanical Enterprise Solver,1,0.03,0.9,AEC,nramioulle
2025-05-19 16:06:47,2025-05-19 16:09:32,Ansys Mechanical Enterprise Solver,1,0.05,1.3,AEC,nramioulle
2025-05-19 15:29:35,2025-05-19 15:32:11,Ansys Mechanical Enterprise Solver,1,0.04,1.2,AEC,nramioulle
2025-05-19 15:28:57,2025-05-19 16:04:41,Ansys Mechanical Enterprise PrepPost,1,0.6,8.3,AEC,nramioulle
2025-05-19 15:03:00,2025-05-19 15:05:48,Ansys Mechanical Enterprise Solver,1,0.05,1.3,AEC,nramioulle
2025-05-19 16:01:10,2025-05-19 16:03:06,Ansys Mechanical Enterprise Solver,1,0.03,0.9,AEC,nramioulle
2025-05-19 15:20:40,2025-05-19 15:50:42,Ansys GRANTA Materials Data for Simulation,1,0.5,16.5,AEC,nramioulle
2025-05-20 11:24:10,2025-05-20 11:24:45,Ansys Discovery Enterprise,1,0.01,0.2,AEC,nramioulle
2025-05-20 11:23:52,2025-05-20 11:25:41,Ansys Mechanical Enterprise PrepPost,1,0.03,0.4,AEC,nramioulle
2025-05-20 11:33:17,2025-05-20 11:34:06,Ansys Mechanical Enterprise PrepPost,1,0.01,0.2,AEC,nramioulle
2025-05-20 11:26:28,2025-05-20 11:26:37,Ansys Mechanical Enterprise PrepPost,1,0.01,0.1,AEC,nramioulle
2025-05-20 11:39:37,2025-05-20 11:40:14,Ansys Mechanical Enterprise PrepPost,1,0.01,0.1,AEC,nramioulle
2025-05-20 11:28:18,2025-05-20 11:28:27,Ansys Mechanical Enterprise PrepPost,1,0.01,0.1,AEC,nramioulle
2025-05-20 11:34:20,2025-05-20 11:34:31,Ansys Mechanical Enterprise PrepPost,1,0.01,0.1,AEC,nramioulle
2025-05-20 11:26:58,2025-05-20 11:28:13,Ansys Mechanical Enterprise PrepPost,1,0.02,0.3,AEC,nramioulle
2025-05-20 11:28:29,2025-05-20 11:28:42,Ansys Mechanical Enterprise PrepPost,1,0.01,0.1,AEC,nramioulle
2025-05-20 11:42:39,2025-05-20 11:44:26,Ansys Mechanical Enterprise PrepPost,1,0.03,0.4,AEC,nramioulle
2025-05-20 11:53:15,2025-05-20 11:53:27,Ansys Mechanical Enterprise PrepPost,1,0.01,0.1,AEC,nramioulle
2025-05-20 11:34:10,2025-05-20 11:34:19,Ansys Mechanical Enterprise PrepPost,1,0.01,0.1,AEC,nramioulle
2025-05-20 11:53:04,2025-05-20 11:53:13,Ansys Mechanical Enterprise PrepPost,1,0.01,0.1,AEC,nramioulle
2025-05-20 11:45:39,2025-05-20 11:52:58,Ansys Mechanical Enterprise PrepPost,1,0.12,1.7,AEC,nramioulle
2025-05-20 11:26:39,2025-05-20 11:26:49,Ansys Mechanical Enterprise PrepPost,1,0.01,0.1,AEC,nramioulle
2025-05-20 11:46:08,2025-05-20 11:46:40,Ansys SpaceClaim,1,0.01,0.1,AEC,nramioulle
2025-05-20 11:25:57,2025-05-20 11:26:24,Ansys CFD Enterprise Solver,1,0.01,0.2,AEC,nramioulle
2025-05-20 11:31:05,2025-05-20 11:33:16,Ansys CFD Enterprise Solver,1,0.04,1.0,AEC,nramioulle
2025-05-20 11:40:41,2025-05-20 11:41:20,Ansys CFD Enterprise Solver,1,0.01,0.3,AEC,nramioulle
2025-05-20 11:38:33,2025-05-20 11:39:38,Ansys CFD Enterprise Solver,1,0.02,0.5,AEC,nramioulle
2025-05-20 11:44:40,2025-05-20 11:45:32,Ansys CFD Enterprise Solver,1,0.01,0.4,AEC,nramioulle
2025-05-20 11:53:49,2025-05-20 12:58:55,Ansys CFD Enterprise Solver,1,1.09,30.4,AEC,nramioulle
2025-05-20 11:41:49,2025-05-20 11:42:45,Ansys CFD Enterprise Solver,1,0.02,0.4,AEC,nramioulle
2025-05-20 15:15:43,2025-05-20 15:57:50,Ansys Mechanical Enterprise PrepPost,1,0.7,9.8,AEC,nramioulle
2025-05-20 15:58:06,2025-05-20 15:58:21,Ansys Mechanical Enterprise PrepPost,1,0.01,0.1,AEC,nramioulle
2025-05-20 15:57:56,2025-05-20 15:58:05,Ansys Mechanical Enterprise PrepPost,1,0.01,0.1,AEC,nramioulle
2025-05-20 17:06:16,2025-05-20 17:48:01,Ansys GRANTA Materials Data for Simulation,1,0.7,23.0,AEC,nramioulle
2025-05-20 15:58:39,2025-05-20 17:48:01,Ansys CFD Enterprise Solver,1,1.82,51.0,AEC,nramioulle
2026-02-11 09:55:20,2026-02-11 09:55:22,Ansys Geometry Interface for Creo Parametric,1,0.01,0.1,AEC,nramioulle
2026-02-11 09:56:06,2026-02-11 09:56:08,Ansys Geometry Interface for Creo Parametric,1,0.01,0.1,AEC,nramioulle
2026-02-11 10:18:27,2026-02-11 10:18:55,Ansys Discovery Enterprise,1,0.01,0.1,AEC,nramioulle
2026-02-11 09:56:37,2026-02-11 09:57:15,Ansys Discovery Enterprise,1,0.01,0.2,AEC,nramioulle
2026-02-11 09:57:44,2026-02-11 09:58:10,Ansys Discovery Enterprise,1,0.01,0.1,AEC,nramioulle
2026-02-11 09:55:40,2026-02-11 09:56:09,Ansys Discovery Enterprise,1,0.01,0.1,AEC,nramioulle
2026-02-11 09:58:21,2026-02-11 09:58:50,Ansys Discovery Enterprise,1,0.01,0.1,AEC,nramioulle
2026-02-11 10:03:19,2026-02-11 10:18:05,Ansys Discovery Enterprise,1,0.25,4.4,AEC,nramioulle
2026-02-11 10:18:14,2026-02-11 10:18:59,Ansys Mechanical Enterprise PrepPost,1,0.01,0.2,AEC,nramioulle
2026-02-11 09:57:21,2026-02-11 10:03:12,Ansys Mechanical Enterprise PrepPost,1,0.1,1.4,AEC,nramioulle
2026-02-11 10:47:06,2026-02-11 10:47:53,Ansys Mechanical Enterprise PrepPost,1,0.01,0.2,AEC,nramioulle
2026-02-11 10:26:21,2026-02-11 10:26:30,Ansys Mechanical Enterprise Solver,1,0.01,0.1,AEC,nramioulle
2026-02-11 10:38:42,2026-02-11 10:38:51,Ansys Mechanical Enterprise Solver,1,0.01,0.1,AEC,nramioulle
2026-02-11 10:28:48,2026-02-11 10:28:57,Ansys Mechanical Enterprise Solver,1,0.01,0.1,AEC,nramioulle
2026-02-11 10:24:04,2026-02-11 10:47:58,Ansys GRANTA Materials Data for Simulation,1,0.4,13.1,AEC,nramioulle
2026-02-11 10:40:38,2026-02-11 10:40:49,Ansys Mechanical Enterprise Solver,1,0.01,0.1,AEC,nramioulle
2026-02-11 10:30:48,2026-02-11 10:30:57,Ansys Mechanical Enterprise Solver,1,0.01,0.1,AEC,nramioulle
2026-02-11 10:40:08,2026-02-11 10:40:19,Ansys Mechanical Enterprise Solver,1,0.01,0.1,AEC,nramioulle
2026-02-11 10:38:09,2026-02-11 10:38:18,Ansys Mechanical Enterprise Solver,1,0.01,0.1,AEC,nramioulle
2026-02-11 10:25:29,2026-02-11 10:25:50,Ansys Mechanical Enterprise Solver,1,0.01,0.2,AEC,nramioulle
2026-02-11 09:54:56,2026-02-11 09:56:18,Ansys Mechanical Enterprise PrepPost,1,0.02,0.3,AEC,nramioulle
2026-02-11 10:35:11,2026-02-11 10:35:21,Ansys Mechanical Enterprise Solver,1,0.01,0.1,AEC,nramioulle
2026-02-11 10:27:30,2026-02-11 10:27:39,Ansys Mechanical Enterprise Solver,1,0.01,0.1,AEC,nramioulle
2026-02-11 10:46:57,2026-02-11 10:47:06,Ansys Mechanical Enterprise Solver,1,0.01,0.1,AEC,nramioulle
2026-02-11 10:21:13,2026-02-11 10:47:06,Ansys Mechanical Enterprise PrepPost,1,0.43,6.0,AEC,nramioulle
2026-02-11 10:36:15,2026-02-11 10:36:26,Ansys Mechanical Enterprise Solver,1,0.01,0.1,AEC,nramioulle
2025-05-21 09:19:39,2025-05-21 09:41:04,Ansys Discovery Enterprise,1,0.36,6.4,AEC,nramioulle
2025-05-21 09:41:20,2025-05-21 09:44:57,Ansys Discovery Enterprise,1,0.06,1.1,AEC,nramioulle
2025-05-21 09:53:47,2025-05-21 09:57:25,Ansys Discovery Enterprise,1,0.06,1.1,AEC,nramioulle
2025-05-21 10:30:28,2025-05-21 10:30:57,Ansys Discovery Enterprise,1,0.01,0.1,AEC,nramioulle
2025-05-21 10:52:49,2025-05-21 10:54:30,Ansys Discovery Enterprise,1,0.03,0.5,AEC,nramioulle
2025-05-21 11:05:32,2025-05-21 11:06:02,Ansys Discovery Enterprise,1,0.01,0.2,AEC,nramioulle
2025-05-21 09:45:15,2025-05-21 09:45:50,Ansys Discovery Enterprise,1,0.01,0.2,AEC,nramioulle
2025-05-21 09:57:28,2025-05-21 10:30:01,Ansys Discovery Enterprise,1,0.54,9.8,AEC,nramioulle
2025-05-21 10:56:28,2025-05-21 11:05:09,Ansys Discovery Enterprise,1,0.14,2.6,AEC,nramioulle
2025-05-21 09:46:16,2025-05-21 09:53:43,Ansys Discovery Enterprise,1,0.12,2.2,AEC,nramioulle
2025-05-21 10:30:08,2025-05-21 10:52:26,Ansys Mechanical Enterprise PrepPost,1,0.37,5.2,AEC,nramioulle
2025-05-21 10:55:02,2025-05-21 10:55:19,Ansys Mechanical Enterprise PrepPost,1,0.01,0.1,AEC,nramioulle
2025-05-21 12:17:07,2025-05-21 12:17:15,Ansys Mechanical Enterprise PrepPost,1,0.01,0.1,AEC,nramioulle
2025-05-21 11:43:32,2025-05-21 11:43:40,Ansys Mechanical Enterprise PrepPost,1,0.01,0.1,AEC,nramioulle
2025-05-21 10:54:49,2025-05-21 10:55:01,Ansys Mechanical Enterprise PrepPost,1,0.01,0.1,AEC,nramioulle
2025-05-21 12:03:26,2025-05-21 12:16:41,Ansys Mechanical Enterprise PrepPost,1,0.22,3.1,AEC,nramioulle
2025-05-21 12:22:28,2025-05-21 12:25:01,Ansys Mechanical Enterprise PrepPost,1,0.04,0.6,AEC,nramioulle
2025-05-21 11:14:34,2025-05-21 11:14:59,Ansys Mechanical Enterprise PrepPost,1,0.01,0.1,AEC,nramioulle
2025-05-21 11:37:57,2025-05-21 11:43:23,Ansys Mechanical Enterprise PrepPost,1,0.09,1.3,AEC,nramioulle
2025-05-21 12:17:17,2025-05-21 12:17:30,Ansys Mechanical Enterprise PrepPost,1,0.01,0.1,AEC,nramioulle
2025-05-21 11:05:17,2025-05-21 11:14:17,Ansys Mechanical Enterprise PrepPost,1,0.15,2.1,AEC,nramioulle
2025-05-21 12:00:36,2025-05-21 12:00:45,Ansys Mechanical Enterprise PrepPost,1,0.01,0.1,AEC,nramioulle
2025-05-21 12:25:17,2025-05-21 12:25:38,Ansys Mechanical Enterprise PrepPost,1,0.01,0.1,AEC,nramioulle
2025-05-21 11:14:22,2025-05-21 11:14:33,Ansys Mechanical Enterprise PrepPost,1,0.01,0.1,AEC,nramioulle
2025-05-21 11:44:10,2025-05-21 11:55:44,Ansys CFD Enterprise Solver,1,0.19,5.4,AEC,nramioulle
2025-05-21 11:43:42,2025-05-21 11:43:55,Ansys Mechanical Enterprise PrepPost,1,0.01,0.1,AEC,nramioulle
2025-05-21 11:27:09,2025-05-21 11:37:54,Ansys Mechanical Enterprise PrepPost,1,0.18,2.5,AEC,nramioulle
2025-05-21 11:15:47,2025-05-21 11:29:16,Ansys CFD Enterprise Solver,1,0.22,6.3,AEC,nramioulle
2025-05-21 12:26:08,2025-05-21 13:27:14,Ansys CFD Enterprise Solver,1,1.02,28.5,AEC,nramioulle
2025-05-21 12:01:22,2025-05-21 12:17:02,Ansys CFD Enterprise Solver,1,0.26,7.3,AEC,nramioulle
2025-05-21 12:19:15,2025-05-21 12:23:37,Ansys CFD Enterprise Solver,1,0.07,2.0,AEC,nramioulle
2025-05-21 12:00:47,2025-05-21 12:01:00,Ansys Mechanical Enterprise PrepPost,1,0.01,0.1,AEC,nramioulle
2025-05-21 11:55:45,2025-05-21 12:00:31,Ansys Mechanical Enterprise PrepPost,1,0.08,1.1,AEC,nramioulle
2025-05-21 12:25:05,2025-05-21 12:25:16,Ansys Mechanical Enterprise PrepPost,1,0.01,0.1,AEC,nramioulle
2025-05-21 12:35:46,2025-05-21 13:05:52,Ansys GRANTA Materials Data for Simulation,1,0.5,16.6,AEC,nramioulle
2025-05-21 11:53:11,2025-05-21 11:55:44,Ansys GRANTA Materials Data for Simulation,1,0.04,1.4,AEC,nramioulle
2025-05-21 14:05:42,2025-05-21 14:32:15,Ansys CFD Enterprise Solver,1,0.44,12.4,AEC,nramioulle
2025-05-21 14:11:02,2025-05-21 14:14:21,Ansys Discovery Enterprise,1,0.06,1.0,AEC,nramioulle
2025-05-21 19:11:57,2025-05-21 19:15:24,Ansys CFD PrepPost,1,0.06,0.8,AEC,sgutteridge
2025-05-21 19:29:41,2025-05-21 19:32:03,Ansys CFD Enterprise Solver,1,0.04,1.1,AEC,sgutteridge
2025-05-21 19:42:01,2025-05-21 19:52:38,Ansys CFD Enterprise Solver,1,0.18,5.0,AEC,sgutteridge
2025-05-22 13:08:46,2025-05-22 13:30:23,Ansys Mechanical Enterprise PrepPost,1,0.36,5.0,AEC,sgutteridge
2025-05-22 13:09:18,2025-05-22 13:11:05,Ansys Geometry Interface for SolidWorks,1,0.03,0.1,AEC,sgutteridge
2025-05-22 13:17:40,2025-05-22 13:19:00,Ansys HPC,4,0.02,0.3,AEC,sgutteridge
2025-05-22 13:23:56,2025-05-22 13:25:03,Ansys HPC,4,0.02,0.3,AEC,sgutteridge
2025-05-22 13:17:25,2025-05-22 13:19:05,Ansys Mechanical Enterprise Solver,1,0.03,0.8,AEC,sgutteridge
2025-05-22 13:23:46,2025-05-22 13:25:06,Ansys Mechanical Enterprise Solver,1,0.02,0.6,AEC,sgutteridge
2025-05-22 14:33:24,2025-05-22 14:46:32,Ansys CFD Enterprise Solver,1,0.22,6.1,AEC,nramioulle
2025-05-23 08:55:31,2025-05-23 09:10:38,Ansys Mechanical Enterprise PrepPost,1,0.25,3.5,AEC,nramioulle
2025-05-23 08:51:54,2025-05-23 08:55:28,Ansys Mechanical Enterprise PrepPost,1,0.06,0.8,AEC,nramioulle
2025-05-23 08:53:15,2025-05-23 08:53:20,Ansys Mechanical Enterprise Solver,1,0.01,0.1,AEC,nramioulle
2025-05-23 08:52:44,2025-05-23 08:52:57,Ansys Mechanical Enterprise Solver,1,0.01,0.1,AEC,nramioulle
2025-05-23 08:56:29,2025-05-23 08:56:36,Ansys Mechanical Enterprise Solver,1,0.01,0.1,AEC,nramioulle
2025-05-23 08:54:38,2025-05-23 08:54:45,Ansys Mechanical Enterprise Solver,1,0.01,0.1,AEC,nramioulle
2025-05-23 08:53:45,2025-05-23 08:53:51,Ansys Mechanical Enterprise Solver,1,0.01,0.1,AEC,nramioulle
2025-05-23 11:01:27,2025-05-23 11:01:42,Ansys Mechanical Enterprise PrepPost,1,0.01,0.1,AEC,nramioulle
2025-05-23 11:50:21,2025-05-23 11:58:19,Ansys Mechanical Enterprise PrepPost,1,0.13,1.9,AEC,nramioulle
2025-05-23 10:53:49,2025-05-23 10:54:20,Ansys Discovery Enterprise,1,0.01,0.2,AEC,nramioulle
2025-05-23 11:26:44,2025-05-23 11:33:14,Ansys Mechanical Enterprise PrepPost,1,0.11,1.5,AEC,nramioulle
2025-05-23 11:26:19,2025-05-23 11:26:36,Ansys Mechanical Enterprise PrepPost,1,0.01,0.1,AEC,nramioulle
2025-05-23 11:49:24,2025-05-23 11:49:33,Ansys Mechanical Enterprise PrepPost,1,0.01,0.1,AEC,nramioulle
2025-05-23 11:49:35,2025-05-23 11:49:51,Ansys Mechanical Enterprise PrepPost,1,0.01,0.1,AEC,nramioulle
2025-05-23 11:01:13,2025-05-23 11:01:25,Ansys Mechanical Enterprise PrepPost,1,0.01,0.1,AEC,nramioulle
2025-05-23 12:00:14,2025-05-23 12:01:54,Ansys Mechanical Enterprise PrepPost,1,0.03,0.4,AEC,nramioulle
2025-05-23 12:05:12,2025-05-23 12:06:33,Ansys Mechanical Enterprise PrepPost,1,0.02,0.3,AEC,nramioulle
2025-05-23 10:36:24,2025-05-23 10:53:31,Ansys Discovery Enterprise,1,0.29,5.1,AEC,nramioulle
2025-05-23 11:26:06,2025-05-23 11:26:17,Ansys Mechanical Enterprise PrepPost,1,0.01,0.1,AEC,nramioulle
2025-05-23 10:53:33,2025-05-23 11:01:10,Ansys Mechanical Enterprise PrepPost,1,0.13,1.8,AEC,nramioulle
2025-05-23 12:06:53,2025-05-23 12:09:46,Ansys CFD Enterprise Solver,1,0.05,1.3,AEC,nramioulle
2025-05-23 11:33:05,2025-05-23 11:49:22,Ansys CFD Enterprise Solver,1,0.27,7.6,AEC,nramioulle
2025-05-23 11:58:33,2025-05-23 12:00:18,Ansys CFD Enterprise Solver,1,0.03,0.8,AEC,nramioulle
2025-05-23 12:02:06,2025-05-23 12:05:13,Ansys CFD Enterprise Solver,1,0.05,1.5,AEC,nramioulle
2025-05-23 11:59:59,2025-05-23 12:00:18,Ansys GRANTA Materials Data for Simulation,1,0.01,0.2,AEC,nramioulle
2025-05-23 12:37:51,2025-05-23 12:42:23,Ansys Discovery Enterprise,1,0.08,1.4,AEC,nramioulle
2025-05-23 12:42:44,2025-05-23 12:43:18,Ansys Discovery Enterprise,1,0.01,0.2,AEC,nramioulle
2025-05-23 13:02:45,2025-05-23 13:10:22,Ansys Zemax OpticStudio Enterprise,1,0.13,2.5,AEC,tutley
2025-05-23 13:13:13,2025-05-23 13:15:25,Ansys Zemax OpticStudio Enterprise,1,0.04,0.7,AEC,tutley
2025-05-23 13:15:27,2025-05-23 13:26:34,Ansys Zemax OpticStudio Enterprise,1,0.19,3.7,AEC,tutley
2025-05-23 13:29:22,2025-05-23 13:32:19,Ansys Zemax OpticStudio Enterprise,1,0.05,1.0,AEC,tutley
2025-05-23 13:34:40,2025-05-23 13:41:27,Ansys Zemax OpticStudio Enterprise,1,0.11,2.3,AEC,tutley
2025-05-23 13:45:48,2025-05-23 13:53:05,Ansys Zemax OpticStudio Enterprise,1,0.12,2.4,AEC,tutley
2025-05-23 13:14:54,2025-05-23 14:04:20,Ansys CFD Enterprise Solver,1,0.82,23.1,AEC,nramioulle
2025-05-23 14:09:14,2025-05-23 14:35:05,Ansys GRANTA Materials Data for Simulation,1,0.43,14.2,AEC,nramioulle
2025-05-23 14:06:42,2025-05-23 14:07:32,Ansys CFD Enterprise Solver,1,0.01,0.4,AEC,nramioulle
2025-05-23 13:15:59,2025-05-23 13:48:14,Ansys GRANTA Materials Data for Simulation,1,0.54,17.7,AEC,nramioulle
2025-05-23 14:07:54,2025-05-23 14:35:05,Ansys CFD Enterprise Solver,1,0.45,12.7,AEC,nramioulle
2025-05-23 14:36:06,2025-05-23 14:37:29,Ansys Mechanical Enterprise PrepPost,1,0.02,0.3,AEC,nramioulle
2025-05-23 13:57:32,2025-05-23 14:06:29,Ansys Mechanical Enterprise PrepPost,1,0.15,2.1,AEC,nramioulle
2025-05-23 14:38:20,2025-05-23 14:38:31,Ansys Mechanical Enterprise PrepPost,1,0.01,0.1,AEC,nramioulle
2025-05-23 12:42:27,2025-05-23 12:50:56,Ansys Mechanical Enterprise PrepPost,1,0.14,2.0,AEC,nramioulle
2025-05-23 14:39:01,2025-05-23 14:53:57,Ansys Mechanical Enterprise PrepPost,1,0.25,3.5,AEC,nramioulle
2025-05-23 14:43:04,2025-05-23 14:43:12,Ansys BladeModeler,1,0.01,0.1,AEC,sgutteridge
2025-05-23 14:40:05,2025-05-23 14:40:07,Ansys Geometry Interface for SolidWorks,1,0.01,0.1,AEC,sgutteridge
2025-05-23 12:50:59,2025-05-23 13:14:25,Ansys Mechanical Enterprise PrepPost,1,0.39,5.5,AEC,nramioulle
2025-05-23 14:39:48,2025-05-23 14:42:44,Ansys Discovery Enterprise,1,0.05,0.9,AEC,sgutteridge
2025-05-23 14:37:37,2025-05-23 14:38:15,Ansys Mechanical Enterprise PrepPost,1,0.01,0.1,AEC,nramioulle
2025-05-23 14:38:32,2025-05-23 14:38:51,Ansys Mechanical Enterprise PrepPost,1,0.01,0.1,AEC,nramioulle
2025-05-23 14:38:37,2025-05-23 14:39:01,Ansys Discovery Enterprise,1,0.01,0.1,AEC,sgutteridge
2025-05-23 14:43:01,2025-05-23 14:43:12,Ansys Discovery Enterprise,1,0.01,0.1,AEC,sgutteridge
2025-05-23 14:39:51,2025-05-23 14:42:42,Ansys BladeModeler,1,0.05,0.2,AEC,sgutteridge
2025-05-23 15:36:19,2025-05-23 15:53:52,Ansys CFD Enterprise Solver,1,0.29,8.2,AEC,sgutteridge
2025-05-23 15:26:20,2025-05-23 15:33:37,Ansys CFD Enterprise Solver,1,0.12,3.4,AEC,sgutteridge
2025-05-23 14:46:59,2025-05-23 15:10:42,Ansys CFD Enterprise Solver,1,0.4,11.1,AEC,sgutteridge
2025-05-23 14:46:46,2025-05-23 14:46:51,Ansys CFD Enterprise Solver,1,0.01,0.1,AEC,sgutteridge
2025-05-23 15:33:57,2025-05-23 15:51:27,Ansys CFD PrepPost,1,0.29,4.1,AEC,sgutteridge
2025-05-23 15:11:49,2025-05-23 15:26:02,Ansys CFD PrepPost,1,0.24,3.3,AEC,sgutteridge
2025-05-23 14:42:22,2025-05-23 14:46:56,Ansys CFD PrepPost,1,0.08,1.1,AEC,sgutteridge
2025-05-23 15:12:50,2025-05-23 15:15:22,Ansys Zemax OpticStudio Enterprise,1,0.04,0.8,AEC,tutley
2025-05-23 15:17:23,2025-05-23 15:21:15,Ansys Zemax OpticStudio Enterprise,1,0.06,1.3,AEC,tutley
2025-05-23 15:21:17,2025-05-23 15:24:20,Ansys Zemax OpticStudio Enterprise,1,0.05,1.0,AEC,tutley
2025-05-23 15:24:22,2025-05-23 15:27:21,Ansys Zemax OpticStudio Enterprise,1,0.05,1.0,AEC,tutley
2025-05-23 15:28:46,2025-05-23 15:34:15,Ansys Zemax OpticStudio Enterprise,1,0.09,1.8,AEC,tutley
2025-05-23 16:09:54,2025-05-23 16:44:24,Ansys CFD Enterprise Solver,1,0.58,16.1,AEC,sgutteridge
2025-05-23 16:22:00,2025-05-23 16:23:17,Ansys CFD PrepPost,1,0.02,0.3,AEC,sgutteridge
2025-05-23 16:44:18,2025-05-23 16:46:24,Ansys CFD PrepPost,1,0.04,0.5,AEC,sgutteridge
2025-05-23 16:28:37,2025-05-23 16:33:11,Ansys CFD PrepPost,1,0.08,1.1,AEC,sgutteridge
2025-05-27 09:17:35,2025-05-27 09:18:08,Ansys Discovery Enterprise,1,0.01,0.2,AEC,nramioulle
2025-05-27 09:20:22,2025-05-27 09:22:46,Ansys Discovery Enterprise,1,0.04,0.7,AEC,nramioulle
2025-05-27 09:22:51,2025-05-27 09:23:03,Ansys Discovery Enterprise,1,0.01,0.1,AEC,nramioulle
2025-05-27 09:14:46,2025-05-27 09:17:18,Ansys Discovery Enterprise,1,0.04,0.8,AEC,nramioulle
2025-05-27 09:10:57,2025-05-27 09:11:40,Ansys Discovery Enterprise,1,0.01,0.2,AEC,nramioulle
2025-05-27 09:22:53,2025-05-27 09:23:03,Ansys BladeModeler,1,0.01,0.1,AEC,nramioulle
2025-05-27 09:20:25,2025-05-27 09:22:44,Ansys BladeModeler,1,0.04,0.2,AEC,nramioulle
2025-05-27 09:50:02,2025-05-27 09:55:04,Ansys Discovery Enterprise,1,0.08,1.5,AEC,sgutteridge
2025-05-27 09:55:40,2025-05-27 09:57:17,Ansys BladeModeler,1,0.03,0.1,AEC,sgutteridge
2025-05-27 09:55:36,2025-05-27 09:57:19,Ansys Discovery Enterprise,1,0.03,0.5,AEC,sgutteridge
2025-05-27 09:58:21,2025-05-27 09:58:29,Ansys BladeModeler,1,0.01,0.1,AEC,sgutteridge
2025-05-27 09:58:18,2025-05-27 09:58:29,Ansys Discovery Enterprise,1,0.01,0.1,AEC,sgutteridge
2025-05-27 09:50:06,2025-05-27 09:55:02,Ansys BladeModeler,1,0.08,0.2,AEC,sgutteridge
2025-05-27 09:56:08,2025-05-27 09:56:10,Ansys Geometry Interface for SolidWorks,1,0.01,0.1,AEC,sgutteridge
2025-05-27 09:57:44,2025-05-27 10:00:12,Ansys CFD PrepPost,1,0.04,0.6,AEC,sgutteridge
2025-05-27 10:00:00,2025-05-27 10:00:06,Ansys CFD Enterprise Solver,1,0.01,0.1,AEC,sgutteridge
2025-05-27 10:00:15,2025-05-27 10:12:23,Ansys CFD Enterprise Solver,1,0.2,5.7,AEC,sgutteridge
2025-05-27 09:11:43,2025-05-27 09:15:12,Ansys Mechanical Enterprise PrepPost,1,0.06,0.8,AEC,nramioulle
2025-05-27 09:17:22,2025-05-27 09:18:09,Ansys Mechanical Enterprise PrepPost,1,0.01,0.2,AEC,nramioulle
2025-05-27 08:52:28,2025-05-27 09:10:54,Ansys Mechanical Enterprise PrepPost,1,0.31,4.3,AEC,nramioulle
2025-05-27 09:22:31,2025-05-27 09:28:24,Ansys Mechanical Enterprise PrepPost,1,0.1,1.4,AEC,nramioulle
2025-05-27 09:52:53,2025-05-27 10:19:27,Ansys Mechanical Enterprise PrepPost,1,0.44,6.2,AEC,nramioulle
2025-05-27 09:18:11,2025-05-27 09:19:17,Ansys Mechanical Enterprise PrepPost,1,0.02,0.3,AEC,nramioulle
2025-05-27 10:19:29,2025-05-27 10:24:08,Ansys Mechanical Enterprise PrepPost,1,0.08,1.1,AEC,nramioulle
2025-05-27 10:42:15,2025-05-27 10:49:20,Ansys Mechanical Enterprise PrepPost,1,0.12,1.7,AEC,nramioulle
2025-05-27 09:19:26,2025-05-27 09:20:15,Ansys Mechanical Enterprise PrepPost,1,0.01,0.2,AEC,nramioulle
2025-05-27 09:32:14,2025-05-27 09:52:59,Ansys GRANTA Materials Data for Simulation,1,0.35,11.4,AEC,nramioulle
2025-05-27 11:00:27,2025-05-27 12:07:23,Ansys GRANTA Materials Data for Simulation,1,1.12,36.8,AEC,nramioulle
2025-05-27 09:28:56,2025-05-27 09:52:59,Ansys CFD Enterprise Solver,1,0.4,11.2,AEC,nramioulle
2025-05-27 10:25:10,2025-05-27 10:44:05,Ansys CFD Enterprise Solver,1,0.32,8.8,AEC,nramioulle
2025-05-27 10:58:13,2025-05-27 12:07:23,Ansys CFD Enterprise Solver,1,1.15,32.3,AEC,nramioulle
2025-05-27 10:49:54,2025-05-27 10:51:52,Ansys CFD Enterprise Solver,1,0.03,0.9,AEC,nramioulle
2025-05-27 11:40:08,2025-05-27 11:44:41,Ansys CFD Enterprise Solver,1,0.08,2.1,AEC,sgutteridge
2025-05-27 11:30:04,2025-05-27 11:39:08,Ansys CFD Enterprise Solver,1,0.15,4.2,AEC,sgutteridge
2025-05-27 11:44:21,2025-05-27 11:44:27,Ansys CFD PrepPost,1,0.01,0.1,AEC,sgutteridge
2025-05-27 11:39:16,2025-05-27 11:39:52,Ansys CFD PrepPost,1,0.01,0.1,AEC,sgutteridge
2025-05-27 11:46:04,2025-05-27 11:53:08,Ansys CFD Enterprise Solver,1,0.12,3.3,AEC,sgutteridge
2025-05-27 11:53:12,2025-05-27 11:56:34,Ansys CFD PrepPost,1,0.06,0.8,AEC,sgutteridge
2025-05-27 13:19:25,2025-05-27 13:22:01,Ansys CFD PrepPost,1,0.04,0.6,AEC,sgutteridge
2025-05-27 11:44:39,2025-05-27 11:45:50,Ansys CFD PrepPost,1,0.02,0.3,AEC,sgutteridge
2025-05-27 13:18:43,2025-05-27 13:19:13,Ansys CFD Enterprise Solver,1,0.01,0.2,AEC,sgutteridge
2025-05-27 11:28:19,2025-05-27 11:29:48,Ansys CFD PrepPost,1,0.02,0.3,AEC,sgutteridge
2025-05-27 13:22:44,2025-05-27 13:27:27,Ansys CFD PrepPost,1,0.08,1.1,AEC,sgutteridge
2025-05-27 13:31:30,2025-05-27 13:32:54,Ansys CFD PrepPost,1,0.02,0.3,AEC,sgutteridge
2025-05-27 13:25:25,2025-05-27 13:25:35,Ansys Discovery Enterprise,1,0.01,0.1,AEC,sgutteridge
2025-05-27 13:25:28,2025-05-27 13:25:35,Ansys BladeModeler,1,0.01,0.1,AEC,sgutteridge
2025-05-27 13:27:30,2025-05-27 13:31:24,Ansys CFD Enterprise Solver,1,0.07,1.8,AEC,sgutteridge
2025-05-27 13:27:17,2025-05-27 13:27:21,Ansys CFD Enterprise Solver,1,0.01,0.1,AEC,sgutteridge
2025-05-27 14:51:42,2025-05-27 14:52:05,Ansys Mechanical Enterprise PrepPost,1,0.01,0.2,AEC,nramioulle
2025-05-27 13:49:20,2025-05-27 14:36:53,Ansys Mechanical Enterprise PrepPost,1,0.79,11.1,AEC,nramioulle
2025-05-27 14:52:07,2025-05-27 14:52:30,Ansys Mechanical Enterprise PrepPost,1,0.01,0.1,AEC,nramioulle
2025-05-27 14:37:05,2025-05-27 14:38:22,Ansys Mechanical Enterprise PrepPost,1,0.02,0.3,AEC,nramioulle
2025-05-27 15:18:09,2025-05-27 15:23:44,Ansys Mechanical Enterprise PrepPost,1,0.09,1.3,AEC,nramioulle
2025-05-27 15:12:07,2025-05-27 15:13:06,Ansys Mechanical Enterprise PrepPost,1,0.02,0.2,AEC,nramioulle
2025-05-27 13:46:21,2025-05-27 13:49:13,Ansys Discovery Enterprise,1,0.05,0.9,AEC,nramioulle
2025-05-27 14:38:27,2025-05-27 14:51:19,Ansys Mechanical Enterprise PrepPost,1,0.21,3.0,AEC,nramioulle
2025-05-27 13:42:12,2025-05-27 13:46:18,Ansys Discovery Enterprise,1,0.07,1.2,AEC,nramioulle
2025-05-27 15:14:46,2025-05-27 15:17:59,Ansys Discovery Enterprise,1,0.05,1.0,AEC,nramioulle
2025-05-27 13:49:35,2025-05-27 13:49:48,Ansys Discovery Enterprise,1,0.01,0.1,AEC,nramioulle
2025-05-27 15:13:17,2025-05-27 15:14:42,Ansys Discovery Enterprise,1,0.02,0.4,AEC,nramioulle
2025-05-27 14:38:45,2025-05-27 14:38:57,Ansys Discovery Enterprise,1,0.01,0.1,AEC,nramioulle
2025-05-27 13:46:24,2025-05-27 13:49:11,Ansys BladeModeler,1,0.05,0.1,AEC,nramioulle
2025-05-27 13:49:38,2025-05-27 13:49:48,Ansys BladeModeler,1,0.01,0.1,AEC,nramioulle
2025-05-27 15:18:26,2025-05-27 15:18:38,Ansys Discovery Enterprise,1,0.01,0.1,AEC,nramioulle
2025-05-27 14:51:55,2025-05-27 14:52:04,Ansys BladeModeler,1,0.01,0.1,AEC,nramioulle
2025-05-27 14:51:52,2025-05-27 14:52:04,Ansys Discovery Enterprise,1,0.01,0.1,AEC,nramioulle
2025-05-27 15:18:28,2025-05-27 15:18:38,Ansys BladeModeler,1,0.01,0.1,AEC,nramioulle
2025-05-27 15:14:48,2025-05-27 15:17:57,Ansys BladeModeler,1,0.05,0.1,AEC,nramioulle
2025-05-27 14:53:05,2025-05-27 15:12:08,Ansys CFD Enterprise Solver,1,0.32,8.9,AEC,nramioulle
2025-05-27 14:38:47,2025-05-27 14:38:57,Ansys BladeModeler,1,0.01,0.1,AEC,nramioulle
2025-05-27 14:57:48,2025-05-27 15:12:08,Ansys GRANTA Materials Data for Simulation,1,0.24,7.9,AEC,nramioulle
2025-05-27 16:49:58,2025-05-27 17:17:18,Ansys Mechanical Enterprise PrepPost,1,0.46,6.4,AEC,sgutteridge
2025-05-27 15:49:08,2025-05-27 16:03:15,Ansys CFD Enterprise Solver,1,0.24,6.6,AEC,sgutteridge
2025-05-27 18:42:45,2025-05-27 18:42:50,Ansys CFD Enterprise Solver,1,0.01,0.1,AEC,sgutteridge
2025-05-27 14:59:32,2025-05-27 15:12:21,Ansys CFD Enterprise Solver,1,0.21,6.0,AEC,sgutteridge
2025-05-27 18:42:59,2025-05-27 18:48:41,Ansys CFD Enterprise Solver,1,0.1,2.7,AEC,sgutteridge
2025-05-27 15:48:55,2025-05-27 15:49:00,Ansys CFD Enterprise Solver,1,0.01,0.1,AEC,sgutteridge
2025-05-27 17:41:18,2025-05-27 17:44:04,Ansys CFD Enterprise Solver,1,0.05,1.3,AEC,sgutteridge
2025-05-27 15:24:27,2025-05-27 15:38:59,Ansys CFD Enterprise Solver,1,0.24,6.8,AEC,sgutteridge
2025-05-27 17:44:21,2025-05-27 18:28:05,Ansys CFD Enterprise Solver,1,0.73,20.4,AEC,sgutteridge
2025-05-27 16:18:58,2025-05-27 16:49:30,Ansys CFD Enterprise Solver,1,0.51,14.2,AEC,sgutteridge
2025-05-27 16:11:33,2025-05-27 16:14:42,Ansys CFD Enterprise Solver,1,0.05,1.5,AEC,sgutteridge
2025-05-27 14:59:19,2025-05-27 14:59:24,Ansys CFD Enterprise Solver,1,0.01,0.1,AEC,sgutteridge
2025-05-27 18:37:26,2025-05-27 18:39:25,Ansys Discovery Enterprise,1,0.03,0.6,AEC,sgutteridge
2025-05-27 18:40:11,2025-05-27 18:40:22,Ansys Discovery Enterprise,1,0.01,0.1,AEC,sgutteridge
2025-05-27 18:35:47,2025-05-27 18:37:11,Ansys Discovery Enterprise,1,0.02,0.4,AEC,sgutteridge
2025-05-27 18:35:49,2025-05-27 18:37:08,Ansys BladeModeler,1,0.02,0.1,AEC,sgutteridge
2025-05-27 18:40:13,2025-05-27 18:40:22,Ansys BladeModeler,1,0.01,0.1,AEC,sgutteridge
2025-05-27 15:46:30,2025-05-27 15:46:38,Ansys BladeModeler,1,0.01,0.1,AEC,sgutteridge
2025-05-27 18:37:42,2025-05-27 18:37:45,Ansys Geometry Interface for SolidWorks,1,0.01,0.1,AEC,sgutteridge
2025-05-27 15:46:27,2025-05-27 15:46:38,Ansys Discovery Enterprise,1,0.01,0.1,AEC,sgutteridge
2025-05-27 18:37:03,2025-05-27 18:37:06,Ansys Geometry Interface for SolidWorks,1,0.01,0.1,AEC,sgutteridge
2025-05-27 18:37:29,2025-05-27 18:39:23,Ansys BladeModeler,1,0.03,0.1,AEC,sgutteridge
2025-05-27 16:18:11,2025-05-27 16:18:43,Ansys CFD PrepPost,1,0.01,0.1,AEC,sgutteridge
2025-05-27 18:39:48,2025-05-27 18:42:56,Ansys CFD PrepPost,1,0.05,0.7,AEC,sgutteridge
2025-05-27 15:46:00,2025-05-27 15:49:05,Ansys CFD PrepPost,1,0.05,0.7,AEC,sgutteridge
2025-05-27 14:58:25,2025-05-27 14:59:30,Ansys CFD PrepPost,1,0.02,0.3,AEC,sgutteridge
2025-05-27 15:12:29,2025-05-27 15:38:44,Ansys CFD PrepPost,1,0.44,6.1,AEC,sgutteridge
2025-05-27 15:39:08,2025-05-27 15:45:26,Ansys CFD PrepPost,1,0.11,1.5,AEC,sgutteridge
2025-05-27 16:03:31,2025-05-27 16:10:40,Ansys CFD PrepPost,1,0.12,1.7,AEC,sgutteridge
2025-05-27 18:36:07,2025-05-27 18:36:10,Ansys Geometry Interface for SolidWorks,1,0.01,0.1,AEC,sgutteridge
2025-05-27 16:55:22,2025-05-27 17:17:33,Ansys CFD PrepPost,1,0.37,5.2,AEC,sgutteridge
2025-05-28 01:31:15,2025-05-28 02:10:29,Ansys CFD Enterprise Solver,1,0.65,18.3,AEC,sgutteridge
2025-05-28 00:39:31,2025-05-28 01:31:00,Ansys CFD Enterprise Solver,1,0.86,24.0,AEC,sgutteridge
2025-05-28 10:26:36,2025-05-28 10:27:49,Ansys Mechanical Enterprise PrepPost,1,0.02,0.3,AEC,sgutteridge
2025-05-28 10:25:15,2025-05-28 10:26:40,Ansys CFD Enterprise Solver,1,0.02,0.7,AEC,sgutteridge
2025-05-28 11:13:46,2025-05-28 11:13:52,Ansys CFD Enterprise Solver,1,0.01,0.1,AEC,sgutteridge
2025-05-28 10:35:48,2025-05-28 10:35:53,Ansys CFD Enterprise Solver,1,0.01,0.1,AEC,sgutteridge
2025-05-28 10:36:01,2025-05-28 11:05:09,Ansys CFD Enterprise Solver,1,0.49,13.6,AEC,sgutteridge
2025-05-28 11:14:01,2025-05-28 11:16:21,Ansys CFD Enterprise Solver,1,0.04,1.1,AEC,sgutteridge
2025-05-28 11:22:13,2025-05-28 11:22:18,Ansys CFD Enterprise Solver,1,0.01,0.1,AEC,sgutteridge
2025-05-28 11:22:26,2025-05-28 11:29:33,Ansys CFD Enterprise Solver,1,0.12,3.3,AEC,sgutteridge
2025-05-28 11:05:55,2025-05-28 11:09:13,Ansys CFD PrepPost,1,0.06,0.8,AEC,sgutteridge
2025-05-28 10:30:51,2025-05-28 10:35:58,Ansys CFD PrepPost,1,0.09,1.2,AEC,sgutteridge
2025-05-28 11:18:45,2025-05-28 11:22:24,Ansys CFD PrepPost,1,0.06,0.9,AEC,sgutteridge
2025-05-28 11:19:06,2025-05-28 11:19:17,Ansys Discovery Enterprise,1,0.01,0.1,AEC,sgutteridge
2025-05-28 11:11:39,2025-05-28 11:13:58,Ansys CFD PrepPost,1,0.04,0.5,AEC,sgutteridge
2025-05-28 11:09:32,2025-05-28 11:11:22,Ansys CFD PrepPost,1,0.03,0.4,AEC,sgutteridge
2025-05-28 10:31:18,2025-05-28 10:31:27,Ansys BladeModeler,1,0.01,0.1,AEC,sgutteridge
2025-05-28 10:27:49,2025-05-28 10:30:20,Ansys BladeModeler,1,0.04,0.1,AEC,sgutteridge
2025-05-28 11:19:09,2025-05-28 11:19:17,Ansys BladeModeler,1,0.01,0.1,AEC,sgutteridge
2025-05-28 10:27:46,2025-05-28 10:30:22,Ansys Discovery Enterprise,1,0.04,0.8,AEC,sgutteridge
2025-05-28 11:16:40,2025-05-28 11:18:36,Ansys BladeModeler,1,0.03,0.1,AEC,sgutteridge
2025-05-28 11:06:19,2025-05-28 11:06:27,Ansys BladeModeler,1,0.01,0.1,AEC,sgutteridge
2025-05-28 10:31:16,2025-05-28 10:31:27,Ansys Discovery Enterprise,1,0.01,0.1,AEC,sgutteridge
2025-05-28 11:16:38,2025-05-28 11:18:39,Ansys Discovery Enterprise,1,0.03,0.6,AEC,sgutteridge
2025-05-28 11:06:17,2025-05-28 11:06:27,Ansys Discovery Enterprise,1,0.01,0.1,AEC,sgutteridge
2025-05-28 12:40:31,2025-05-28 12:41:39,Ansys CFD PrepPost,1,0.02,0.3,AEC,sgutteridge
2025-05-28 13:51:26,2025-05-28 15:00:40,Ansys CFD Enterprise Solver,1,1.15,32.3,AEC,sgutteridge
2025-05-28 12:41:29,2025-05-28 12:41:34,Ansys CFD Enterprise Solver,1,0.01,0.1,AEC,sgutteridge
2025-05-28 12:41:42,2025-05-28 13:50:14,Ansys CFD Enterprise Solver,1,1.14,32.0,AEC,sgutteridge
2025-05-28 15:48:08,2025-05-28 15:48:28,Ansys CFD PrepPost,1,0.01,0.1,AEC,sgutteridge
2025-05-28 15:51:02,2025-05-28 15:51:13,Ansys Mechanical Enterprise PrepPost,1,0.01,0.1,AEC,sgutteridge
2025-05-28 15:55:53,2025-05-28 15:56:01,Ansys BladeModeler,1,0.01,0.1,AEC,sgutteridge
2025-05-28 15:50:49,2025-05-28 15:50:59,Ansys Mechanical Enterprise PrepPost,1,0.01,0.1,AEC,sgutteridge
2025-05-28 15:51:16,2025-05-28 15:51:25,Ansys Mechanical Enterprise PrepPost,1,0.01,0.1,AEC,sgutteridge
2025-05-28 15:51:48,2025-05-28 15:55:11,Ansys BladeModeler,1,0.06,0.1,AEC,sgutteridge
2025-05-28 15:51:44,2025-05-28 15:55:13,Ansys Discovery Enterprise,1,0.06,1.0,AEC,sgutteridge
2025-05-28 15:50:35,2025-05-28 15:50:46,Ansys Mechanical Enterprise PrepPost,1,0.01,0.1,AEC,sgutteridge
2025-05-28 15:55:32,2025-05-28 16:02:20,Ansys CFD PrepPost,1,0.11,1.6,AEC,sgutteridge
2025-05-28 15:52:13,2025-05-28 15:52:22,Ansys Geometry Interface for SolidWorks,1,0.01,0.1,AEC,sgutteridge
2025-05-28 15:55:50,2025-05-28 15:56:01,Ansys Discovery Enterprise,1,0.01,0.1,AEC,sgutteridge
2025-05-28 16:29:50,2025-05-28 16:46:21,Ansys CFD Enterprise Solver,1,0.28,7.7,AEC,nramioulle
2025-05-28 16:54:15,2025-05-28 16:56:07,Ansys CFD Enterprise Solver,1,0.03,0.9,AEC,nramioulle
2025-05-28 16:56:21,2025-05-28 17:21:45,Ansys CFD Enterprise Solver,1,0.42,11.9,AEC,nramioulle
2025-05-28 16:28:58,2025-05-28 16:29:29,Ansys Mechanical Enterprise PrepPost,1,0.01,0.1,AEC,nramioulle
2025-05-28 16:47:51,2025-05-28 16:53:55,Ansys CFD Enterprise Solver,1,0.1,2.8,AEC,nramioulle
2025-05-28 16:27:11,2025-05-28 16:27:19,Ansys Mechanical Enterprise PrepPost,1,0.01,0.1,AEC,nramioulle
2025-05-28 16:46:17,2025-05-28 16:47:35,Ansys Mechanical Enterprise PrepPost,1,0.02,0.3,AEC,nramioulle
2025-05-28 16:50:12,2025-05-28 16:53:27,Ansys Mechanical Enterprise PrepPost,1,0.05,0.8,AEC,nramioulle
2025-05-28 16:43:07,2025-05-28 16:46:00,Ansys Mechanical Enterprise PrepPost,1,0.05,0.7,AEC,nramioulle
2025-05-28 16:12:18,2025-05-28 16:26:57,Ansys Mechanical Enterprise PrepPost,1,0.24,3.4,AEC,nramioulle
2025-05-28 16:59:50,2025-05-28 17:21:45,Ansys GRANTA Materials Data for Simulation,1,0.37,12.0,AEC,nramioulle
2025-05-28 16:30:46,2025-05-28 16:46:21,Ansys GRANTA Materials Data for Simulation,1,0.26,8.6,AEC,nramioulle
2025-05-28 16:02:22,2025-05-28 17:08:18,Ansys CFD Enterprise Solver,1,1.1,30.8,AEC,sgutteridge
2025-05-28 16:02:09,2025-05-28 16:02:14,Ansys CFD Enterprise Solver,1,0.01,0.1,AEC,sgutteridge
2025-05-28 17:26:59,2025-05-28 17:33:53,Ansys CFD Enterprise Solver,1,0.12,3.2,AEC,nramioulle
2025-05-29 10:26:34,2025-05-29 10:26:42,Ansys BladeModeler,1,0.01,0.1,AEC,nramioulle
2025-05-29 10:51:44,2025-05-29 10:51:54,Ansys Discovery Enterprise,1,0.01,0.1,AEC,nramioulle
2025-05-29 10:39:27,2025-05-29 10:39:37,Ansys BladeModeler,1,0.01,0.1,AEC,nramioulle
2025-05-29 10:39:25,2025-05-29 10:39:37,Ansys Discovery Enterprise,1,0.01,0.1,AEC,nramioulle
2025-05-29 10:51:47,2025-05-29 10:51:54,Ansys BladeModeler,1,0.01,0.1,AEC,nramioulle
2025-05-29 10:26:03,2025-05-29 10:36:51,Ansys Discovery Enterprise,1,0.18,3.2,AEC,nramioulle
2025-05-29 10:36:58,2025-05-29 10:38:55,Ansys BladeModeler,1,0.03,0.1,AEC,nramioulle
2025-05-29 10:36:55,2025-05-29 10:38:58,Ansys Discovery Enterprise,1,0.03,0.6,AEC,nramioulle
2025-05-29 10:39:06,2025-05-29 11:48:30,Ansys Mechanical Enterprise PrepPost,1,1.16,16.2,AEC,nramioulle
2025-05-29 10:24:02,2025-05-29 10:24:16,Ansys Mechanical Enterprise PrepPost,1,0.01,0.1,AEC,nramioulle
2025-05-29 12:02:40,2025-05-29 12:05:19,Ansys Discovery Enterprise,1,0.04,0.8,AEC,nramioulle
2025-05-29 12:06:54,2025-05-29 12:07:25,Ansys Discovery Enterprise,1,0.01,0.2,AEC,nramioulle
2025-05-29 12:03:05,2025-05-29 12:03:13,Ansys BladeModeler,1,0.01,0.1,AEC,nramioulle
2025-05-29 12:06:39,2025-05-29 12:12:00,Ansys Mechanical Enterprise PrepPost,1,0.09,1.3,AEC,nramioulle
2025-05-29 12:05:54,2025-05-29 12:06:19,Ansys Mechanical Enterprise PrepPost,1,0.01,0.1,AEC,nramioulle
2025-05-29 12:05:08,2025-05-29 12:05:52,Ansys Mechanical Enterprise PrepPost,1,0.01,0.2,AEC,nramioulle
2025-05-29 12:05:19,2025-05-29 12:05:49,Ansys Discovery Enterprise,2,0.01,0.3,AEC,nramioulle
2025-05-29 13:06:05,2025-05-29 13:06:40,Ansys Discovery Enterprise,1,0.01,0.2,AEC,nramioulle
2025-05-29 13:00:52,2025-05-29 13:05:44,Ansys Discovery Enterprise,1,0.08,1.5,AEC,nramioulle
2025-05-29 13:21:35,2025-05-29 13:22:10,Ansys Discovery Enterprise,1,0.01,0.2,AEC,nramioulle
2025-05-29 12:37:37,2025-05-29 12:39:19,Ansys Discovery Enterprise,1,0.03,0.5,AEC,nramioulle
2025-05-29 12:39:44,2025-05-29 12:39:54,Ansys Discovery Enterprise,1,0.01,0.1,AEC,nramioulle
2025-05-29 13:12:00,2025-05-29 13:21:43,Ansys GRANTA Materials Data for Simulation,1,0.16,5.3,AEC,nramioulle
2025-05-29 13:22:13,2025-05-29 13:25:18,Ansys Discovery Enterprise,1,0.05,0.9,AEC,nramioulle
2025-05-29 13:50:27,2025-05-29 14:04:49,Ansys CFD Enterprise Solver,1,0.24,6.7,AEC,nramioulle
2025-05-29 13:09:54,2025-05-29 13:21:43,Ansys CFD Enterprise Solver,1,0.2,5.5,AEC,nramioulle
2025-05-29 13:08:43,2025-05-29 13:09:40,Ansys CFD Enterprise Solver,1,0.02,0.4,AEC,nramioulle
2025-05-29 13:29:46,2025-05-29 13:31:03,Ansys CFD Enterprise Solver,1,0.02,0.6,AEC,nramioulle
2025-05-29 13:25:42,2025-05-29 13:25:55,Ansys Discovery Enterprise,1,0.01,0.1,AEC,nramioulle
2025-05-29 12:39:46,2025-05-29 12:39:54,Ansys BladeModeler,1,0.01,0.1,AEC,nramioulle
2025-05-29 13:34:04,2025-05-29 13:47:51,Ansys CFD Enterprise Solver,1,0.23,6.4,AEC,nramioulle
2025-05-29 13:25:44,2025-05-29 13:25:55,Ansys BladeModeler,1,0.01,0.1,AEC,nramioulle
2025-05-29 12:37:40,2025-05-29 12:39:16,Ansys BladeModeler,1,0.03,0.1,AEC,nramioulle
2025-05-29 13:22:15,2025-05-29 13:25:16,Ansys BladeModeler,1,0.05,0.1,AEC,nramioulle
2025-05-29 13:01:17,2025-05-29 13:01:25,Ansys BladeModeler,1,0.01,0.1,AEC,nramioulle
2025-05-29 13:35:10,2025-05-29 13:47:51,Ansys GRANTA Materials Data for Simulation,1,0.21,7.0,AEC,nramioulle
2025-05-29 12:36:43,2025-05-29 12:37:32,Ansys Mechanical Enterprise PrepPost,1,0.01,0.2,AEC,nramioulle
2025-05-29 13:25:25,2025-05-29 13:28:38,Ansys Mechanical Enterprise PrepPost,1,0.05,0.8,AEC,nramioulle
2025-05-29 13:05:48,2025-05-29 13:08:27,Ansys Mechanical Enterprise PrepPost,1,0.04,0.6,AEC,nramioulle
2025-05-29 13:47:58,2025-05-29 13:50:15,Ansys Mechanical Enterprise PrepPost,1,0.04,0.5,AEC,nramioulle
2025-05-29 12:39:26,2025-05-29 13:00:50,Ansys Mechanical Enterprise PrepPost,1,0.36,5.0,AEC,nramioulle
2025-05-29 13:28:41,2025-05-29 13:29:29,Ansys Mechanical Enterprise PrepPost,1,0.01,0.2,AEC,nramioulle
2025-05-29 13:31:13,2025-05-29 13:33:45,Ansys Mechanical Enterprise PrepPost,1,0.04,0.6,AEC,nramioulle
2025-05-30 09:47:49,2025-05-30 10:24:48,Ansys GRANTA Materials Data for Simulation,1,0.62,20.3,AEC,sgutteridge
2025-05-30 10:52:55,2025-05-30 10:59:55,Ansys CFD Enterprise Solver,1,0.12,3.3,AEC,sgutteridge
2025-05-30 09:42:38,2025-05-30 10:24:48,Ansys CFD Enterprise Solver,1,0.7,19.7,AEC,sgutteridge
2025-05-30 11:17:07,2025-05-30 12:07:42,Ansys CFD Enterprise Solver,1,0.84,23.6,AEC,sgutteridge
2025-05-30 11:16:54,2025-05-30 11:16:59,Ansys CFD Enterprise Solver,1,0.01,0.1,AEC,sgutteridge
2025-05-30 11:06:24,2025-05-30 11:09:16,Ansys Discovery Enterprise,1,0.05,0.9,AEC,sgutteridge
2025-05-30 11:06:27,2025-05-30 11:09:14,Ansys BladeModeler,1,0.05,0.1,AEC,sgutteridge
2025-05-30 11:11:00,2025-05-30 11:11:10,Ansys Discovery Enterprise,1,0.01,0.1,AEC,sgutteridge
2025-05-30 11:11:02,2025-05-30 11:11:10,Ansys BladeModeler,1,0.01,0.1,AEC,sgutteridge
2025-05-30 11:06:39,2025-05-30 11:06:42,Ansys Geometry Interface for SolidWorks,1,0.01,0.1,AEC,sgutteridge
2025-05-30 11:10:25,2025-05-30 11:17:04,Ansys CFD PrepPost,1,0.11,1.6,AEC,sgutteridge
2025-05-30 12:36:22,2025-05-30 12:36:32,Ansys BladeModeler,1,0.01,0.1,AEC,sgutteridge
2025-05-30 12:36:05,2025-05-30 13:29:34,Ansys Mechanical Enterprise PrepPost,1,0.89,12.5,AEC,sgutteridge
2025-05-30 12:36:19,2025-05-30 12:36:32,Ansys Discovery Enterprise,1,0.01,0.1,AEC,sgutteridge
2025-05-30 12:53:12,2025-05-30 12:57:00,Ansys Mechanical Enterprise Solver,1,0.06,1.8,AEC,sgutteridge
2025-05-30 13:11:16,2025-05-30 13:14:49,Ansys Mechanical Enterprise Solver,1,0.06,1.7,AEC,sgutteridge
2025-05-30 13:20:12,2025-05-30 13:20:24,Ansys Mechanical Enterprise Solver,1,0.01,0.1,AEC,sgutteridge
2025-05-30 12:46:47,2025-05-30 12:50:28,Ansys Mechanical Enterprise Solver,1,0.06,1.7,AEC,sgutteridge
2025-05-30 12:53:32,2025-05-30 12:56:53,Ansys HPC,4,0.06,0.8,AEC,sgutteridge
2025-05-30 13:21:10,2025-05-30 13:24:36,Ansys HPC,4,0.06,0.9,AEC,sgutteridge
2025-05-30 13:11:31,2025-05-30 13:14:43,Ansys HPC,4,0.05,0.8,AEC,sgutteridge
2025-05-30 12:47:07,2025-05-30 12:50:25,Ansys HPC,4,0.06,0.8,AEC,sgutteridge
2025-05-30 13:20:56,2025-05-30 13:24:41,Ansys Mechanical Enterprise Solver,1,0.06,1.8,AEC,sgutteridge
2025-05-30 13:03:53,2025-05-30 13:04:02,Ansys CFD PrepPost,1,0.01,0.1,AEC,sgutteridge
2025-05-30 13:51:03,2025-05-30 13:57:54,Ansys CFD PrepPost,1,0.11,1.6,AEC,sgutteridge
2025-05-30 13:52:29,2025-05-30 13:52:37,Ansys BladeModeler,1,0.01,0.1,AEC,sgutteridge
2025-05-30 14:21:36,2025-05-30 14:21:45,Ansys Discovery Enterprise,1,0.01,0.1,AEC,sgutteridge
2025-05-30 14:21:39,2025-05-30 14:21:45,Ansys BladeModeler,1,0.01,0.1,AEC,sgutteridge
2025-05-30 13:46:49,2025-05-30 13:50:33,Ansys Discovery Enterprise,1,0.06,1.1,AEC,sgutteridge
2025-05-30 13:46:52,2025-05-30 13:50:30,Ansys BladeModeler,1,0.06,0.1,AEC,sgutteridge
2025-05-30 13:47:12,2025-05-30 13:47:15,Ansys Geometry Interface for SolidWorks,1,0.01,0.1,AEC,sgutteridge
2025-05-30 13:52:26,2025-05-30 13:52:37,Ansys Discovery Enterprise,1,0.01,0.1,AEC,sgutteridge
2025-05-30 13:44:18,2025-05-30 13:48:19,Ansys Zemax OpticStudio Enterprise,1,0.07,1.3,AEC,tutley
2025-05-30 13:45:46,2025-05-30 13:46:43,Ansys CFD PrepPost,1,0.02,0.2,AEC,sgutteridge
2025-05-30 13:57:56,2025-05-30 14:20:43,Ansys CFD Enterprise Solver,1,0.38,10.6,AEC,sgutteridge
2025-05-30 13:57:44,2025-05-30 13:57:49,Ansys CFD Enterprise Solver,1,0.01,0.1,AEC,sgutteridge
2025-05-30 14:29:41,2025-05-30 14:33:01,Ansys HPC,4,0.06,0.8,AEC,sgutteridge
2025-05-30 14:29:27,2025-05-30 14:33:06,Ansys Mechanical Enterprise Solver,1,0.06,1.7,AEC,sgutteridge
2025-05-30 14:21:18,2025-05-30 14:35:46,Ansys Mechanical Enterprise PrepPost,1,0.24,3.4,AEC,sgutteridge
2025-05-30 18:38:54,2025-05-30 18:43:29,Ansys Zemax OpticStudio Enterprise,1,0.08,1.5,AEC,tutley
2025-05-30 18:29:20,2025-05-30 18:29:59,Ansys Zemax OpticStudio Enterprise,1,0.01,0.2,AEC,tutley
2025-05-30 18:30:04,2025-05-30 18:34:40,Ansys Zemax OpticStudio Enterprise,1,0.08,1.5,AEC,tutley
2025-06-01 14:40:43,2025-06-01 15:18:33,Ansys CFD Enterprise Solver,1,0.63,17.7,AEC,sgutteridge
2025-06-01 15:55:43,2025-06-01 16:11:58,Ansys Mechanical Enterprise PrepPost,1,0.27,3.8,AEC,sgutteridge
2025-06-01 16:06:17,2025-06-01 16:09:47,Ansys HPC,4,0.06,0.9,AEC,sgutteridge
2025-06-01 16:05:56,2025-06-01 16:09:54,Ansys Mechanical Enterprise Solver,1,0.07,1.8,AEC,sgutteridge
2025-06-01 15:41:07,2025-06-01 15:43:25,Ansys Mechanical Enterprise PrepPost,1,0.04,0.5,AEC,sgutteridge
2025-06-01 17:25:13,2025-06-01 17:28:32,Ansys BladeModeler,1,0.06,0.1,AEC,sgutteridge
2025-06-01 18:04:26,2025-06-01 18:06:18,Ansys CFD Enterprise Solver,1,0.03,0.9,AEC,sgutteridge
2025-06-01 17:25:10,2025-06-01 17:28:35,Ansys Discovery Enterprise,1,0.06,1.0,AEC,sgutteridge
2025-06-01 17:29:29,2025-06-01 17:33:58,Ansys CFD PrepPost,1,0.08,1.0,AEC,sgutteridge
2025-06-01 17:30:06,2025-06-01 17:30:17,Ansys Discovery Enterprise,1,0.01,0.1,AEC,sgutteridge
2025-06-01 17:30:09,2025-06-01 17:30:17,Ansys BladeModeler,1,0.01,0.1,AEC,sgutteridge
2025-06-01 17:24:07,2025-06-01 17:24:46,Ansys Discovery Enterprise,1,0.01,0.2,AEC,sgutteridge
2025-06-01 17:24:10,2025-06-01 17:24:43,Ansys BladeModeler,1,0.01,0.1,AEC,sgutteridge
2025-06-01 17:33:48,2025-06-01 17:33:53,Ansys CFD Enterprise Solver,1,0.01,0.1,AEC,sgutteridge
2025-06-01 18:07:37,2025-06-01 18:09:12,Ansys CFD Enterprise Solver,1,0.03,0.7,AEC,sgutteridge
2025-06-01 17:25:31,2025-06-01 17:25:34,Ansys Geometry Interface for SolidWorks,1,0.01,0.1,AEC,sgutteridge
2025-06-01 17:34:02,2025-06-01 17:43:55,Ansys CFD Enterprise Solver,1,0.16,4.6,AEC,sgutteridge
2025-06-02 00:45:48,2025-06-02 01:09:11,Ansys CFD Enterprise Solver,1,0.39,10.9,AEC,sgutteridge
2025-06-01 23:54:02,2025-06-02 00:30:57,Ansys CFD Enterprise Solver,1,0.62,17.2,AEC,sgutteridge
2025-06-02 00:31:34,2025-06-02 00:31:46,Ansys Discovery Enterprise,1,0.01,0.1,AEC,sgutteridge
2025-06-02 00:31:38,2025-06-02 00:31:46,Ansys BladeModeler,1,0.01,0.1,AEC,sgutteridge
2025-06-02 02:04:54,2025-06-02 02:09:18,Ansys CFD PrepPost,1,0.07,1.0,AEC,sgutteridge
2025-06-02 01:10:58,2025-06-02 01:17:03,Ansys CFD PrepPost,1,0.1,1.4,AEC,sgutteridge
2025-06-02 01:10:06,2025-06-02 01:10:16,Ansys CFD PrepPost,1,0.01,0.1,AEC,sgutteridge
2025-06-02 01:55:46,2025-06-02 02:14:54,Ansys Mechanical Enterprise PrepPost,1,0.32,4.5,AEC,sgutteridge
2025-06-02 01:54:54,2025-06-02 01:55:36,Ansys Mechanical Enterprise PrepPost,1,0.01,0.2,AEC,sgutteridge
2025-06-02 00:40:19,2025-06-02 00:45:04,Ansys Mechanical Enterprise PrepPost,1,0.08,1.1,AEC,sgutteridge
2025-06-02 01:17:28,2025-06-02 01:22:00,Ansys CFD PrepPost,1,0.08,1.1,AEC,sgutteridge
2025-06-02 01:09:28,2025-06-02 01:32:45,Ansys Mechanical Enterprise PrepPost,1,0.39,5.4,AEC,sgutteridge
2025-06-02 00:37:24,2025-06-02 00:40:06,Ansys Mechanical Enterprise PrepPost,1,0.05,0.6,AEC,sgutteridge
2025-06-02 02:20:34,2025-06-02 02:27:54,Ansys Mechanical Enterprise PrepPost,1,0.12,1.7,AEC,sgutteridge
2025-06-02 01:56:54,2025-06-02 01:57:03,Ansys CFD PrepPost,1,0.01,0.1,AEC,sgutteridge
2025-06-02 01:58:16,2025-06-02 02:04:31,Ansys CFD PrepPost,1,0.1,1.5,AEC,sgutteridge
2025-06-02 00:31:14,2025-06-02 00:37:14,Ansys Mechanical Enterprise PrepPost,1,0.1,1.4,AEC,sgutteridge
2025-06-02 00:42:54,2025-06-02 00:44:28,Ansys Mechanical Enterprise Solver,1,0.03,0.7,AEC,sgutteridge
2025-06-02 01:23:54,2025-06-02 01:27:47,Ansys Mechanical Enterprise Solver,1,0.06,1.8,AEC,sgutteridge
2025-06-02 02:09:46,2025-06-02 02:13:41,Ansys Mechanical Enterprise Solver,1,0.07,1.8,AEC,sgutteridge
2025-06-02 02:10:02,2025-06-02 02:13:33,Ansys HPC,4,0.06,0.9,AEC,sgutteridge
2025-06-02 01:24:10,2025-06-02 01:27:39,Ansys HPC,4,0.06,0.9,AEC,sgutteridge
2025-06-02 00:43:10,2025-06-02 00:44:21,Ansys HPC,4,0.02,0.3,AEC,sgutteridge
2025-06-02 10:41:49,2025-06-02 10:42:04,Ansys Discovery Enterprise,1,0.01,0.1,AEC,sgutteridge
2025-06-02 10:41:51,2025-06-02 10:42:04,Ansys BladeModeler,1,0.01,0.1,AEC,sgutteridge
2025-06-02 12:30:13,2025-06-02 12:31:47,Ansys CFD PrepPost,1,0.03,0.4,AEC,sgutteridge
2025-06-02 12:43:49,2025-06-02 12:45:12,Ansys CFD PrepPost,1,0.02,0.3,AEC,sgutteridge
2025-06-02 12:26:15,2025-06-02 12:29:55,Ansys CFD PrepPost,1,0.06,0.9,AEC,sgutteridge
2025-06-02 12:46:49,2025-06-02 12:53:33,Ansys CFD PrepPost,1,0.11,1.6,AEC,sgutteridge
2025-06-02 12:53:40,2025-06-02 12:56:30,Ansys CFD PrepPost,1,0.05,0.7,AEC,sgutteridge
2025-06-02 10:47:27,2025-06-02 10:50:59,Ansys HPC,4,0.06,0.9,AEC,sgutteridge
2025-06-02 12:00:30,2025-06-02 12:00:51,Ansys HPC,4,0.01,0.1,AEC,sgutteridge
2025-06-02 11:02:28,2025-06-02 11:05:44,Ansys HPC,4,0.05,0.8,AEC,sgutteridge
2025-06-02 10:54:07,2025-06-02 10:56:53,Ansys HPC,4,0.05,0.7,AEC,sgutteridge
2025-06-02 12:45:32,2025-06-02 12:45:43,Ansys HPC,4,0.01,0.1,AEC,sgutteridge
2025-06-02 11:23:28,2025-06-02 12:10:45,Ansys CFD PrepPost,1,0.79,11.0,AEC,sgutteridge
2025-06-02 12:07:24,2025-06-02 12:07:35,Ansys HPC,4,0.01,0.1,AEC,sgutteridge
2025-06-02 12:39:45,2025-06-02 12:43:16,Ansys CFD PrepPost,1,0.06,0.8,AEC,sgutteridge
2025-06-02 12:32:39,2025-06-02 12:32:50,Ansys HPC,4,0.01,0.1,AEC,sgutteridge
2025-06-02 12:56:42,2025-06-02 12:57:00,Ansys HPC,4,0.01,0.1,AEC,sgutteridge
2025-06-02 10:45:00,2025-06-02 10:45:09,Ansys HPC,4,0.01,0.1,AEC,sgutteridge
2025-06-02 10:26:16,2025-06-02 10:30:59,Ansys CFD Enterprise Solver,1,0.08,2.2,AEC,sgutteridge
2025-06-02 10:44:46,2025-06-02 10:45:11,Ansys Mechanical Enterprise Solver,1,0.01,0.2,AEC,sgutteridge
2025-06-02 12:07:15,2025-06-02 12:07:36,Ansys Mechanical Enterprise Solver,1,0.01,0.2,AEC,sgutteridge
2025-06-02 12:00:19,2025-06-02 12:00:54,Ansys Mechanical Enterprise Solver,1,0.01,0.3,AEC,sgutteridge
2025-06-02 12:45:23,2025-06-02 12:45:45,Ansys Mechanical Enterprise Solver,1,0.01,0.2,AEC,sgutteridge
2025-06-02 12:32:29,2025-06-02 12:32:53,Ansys Mechanical Enterprise Solver,1,0.01,0.2,AEC,sgutteridge
2025-06-02 12:35:58,2025-06-02 13:11:16,Ansys CFD Enterprise Solver,1,0.59,16.5,AEC,sgutteridge
2025-06-02 12:46:44,2025-06-02 12:57:03,Ansys Mechanical Enterprise Solver,1,0.17,4.8,AEC,sgutteridge
2025-06-02 10:53:52,2025-06-02 10:56:56,Ansys Mechanical Enterprise Solver,1,0.05,1.4,AEC,sgutteridge
2025-06-02 11:02:13,2025-06-02 11:05:51,Ansys Mechanical Enterprise Solver,1,0.06,1.7,AEC,sgutteridge
2025-06-02 10:47:08,2025-06-02 10:51:01,Ansys Mechanical Enterprise Solver,1,0.07,1.8,AEC,sgutteridge
2025-06-02 10:31:43,2025-06-02 10:40:41,Ansys Mechanical Enterprise PrepPost,1,0.15,2.1,AEC,sgutteridge
2025-06-02 10:40:58,2025-06-02 10:41:19,Ansys Mechanical Enterprise PrepPost,1,0.01,0.1,AEC,sgutteridge
2025-06-02 10:57:37,2025-06-02 12:08:18,Ansys Mechanical Enterprise PrepPost,1,1.18,16.5,AEC,sgutteridge
2025-06-02 12:24:11,2025-06-02 13:11:32,Ansys Mechanical Enterprise PrepPost,1,0.79,11.0,AEC,sgutteridge
2025-06-02 10:41:35,2025-06-02 10:57:27,Ansys Mechanical Enterprise PrepPost,1,0.26,3.7,AEC,sgutteridge
2025-06-02 14:00:36,2025-06-02 14:01:56,Ansys Mechanical Enterprise PrepPost,1,0.02,0.3,AEC,sgutteridge
2025-06-02 13:15:26,2025-06-02 13:24:21,Ansys Mechanical Enterprise PrepPost,1,0.15,2.1,AEC,sgutteridge
2025-06-02 13:17:45,2025-06-02 13:21:15,Ansys CFD PrepPost,1,0.06,0.8,AEC,sgutteridge
2025-06-02 13:21:37,2025-06-02 13:22:58,Ansys CFD PrepPost,1,0.02,0.3,AEC,sgutteridge
2025-06-02 13:34:19,2025-06-02 13:53:03,Ansys Mechanical Enterprise PrepPost,1,0.31,4.4,AEC,sgutteridge
2025-06-02 13:37:27,2025-06-02 13:43:05,Ansys CFD PrepPost,1,0.09,1.3,AEC,sgutteridge
2025-06-02 13:43:19,2025-06-02 13:47:15,Ansys CFD PrepPost,1,0.07,0.9,AEC,sgutteridge
2025-06-02 13:23:22,2025-06-02 13:23:43,Ansys Mechanical Enterprise Solver,1,0.01,0.2,AEC,sgutteridge
2025-06-02 13:48:32,2025-06-02 13:52:03,Ansys HPC,4,0.06,0.9,AEC,sgutteridge
2025-06-02 13:48:19,2025-06-02 13:52:11,Ansys Mechanical Enterprise Solver,1,0.06,1.8,AEC,sgutteridge
2025-06-02 13:23:32,2025-06-02 13:23:42,Ansys HPC,4,0.01,0.1,AEC,sgutteridge
2025-06-02 13:53:18,2025-06-02 13:55:02,Ansys CFD Enterprise Solver,1,0.03,0.8,AEC,sgutteridge
2025-06-02 13:26:52,2025-06-02 13:34:06,Ansys CFD Enterprise Solver,1,0.12,3.4,AEC,sgutteridge
2025-06-02 14:53:08,2025-06-02 14:55:35,Ansys Zemax OpticStudio Enterprise,1,0.04,0.8,AEC,tutley
2025-06-02 15:16:17,2025-06-02 15:25:46,Ansys Mechanical Enterprise PrepPost,1,0.16,2.2,AEC,eduffield
2025-06-02 15:18:56,2025-06-02 15:19:35,Ansys Mechanical Enterprise Solver,1,0.01,0.3,AEC,eduffield
2025-06-02 15:20:49,2025-06-02 15:21:04,Ansys HPC,2,0.01,0.1,AEC,eduffield
2025-06-02 15:20:41,2025-06-02 15:21:06,Ansys Mechanical Enterprise Solver,1,0.01,0.2,AEC,eduffield
2025-06-02 15:19:18,2025-06-02 15:19:32,Ansys HPC,2,0.01,0.1,AEC,eduffield
2025-06-02 15:45:08,2025-06-02 15:47:27,Ansys Mechanical Enterprise PrepPost,1,0.04,0.5,AEC,eduffield
2025-06-02 15:48:39,2025-06-02 15:49:05,Ansys Mechanical Enterprise Solver,1,0.01,0.2,AEC,eduffield
2025-06-02 15:49:13,2025-06-02 15:50:19,Ansys HPC,2,0.02,0.2,AEC,eduffield
2025-06-02 15:46:50,2025-06-02 15:47:15,Ansys Mechanical Enterprise Solver,1,0.01,0.2,AEC,eduffield
2025-06-02 15:48:08,2025-06-02 15:53:00,Ansys Mechanical Enterprise PrepPost,1,0.08,1.1,AEC,eduffield
2025-06-02 15:48:47,2025-06-02 15:49:03,Ansys HPC,2,0.01,0.1,AEC,eduffield
2025-06-02 15:46:59,2025-06-02 15:47:14,Ansys HPC,2,0.01,0.1,AEC,eduffield
2025-06-02 15:49:07,2025-06-02 15:50:21,Ansys Mechanical Enterprise Solver,1,0.02,0.6,AEC,eduffield
2025-06-02 16:11:24,2025-06-02 16:11:39,Ansys Mechanical Enterprise Solver,1,0.01,0.1,AEC,eduffield
2025-06-02 16:06:02,2025-06-02 16:06:19,Ansys Mechanical Enterprise Solver,1,0.01,0.1,AEC,eduffield
2025-06-02 16:10:26,2025-06-02 16:10:35,Ansys HPC,2,0.01,0.1,AEC,eduffield
2025-06-02 16:11:53,2025-06-02 16:12:11,Ansys Mechanical Enterprise Solver,1,0.01,0.1,AEC,eduffield
2025-06-02 15:55:33,2025-06-02 16:04:01,Ansys Mechanical Enterprise PrepPost,1,0.14,2.0,AEC,eduffield
2025-06-02 16:00:19,2025-06-02 16:00:32,Ansys Mechanical Enterprise Solver,1,0.01,0.1,AEC,eduffield
2025-06-02 16:00:26,2025-06-02 16:00:30,Ansys HPC,2,0.01,0.1,AEC,eduffield
2025-06-02 15:57:58,2025-06-02 15:58:02,Ansys HPC,2,0.01,0.1,AEC,eduffield
2025-06-02 16:08:48,2025-06-02 16:09:04,Ansys Mechanical Enterprise Solver,1,0.01,0.1,AEC,eduffield
2025-06-02 16:12:00,2025-06-02 16:12:09,Ansys HPC,2,0.01,0.1,AEC,eduffield
2025-06-02 15:57:51,2025-06-02 15:58:06,Ansys Mechanical Enterprise Solver,1,0.01,0.1,AEC,eduffield
2025-06-02 16:06:21,2025-06-02 16:06:38,Ansys Mechanical Enterprise Solver,1,0.01,0.1,AEC,eduffield
2025-06-02 16:06:28,2025-06-02 16:06:37,Ansys HPC,2,0.01,0.1,AEC,eduffield
2025-06-02 16:08:10,2025-06-02 16:13:18,Ansys Mechanical Enterprise PrepPost,1,0.09,1.2,AEC,eduffield
2025-06-02 16:08:56,2025-06-02 16:09:01,Ansys HPC,2,0.01,0.1,AEC,eduffield
2025-06-02 16:09:06,2025-06-02 16:09:09,Ansys Mechanical Enterprise Solver,1,0.01,0.1,AEC,eduffield
2025-06-02 16:04:18,2025-06-02 16:07:29,Ansys Mechanical Enterprise PrepPost,1,0.05,0.7,AEC,eduffield
2025-06-02 16:06:11,2025-06-02 16:06:17,Ansys HPC,2,0.01,0.1,AEC,eduffield
2025-06-02 16:11:30,2025-06-02 16:11:35,Ansys HPC,2,0.01,0.1,AEC,eduffield
2025-06-02 16:10:20,2025-06-02 16:10:37,Ansys Mechanical Enterprise Solver,1,0.01,0.1,AEC,eduffield
2025-06-02 19:18:20,2025-06-02 19:18:25,Ansys Geometry Interface for SolidWorks,1,0.01,0.1,AEC,sgutteridge
2025-06-02 17:34:49,2025-06-02 17:36:38,Ansys Geometry Interface for SolidWorks,1,0.03,0.1,AEC,sgutteridge
2025-06-02 18:48:22,2025-06-02 18:48:27,Ansys Geometry Interface for SolidWorks,1,0.01,0.1,AEC,sgutteridge
2025-06-02 18:34:36,2025-06-02 18:37:33,Ansys Geometry Interface for SolidWorks,1,0.05,0.2,AEC,sgutteridge
2025-06-02 17:54:30,2025-06-02 17:54:32,Ansys Geometry Interface for SolidWorks,1,0.01,0.1,AEC,sgutteridge
2025-06-02 17:34:19,2025-06-02 19:39:24,Ansys Mechanical Enterprise PrepPost,1,2.08,29.2,AEC,sgutteridge
2025-06-02 18:50:58,2025-06-02 19:07:42,Ansys HPC,4,0.28,4.2,AEC,sgutteridge
2025-06-02 18:50:47,2025-06-02 19:07:44,Ansys Mechanical Enterprise Solver,1,0.28,7.9,AEC,sgutteridge
2025-06-02 17:57:24,2025-06-02 18:10:03,Ansys Mechanical Enterprise Solver,1,0.21,5.9,AEC,sgutteridge
2025-06-02 19:19:54,2025-06-02 19:36:39,Ansys Mechanical Enterprise Solver,1,0.28,7.8,AEC,sgutteridge
2025-06-02 19:20:05,2025-06-02 19:36:37,Ansys HPC,4,0.28,4.1,AEC,sgutteridge
2025-06-02 17:57:35,2025-06-02 18:10:00,Ansys HPC,4,0.21,3.1,AEC,sgutteridge
2025-06-03 12:37:28,2025-06-03 12:47:26,Ansys Discovery Enterprise,1,0.17,3.0,AEC,tutley
2025-06-03 12:37:28,2025-06-03 12:42:45,Ansys Discovery Enterprise,1,0.09,1.6,AEC,tutley
2025-06-03 13:02:33,2025-06-03 13:43:57,Ansys Mechanical Enterprise PrepPost,1,0.69,9.7,AEC,tutley
2025-06-03 13:04:25,2025-06-03 13:43:58,Ansys GRANTA Materials Data for Simulation,1,0.66,21.8,AEC,tutley
2025-06-03 13:09:05,2025-06-03 13:09:11,Ansys Geometry Interface for SolidWorks,1,0.01,0.1,AEC,sgutteridge
2025-06-03 13:41:07,2025-06-03 13:43:26,Ansys Mechanical Enterprise Solver,1,0.04,1.1,AEC,tutley
2025-06-03 13:34:34,2025-06-03 13:36:17,Ansys Mechanical Enterprise Solver,1,0.03,0.8,AEC,tutley
2025-06-03 13:43:44,2025-06-03 13:47:29,Ansys Mechanical Enterprise Solver,1,0.06,1.8,AEC,tutley
2025-06-03 13:39:19,2025-06-03 13:39:31,Ansys Mechanical Enterprise Solver,1,0.01,0.1,AEC,tutley
2025-06-03 13:43:26,2025-06-03 13:43:44,Ansys Mechanical Enterprise Solver,2,0.01,0.3,AEC,tutley
2025-06-03 14:44:47,2025-06-03 16:05:52,Ansys Mechanical Enterprise PrepPost,1,1.35,18.9,AEC,sgutteridge
2025-06-03 13:07:55,2025-06-03 13:59:03,Ansys Mechanical Enterprise PrepPost,1,0.85,11.9,AEC,sgutteridge
2025-06-03 13:12:40,2025-06-03 13:13:38,Ansys HPC,4,0.02,0.2,AEC,sgutteridge
2025-06-03 14:45:55,2025-06-03 16:05:49,Ansys HPC,4,1.33,20.0,AEC,sgutteridge
2025-06-03 13:15:38,2025-06-03 13:35:27,Ansys HPC,4,0.33,5.0,AEC,sgutteridge
2025-06-03 13:44:06,2025-06-03 13:53:44,Ansys Discovery Enterprise,1,0.16,2.9,AEC,tutley
2025-06-03 13:02:48,2025-06-03 13:03:20,Ansys Discovery Enterprise,1,0.01,0.2,AEC,tutley
2025-06-03 14:52:29,2025-06-03 14:52:50,Ansys Discovery Enterprise,1,0.01,0.1,AEC,tutley
2025-06-03 16:42:37,2025-06-03 17:09:10,Ansys Discovery Enterprise,1,0.44,8.0,AEC,tutley
2025-06-03 13:12:25,2025-06-03 13:13:39,Ansys Mechanical Enterprise Solver,1,0.02,0.6,AEC,sgutteridge
2025-06-03 16:07:58,2025-06-03 17:40:38,Ansys HPC,8,1.54,22.0,AEC,sgutteridge
2025-06-03 16:07:55,2025-06-03 17:40:38,Ansys Mechanical Enterprise Solver,1,1.55,28.0,AEC,sgutteridge
2025-06-03 13:15:27,2025-06-03 13:35:30,Ansys Mechanical Enterprise Solver,1,0.33,9.4,AEC,sgutteridge
2025-06-03 14:45:43,2025-06-03 16:05:52,Ansys Mechanical Enterprise Solver,1,1.34,37.4,AEC,sgutteridge
2025-06-03 17:10:05,2025-06-03 17:10:34,Ansys Discovery Enterprise,1,0.01,0.1,AEC,tutley
2025-06-03 17:14:50,2025-06-03 17:14:53,Ansys Mechanical Enterprise Solver,1,0.01,0.1,AEC,tutley
2025-06-03 17:20:35,2025-06-03 17:20:38,Ansys Mechanical Enterprise Solver,1,0.01,0.1,AEC,tutley
2025-06-03 17:09:46,2025-06-03 18:24:23,Ansys Mechanical Enterprise PrepPost,1,1.24,17.4,AEC,tutley
2025-06-03 17:22:52,2025-06-03 17:22:54,Ansys Mechanical Enterprise Solver,1,0.01,0.1,AEC,tutley
2025-06-03 17:24:37,2025-06-03 17:25:01,Ansys Mechanical Enterprise Solver,1,0.01,0.2,AEC,tutley
2025-06-03 17:42:11,2025-06-03 17:46:19,Ansys Mechanical Enterprise Solver,1,0.07,1.9,AEC,tutley
2025-06-03 17:51:01,2025-06-03 17:54:30,Ansys Mechanical Enterprise Solver,1,0.06,1.6,AEC,tutley
2025-06-03 17:23:28,2025-06-03 17:23:31,Ansys Mechanical Enterprise Solver,1,0.01,0.1,AEC,tutley
2025-06-03 17:28:39,2025-06-03 17:29:07,Ansys Mechanical Enterprise Solver,1,0.01,0.2,AEC,tutley
2025-06-03 17:25:43,2025-06-03 17:26:10,Ansys Mechanical Enterprise Solver,1,0.01,0.2,AEC,tutley
2025-06-03 17:19:20,2025-06-03 17:19:23,Ansys Mechanical Enterprise Solver,1,0.01,0.1,AEC,tutley
2025-06-03 17:55:36,2025-06-03 17:59:55,Ansys Mechanical Enterprise Solver,1,0.07,2.0,AEC,tutley
2025-06-03 17:50:31,2025-06-03 17:50:48,Ansys Mechanical Enterprise Solver,1,0.01,0.1,AEC,tutley
2025-06-03 18:03:32,2025-06-03 18:07:46,Ansys Mechanical Enterprise Solver,1,0.07,2.0,AEC,tutley
2025-06-03 17:29:56,2025-06-03 17:30:24,Ansys Mechanical Enterprise Solver,1,0.01,0.2,AEC,tutley
2025-06-03 17:48:23,2025-06-03 17:48:53,Ansys Mechanical Enterprise Solver,1,0.01,0.2,AEC,tutley
2025-06-03 17:16:02,2025-06-03 18:24:32,Ansys GRANTA Materials Data for Simulation,1,1.14,37.7,AEC,tutley
2025-06-03 18:10:07,2025-06-03 18:15:41,Ansys Mechanical Enterprise Solver,1,0.09,2.6,AEC,tutley
2025-06-03 17:15:19,2025-06-03 17:15:22,Ansys Mechanical Enterprise Solver,1,0.01,0.1,AEC,tutley
2025-06-03 18:24:49,2025-06-03 18:27:28,Ansys Discovery Enterprise,1,0.04,0.8,AEC,tutley
2025-06-03 18:28:14,2025-06-03 18:30:54,Ansys Zemax OpticStudio Enterprise,1,0.04,0.9,AEC,tutley
2025-06-03 18:33:19,2025-06-03 18:55:21,Ansys Discovery Enterprise,1,0.37,6.6,AEC,tutley
2025-06-04 09:03:33,2025-06-04 14:17:16,Ansys Mechanical Enterprise PrepPost,1,5.23,73.2,AEC,eduffield
2025-06-05 10:51:02,2025-06-05 10:53:57,Ansys Discovery Enterprise,1,0.05,0.9,AEC,eduffield
2025-06-05 11:06:57,2025-06-05 11:07:12,Ansys Mechanical Enterprise Solver,1,0.01,0.1,AEC,eduffield
2025-06-05 10:58:18,2025-06-05 10:58:22,Ansys HPC,2,0.01,0.1,AEC,eduffield
2025-06-05 11:12:51,2025-06-05 11:13:06,Ansys Mechanical Enterprise Solver,1,0.01,0.1,AEC,eduffield
2025-06-05 11:03:30,2025-06-05 11:03:45,Ansys Mechanical Enterprise Solver,1,0.01,0.1,AEC,eduffield
2025-06-05 11:17:26,2025-06-05 11:17:40,Ansys Mechanical Enterprise Solver,1,0.01,0.1,AEC,eduffield
2025-06-05 11:01:01,2025-06-05 11:01:14,Ansys Mechanical Enterprise Solver,1,0.01,0.1,AEC,eduffield
2025-06-05 11:03:37,2025-06-05 11:03:43,Ansys HPC,2,0.01,0.1,AEC,eduffield
2025-06-05 10:56:10,2025-06-05 11:23:11,Ansys Mechanical Enterprise PrepPost,1,0.45,6.3,AEC,eduffield
2025-06-05 10:57:56,2025-06-05 10:58:25,Ansys Mechanical Enterprise Solver,1,0.01,0.2,AEC,eduffield
2025-06-05 11:01:07,2025-06-05 11:01:12,Ansys HPC,2,0.01,0.1,AEC,eduffield
2025-06-05 11:12:58,2025-06-05 11:13:03,Ansys HPC,2,0.01,0.1,AEC,eduffield
2025-06-05 11:17:32,2025-06-05 11:17:38,Ansys HPC,2,0.01,0.1,AEC,eduffield
2025-06-05 11:07:04,2025-06-05 11:07:08,Ansys HPC,2,0.01,0.1,AEC,eduffield
2025-06-05 16:35:07,2025-06-05 16:37:54,Ansys CFD Enterprise Solver,1,0.05,1.3,AEC,nramioulle
2026-02-13 16:54:13,2026-02-13 16:59:47,Ansys CFD Enterprise Solver,1,0.09,2.6,AEC,sgutteridge
2025-06-09 17:54:28,2025-06-09 18:15:45,Ansys CFD Enterprise Solver,1,0.36,9.9,AEC,sgutteridge
2025-06-09 18:16:59,2025-06-09 18:21:46,Ansys CFD PrepPost,1,0.08,1.1,AEC,sgutteridge
2025-06-09 18:22:05,2025-06-09 18:24:15,Ansys CFD PrepPost,1,0.04,0.5,AEC,sgutteridge
2025-06-09 18:16:18,2025-06-09 18:16:27,Ansys CFD PrepPost,1,0.01,0.1,AEC,sgutteridge
2025-06-09 18:24:50,2025-06-09 18:25:02,Ansys HPC,4,0.01,0.1,AEC,sgutteridge
2025-06-09 18:24:35,2025-06-09 18:25:05,Ansys Mechanical Enterprise Solver,1,0.01,0.2,AEC,sgutteridge
2025-06-09 18:15:55,2025-06-09 18:25:37,Ansys Mechanical Enterprise PrepPost,1,0.16,2.3,AEC,sgutteridge
2025-06-09 18:36:14,2025-06-09 18:47:26,Ansys Discovery Enterprise,1,0.19,3.4,AEC,tutley
2025-06-09 18:49:34,2025-06-09 18:50:01,Ansys Discovery Enterprise,1,0.01,0.1,AEC,tutley
2025-06-09 18:50:54,2025-06-09 19:29:40,Ansys Mechanical Enterprise PrepPost,1,0.65,9.0,AEC,tutley
2025-06-09 18:49:20,2025-06-09 18:50:50,Ansys Mechanical Enterprise PrepPost,1,0.03,0.3,AEC,tutley
2025-06-09 18:58:15,2025-06-09 18:58:18,Ansys Mechanical Enterprise Solver,1,0.01,0.1,AEC,tutley
2025-06-09 19:16:22,2025-06-09 19:16:24,Ansys Mechanical Enterprise Solver,1,0.01,0.1,AEC,tutley
2025-06-09 18:55:12,2025-06-09 18:55:14,Ansys Mechanical Enterprise Solver,1,0.01,0.1,AEC,tutley
2025-06-09 18:56:57,2025-06-09 18:57:25,Ansys Mechanical Enterprise Solver,1,0.01,0.2,AEC,tutley
2025-06-09 19:01:10,2025-06-09 19:07:30,Ansys Mechanical Enterprise Solver,1,0.11,3.0,AEC,tutley
2025-06-09 19:20:03,2025-06-09 19:20:25,Ansys Mechanical Enterprise Solver,1,0.01,0.2,AEC,tutley
2025-06-09 18:57:38,2025-06-09 18:57:41,Ansys Mechanical Enterprise Solver,1,0.01,0.1,AEC,tutley
2025-06-09 19:20:31,2025-06-09 19:24:26,Ansys Mechanical Enterprise Solver,1,0.07,1.8,AEC,tutley
2025-06-09 19:07:33,2025-06-09 19:29:49,Ansys Discovery Enterprise,1,0.37,6.7,AEC,tutley
2025-06-10 11:48:26,2025-06-10 12:04:23,Ansys Mechanical Enterprise PrepPost,1,0.27,3.7,AEC,sgutteridge
2025-06-10 11:55:15,2025-06-10 11:59:12,Ansys CFD PrepPost,1,0.07,0.9,AEC,sgutteridge
2025-06-10 11:49:19,2025-06-10 11:55:00,Ansys CFD PrepPost,1,0.1,1.3,AEC,sgutteridge
2025-06-10 11:24:32,2025-06-10 11:48:09,Ansys CFD Enterprise Solver,1,0.39,11.0,AEC,sgutteridge
2025-06-10 11:48:45,2025-06-10 11:48:54,Ansys CFD PrepPost,1,0.01,0.1,AEC,sgutteridge
2025-06-10 11:59:27,2025-06-10 12:03:20,Ansys Mechanical Enterprise Solver,1,0.06,1.8,AEC,sgutteridge
2025-06-10 11:59:46,2025-06-10 12:03:13,Ansys HPC,4,0.06,0.9,AEC,sgutteridge
2025-06-10 12:49:41,2025-06-10 12:51:22,Ansys Mechanical Enterprise PrepPost,1,0.03,0.4,AEC,sgutteridge
2025-06-10 12:51:37,2025-06-10 12:59:36,Ansys CFD Enterprise Solver,1,0.13,3.7,AEC,sgutteridge
2025-06-10 13:31:57,2025-06-10 13:49:29,Ansys CFD Enterprise Solver,1,0.29,8.2,AEC,sgutteridge
2025-06-10 13:59:17,2025-06-10 14:01:49,Ansys CFD Enterprise Solver,1,0.04,1.2,AEC,sgutteridge
2025-06-10 14:01:55,2025-06-10 14:07:56,Ansys Mechanical Enterprise PrepPost,1,0.1,1.4,AEC,sgutteridge
2025-06-10 13:51:03,2025-06-10 13:58:18,Ansys Mechanical Enterprise PrepPost,1,0.12,1.7,AEC,sgutteridge
2025-06-10 13:51:41,2025-06-10 13:55:09,Ansys CFD PrepPost,1,0.06,0.8,AEC,sgutteridge
2025-06-10 13:55:40,2025-06-10 13:57:02,Ansys CFD PrepPost,1,0.02,0.3,AEC,sgutteridge
2025-06-10 14:02:08,2025-06-10 14:02:16,Ansys CFD PrepPost,1,0.01,0.1,AEC,sgutteridge
2025-06-10 14:05:54,2025-06-10 14:07:19,Ansys CFD PrepPost,1,0.02,0.3,AEC,sgutteridge
2025-06-10 14:02:23,2025-06-10 14:05:47,Ansys CFD PrepPost,1,0.06,0.8,AEC,sgutteridge
2025-06-10 13:51:20,2025-06-10 13:51:28,Ansys CFD PrepPost,1,0.01,0.1,AEC,sgutteridge
2025-06-10 13:57:15,2025-06-10 13:57:38,Ansys Mechanical Enterprise Solver,1,0.01,0.2,AEC,sgutteridge
2025-06-10 14:07:29,2025-06-10 14:07:51,Ansys Mechanical Enterprise Solver,1,0.01,0.2,AEC,sgutteridge
2025-06-10 13:57:25,2025-06-10 13:57:36,Ansys HPC,4,0.01,0.1,AEC,sgutteridge
2025-06-10 14:07:39,2025-06-10 14:07:49,Ansys HPC,4,0.01,0.1,AEC,sgutteridge
2025-06-10 18:04:05,2025-06-10 18:08:00,Ansys Discovery Enterprise,1,0.07,1.2,AEC,tutley
2025-06-10 18:07:40,2025-06-10 18:50:37,Ansys Mechanical Enterprise PrepPost,1,0.72,10.0,AEC,tutley
2025-06-10 18:18:01,2025-06-10 18:42:04,Ansys Discovery Enterprise,1,0.4,7.2,AEC,tutley
2025-06-10 18:34:18,2025-06-10 18:34:47,Ansys Discovery Enterprise,1,0.01,0.1,AEC,tutley
2025-06-10 18:20:37,2025-06-10 18:20:46,Ansys Mechanical Enterprise Solver,1,0.01,0.1,AEC,tutley
2025-06-10 18:21:23,2025-06-10 18:21:48,Ansys Mechanical Enterprise Solver,1,0.01,0.2,AEC,tutley
2025-06-10 18:38:58,2025-06-10 18:44:22,Ansys Mechanical Enterprise Solver,1,0.09,2.5,AEC,tutley
2025-06-10 18:22:17,2025-06-10 18:23:40,Ansys Mechanical Enterprise Solver,1,0.02,0.6,AEC,tutley
2025-06-10 18:36:46,2025-06-10 18:37:07,Ansys Mechanical Enterprise Solver,1,0.01,0.2,AEC,tutley
2025-06-10 18:19:39,2025-06-10 18:34:00,Ansys Discovery Enterprise,1,0.24,4.3,AEC,tutley
2025-06-10 18:51:03,2025-06-10 18:57:17,Ansys Discovery Enterprise,1,0.1,1.9,AEC,tutley
2025-06-10 18:52:14,2025-06-10 18:57:02,Ansys Mechanical Enterprise PrepPost,1,0.08,1.1,AEC,tutley
2025-06-11 10:35:50,2025-06-11 10:36:34,Ansys Mechanical Enterprise Solver,1,0.01,0.3,AEC,eduffield
2025-06-11 10:42:15,2025-06-11 10:42:59,Ansys Mechanical Enterprise Solver,1,0.01,0.3,AEC,eduffield
2025-06-11 10:25:16,2025-06-11 10:25:50,Ansys HPC,2,0.01,0.1,AEC,eduffield
2025-06-11 10:27:57,2025-06-11 10:28:44,Ansys Mechanical Enterprise Solver,1,0.01,0.4,AEC,eduffield
2025-06-11 10:35:59,2025-06-11 10:36:32,Ansys HPC,2,0.01,0.1,AEC,eduffield
2025-06-11 10:32:02,2025-06-11 10:32:47,Ansys Mechanical Enterprise Solver,1,0.01,0.3,AEC,eduffield
2025-06-11 10:28:08,2025-06-11 10:28:41,Ansys HPC,2,0.01,0.1,AEC,eduffield
2025-06-11 10:41:12,2025-06-11 10:41:45,Ansys HPC,2,0.01,0.1,AEC,eduffield
2025-06-11 10:42:24,2025-06-11 10:42:57,Ansys HPC,2,0.01,0.1,AEC,eduffield
2025-06-11 10:36:58,2025-06-11 10:37:31,Ansys HPC,2,0.01,0.1,AEC,eduffield
2025-06-11 10:41:03,2025-06-11 10:41:48,Ansys Mechanical Enterprise Solver,1,0.01,0.3,AEC,eduffield
2025-06-11 10:36:49,2025-06-11 10:37:34,Ansys Mechanical Enterprise Solver,1,0.01,0.4,AEC,eduffield
2025-06-11 10:32:11,2025-06-11 10:32:45,Ansys HPC,2,0.01,0.1,AEC,eduffield
2025-06-11 10:25:06,2025-06-11 10:25:52,Ansys Mechanical Enterprise Solver,1,0.01,0.4,AEC,eduffield
2025-06-11 10:21:44,2025-06-11 10:26:57,Ansys Mechanical Enterprise PrepPost,1,0.09,1.2,AEC,eduffield
2025-06-11 10:27:18,2025-06-11 10:29:21,Ansys Mechanical Enterprise PrepPost,1,0.03,0.5,AEC,eduffield
2025-06-11 10:30:29,2025-06-11 10:33:30,Ansys Mechanical Enterprise PrepPost,1,0.05,0.7,AEC,eduffield
2025-06-11 10:34:32,2025-06-11 10:46:21,Ansys Mechanical Enterprise PrepPost,1,0.2,2.8,AEC,eduffield
2025-06-11 11:19:37,2025-06-11 11:28:37,Ansys CFD Enterprise Solver,1,0.15,4.2,AEC,sgutteridge
2025-06-11 11:17:22,2025-06-11 11:19:24,Ansys CFD Enterprise Solver,1,0.03,0.9,AEC,sgutteridge
2025-06-11 12:00:43,2025-06-11 12:07:52,Ansys Discovery Enterprise,1,0.12,2.1,AEC,tutley
2025-06-11 12:08:44,2025-06-11 12:12:47,Ansys Mechanical Enterprise PrepPost,1,0.07,0.9,AEC,tutley
2025-06-11 12:35:53,2025-06-11 12:39:01,Ansys CFD Enterprise Solver,1,0.05,1.5,AEC,sgutteridge
2025-06-11 12:20:46,2025-06-11 12:25:36,Ansys CFD Enterprise Solver,1,0.08,2.3,AEC,sgutteridge
2025-06-11 12:25:44,2025-06-11 12:32:01,Ansys Mechanical Enterprise PrepPost,1,0.1,1.5,AEC,sgutteridge
2025-06-11 12:25:57,2025-06-11 12:26:06,Ansys CFD PrepPost,1,0.01,0.1,AEC,sgutteridge
2025-06-11 12:26:12,2025-06-11 12:29:51,Ansys CFD PrepPost,1,0.06,0.9,AEC,sgutteridge
2025-06-11 12:29:58,2025-06-11 12:31:23,Ansys CFD PrepPost,1,0.02,0.3,AEC,sgutteridge
2025-06-11 12:31:32,2025-06-11 12:31:56,Ansys Mechanical Enterprise Solver,1,0.01,0.2,AEC,sgutteridge
2025-06-11 12:31:43,2025-06-11 12:31:54,Ansys HPC,4,0.01,0.1,AEC,sgutteridge
2025-06-11 12:40:14,2025-06-11 12:45:35,Ansys CFD Enterprise Solver,1,0.09,2.5,AEC,sgutteridge
2025-06-11 13:03:54,2025-06-11 13:18:28,Ansys CFD Enterprise Solver,1,0.24,6.8,AEC,sgutteridge
2025-06-11 12:45:52,2025-06-11 13:02:04,Ansys Mechanical Enterprise PrepPost,1,0.27,3.8,AEC,sgutteridge
2025-06-11 12:49:25,2025-06-11 12:52:46,Ansys CFD PrepPost,1,0.06,0.8,AEC,sgutteridge
2025-06-11 12:46:42,2025-06-11 12:49:25,Ansys CFD PrepPost,2,0.05,1.3,AEC,sgutteridge
2025-06-11 12:46:07,2025-06-11 12:46:42,Ansys CFD PrepPost,1,0.01,0.1,AEC,sgutteridge
2025-06-11 12:52:54,2025-06-11 12:57:30,Ansys CFD PrepPost,1,0.08,1.1,AEC,sgutteridge
2025-06-11 12:57:46,2025-06-11 13:01:44,Ansys Mechanical Enterprise Solver,1,0.07,1.9,AEC,sgutteridge
2025-06-11 12:58:02,2025-06-11 13:01:42,Ansys HPC,4,0.06,0.9,AEC,sgutteridge
2025-06-11 16:38:44,2025-06-11 16:41:19,Ansys Discovery Enterprise,1,0.04,0.8,AEC,sgutteridge
2025-06-11 16:39:00,2025-06-11 16:39:03,Ansys Geometry Interface for SolidWorks,1,0.01,0.1,AEC,sgutteridge
2025-06-11 16:41:44,2025-06-11 16:46:08,Ansys CFD PrepPost,1,0.07,1.0,AEC,sgutteridge
2025-06-11 16:42:16,2025-06-11 16:42:26,Ansys Discovery Enterprise,1,0.01,0.1,AEC,sgutteridge
2025-06-11 16:42:18,2025-06-11 16:42:26,Ansys BladeModeler,1,0.01,0.1,AEC,sgutteridge
2025-06-11 16:38:47,2025-06-11 16:41:17,Ansys BladeModeler,1,0.04,0.1,AEC,sgutteridge
2025-06-11 16:45:58,2025-06-11 16:46:03,Ansys CFD Enterprise Solver,1,0.01,0.1,AEC,sgutteridge
2025-06-11 16:46:11,2025-06-11 17:00:50,Ansys CFD Enterprise Solver,1,0.24,6.8,AEC,sgutteridge
2025-06-11 17:50:11,2025-06-11 18:07:46,Ansys Mechanical Enterprise PrepPost,1,0.29,4.1,AEC,sgutteridge
2025-06-11 17:37:21,2025-06-11 17:37:28,Ansys BladeModeler,1,0.01,0.1,AEC,sgutteridge
2025-06-11 17:36:59,2025-06-11 17:49:47,Ansys Mechanical Enterprise PrepPost,1,0.21,3.0,AEC,sgutteridge
2025-06-11 17:37:19,2025-06-11 17:37:28,Ansys Discovery Enterprise,1,0.01,0.1,AEC,sgutteridge
2025-06-11 17:58:20,2025-06-11 18:02:33,Ansys CFD PrepPost,1,0.07,1.0,AEC,sgutteridge
2025-06-11 17:53:03,2025-06-11 17:58:06,Ansys CFD PrepPost,1,0.08,1.2,AEC,sgutteridge
2025-06-11 17:51:57,2025-06-11 17:52:07,Ansys CFD PrepPost,1,0.01,0.1,AEC,sgutteridge
2025-06-11 18:02:59,2025-06-11 18:07:13,Ansys Mechanical Enterprise Solver,1,0.07,2.0,AEC,sgutteridge
2025-06-11 18:03:15,2025-06-11 18:07:06,Ansys HPC,4,0.06,1.0,AEC,sgutteridge
2025-06-11 18:17:03,2025-06-11 18:24:39,Ansys CFD Enterprise Solver,1,0.13,3.5,AEC,sgutteridge
2025-06-11 18:29:36,2025-06-11 18:29:39,Ansys Geometry Interface for SolidWorks,1,0.01,0.1,AEC,sgutteridge
2025-06-11 18:29:24,2025-06-11 18:32:46,Ansys BladeModeler,1,0.06,0.1,AEC,sgutteridge
2025-06-11 18:29:22,2025-06-11 18:32:48,Ansys Discovery Enterprise,1,0.06,1.0,AEC,sgutteridge
2025-06-11 18:33:18,2025-06-11 18:33:56,Ansys CFD Enterprise Solver,1,0.01,0.3,AEC,sgutteridge
2025-06-11 18:34:12,2025-06-11 18:37:19,Ansys CFD PrepPost,1,0.05,0.7,AEC,sgutteridge
2025-06-11 18:38:23,2025-06-11 18:42:57,Ansys CFD PrepPost,1,0.08,1.1,AEC,sgutteridge
2025-06-11 19:06:22,2025-06-11 19:06:30,Ansys CFD PrepPost,1,0.01,0.1,AEC,sgutteridge
2025-06-11 18:38:49,2025-06-11 18:38:59,Ansys Discovery Enterprise,1,0.01,0.1,AEC,sgutteridge
2025-06-11 19:13:47,2025-06-11 19:18:28,Ansys CFD PrepPost,1,0.08,1.1,AEC,sgutteridge
2025-06-11 19:19:05,2025-06-11 19:23:25,Ansys CFD PrepPost,1,0.07,1.0,AEC,sgutteridge
2025-06-11 19:07:06,2025-06-11 19:13:07,Ansys CFD PrepPost,1,0.1,1.4,AEC,sgutteridge
2025-06-11 18:59:44,2025-06-11 18:59:53,Ansys BladeModeler,1,0.01,0.1,AEC,sgutteridge
2025-06-11 18:59:42,2025-06-11 18:59:53,Ansys Discovery Enterprise,1,0.01,0.1,AEC,sgutteridge
2025-06-11 18:42:46,2025-06-11 18:42:51,Ansys CFD Enterprise Solver,1,0.01,0.1,AEC,sgutteridge
2025-06-11 18:42:59,2025-06-11 18:57:55,Ansys CFD Enterprise Solver,1,0.25,7.0,AEC,sgutteridge
2025-06-11 18:38:52,2025-06-11 18:38:59,Ansys BladeModeler,1,0.01,0.1,AEC,sgutteridge
2025-06-11 18:59:27,2025-06-11 19:28:33,Ansys Mechanical Enterprise PrepPost,1,0.49,6.8,AEC,sgutteridge
2025-06-11 19:24:23,2025-06-11 19:28:16,Ansys Mechanical Enterprise Solver,1,0.06,1.8,AEC,sgutteridge
2025-06-11 19:24:38,2025-06-11 19:28:09,Ansys HPC,4,0.06,0.9,AEC,sgutteridge
2025-06-12 10:13:22,2025-06-12 10:13:30,Ansys CFD PrepPost,1,0.01,0.1,AEC,sgutteridge
2025-06-12 10:14:31,2025-06-12 10:19:08,Ansys CFD PrepPost,1,0.08,1.1,AEC,sgutteridge
2025-06-12 10:32:55,2025-06-12 10:36:48,Ansys CFD PrepPost,1,0.06,0.9,AEC,sgutteridge
2025-06-12 10:12:58,2025-06-12 10:58:31,Ansys Mechanical Enterprise PrepPost,1,0.76,10.6,AEC,sgutteridge
2025-06-12 09:49:51,2025-06-12 10:12:41,Ansys CFD Enterprise Solver,1,0.38,10.7,AEC,sgutteridge
2025-06-12 10:51:43,2025-06-12 10:51:54,Ansys Mechanical Enterprise Solver,1,0.01,0.1,AEC,sgutteridge
2025-06-12 11:09:28,2025-06-12 11:10:25,Ansys Mechanical Enterprise PrepPost,1,0.02,0.2,AEC,sgutteridge
2025-06-12 11:10:41,2025-06-12 11:16:46,Ansys Mechanical Enterprise PrepPost,1,0.1,1.4,AEC,sgutteridge
2025-06-12 10:59:14,2025-06-12 11:09:08,Ansys Mechanical Enterprise PrepPost,1,0.17,2.3,AEC,sgutteridge
2025-06-12 11:17:16,2025-06-12 11:21:00,Ansys CFD Enterprise Solver,1,0.06,1.7,AEC,sgutteridge
2025-06-12 10:46:17,2025-06-12 10:49:16,Ansys Mechanical Enterprise Solver,1,0.05,1.4,AEC,sgutteridge
2025-06-12 11:12:00,2025-06-12 11:13:24,Ansys Mechanical Enterprise Solver,1,0.02,0.7,AEC,sgutteridge
2025-06-12 10:34:13,2025-06-12 10:41:53,Ansys CFD Enterprise Solver,1,0.13,3.6,AEC,sgutteridge
2025-06-12 11:03:40,2025-06-12 11:06:47,Ansys Mechanical Enterprise Solver,1,0.05,1.5,AEC,sgutteridge
2025-06-12 10:19:52,2025-06-12 10:21:13,Ansys Mechanical Enterprise Solver,1,0.02,0.6,AEC,sgutteridge
2025-06-12 10:39:14,2025-06-12 10:42:47,Ansys Mechanical Enterprise Solver,1,0.06,1.7,AEC,sgutteridge
2025-06-12 10:53:29,2025-06-12 10:56:38,Ansys Mechanical Enterprise Solver,1,0.05,1.5,AEC,sgutteridge
2025-06-12 10:38:58,2025-06-12 10:39:14,Ansys Mechanical Enterprise Solver,1,0.01,0.1,AEC,sgutteridge
2025-06-12 10:20:11,2025-06-12 10:21:08,Ansys HPC,4,0.02,0.2,AEC,sgutteridge
2025-06-12 10:39:14,2025-06-12 10:42:41,Ansys HPC,4,0.06,0.9,AEC,sgutteridge
2025-06-12 10:46:32,2025-06-12 10:49:10,Ansys HPC,4,0.04,0.7,AEC,sgutteridge
2025-06-12 10:53:46,2025-06-12 10:56:33,Ansys HPC,4,0.05,0.7,AEC,sgutteridge
2025-06-12 11:12:16,2025-06-12 11:13:21,Ansys HPC,4,0.02,0.3,AEC,sgutteridge
2025-06-12 11:03:56,2025-06-12 11:06:42,Ansys HPC,4,0.05,0.7,AEC,sgutteridge
2025-06-13 13:12:47,2025-06-13 13:31:33,Ansys Discovery Enterprise,1,0.31,5.6,AEC,tutley
2025-06-13 13:48:36,2025-06-13 14:28:03,Ansys Discovery Enterprise,1,0.66,11.8,AEC,tutley
2025-06-13 14:50:13,2025-06-13 14:50:51,Ansys CFD Enterprise Solver,1,0.01,0.3,AEC,tutley
2025-06-13 14:33:33,2025-06-13 14:47:47,Ansys Discovery Enterprise,1,0.24,4.3,AEC,tutley
2025-06-13 14:51:55,2025-06-13 14:52:33,Ansys Discovery Enterprise,1,0.01,0.2,AEC,tutley
2025-06-13 14:55:13,2025-06-13 14:55:32,Ansys Discovery Enterprise,1,0.01,0.2,AEC,tutley
2025-06-13 14:51:15,2025-06-13 14:51:55,Ansys Discovery Enterprise,1,0.01,0.2,AEC,tutley
2025-06-13 14:54:16,2025-06-13 14:55:05,Ansys Discovery Enterprise,1,0.01,0.2,AEC,tutley
2025-06-13 14:56:01,2025-06-13 14:56:25,Ansys Discovery Enterprise,1,0.01,0.1,AEC,tutley
2025-06-13 15:01:09,2025-06-13 15:01:41,Ansys Discovery Enterprise,1,0.01,0.2,AEC,tutley
2025-06-13 14:58:36,2025-06-13 14:59:28,Ansys Discovery Enterprise,1,0.01,0.3,AEC,tutley
2025-06-13 15:41:40,2025-06-13 15:46:25,Ansys CFD PrepPost,1,0.08,1.1,AEC,tutley
2025-06-13 15:39:50,2025-06-13 15:40:49,Ansys Discovery Enterprise,1,0.02,0.3,AEC,tutley
2025-06-13 15:13:17,2025-06-13 15:13:52,Ansys Discovery Enterprise,1,0.01,0.2,AEC,tutley
2025-06-13 15:10:04,2025-06-13 15:11:36,Ansys Discovery Enterprise,1,0.03,0.5,AEC,tutley
2025-06-13 15:42:10,2025-06-13 15:42:57,Ansys Discovery Enterprise,1,0.01,0.2,AEC,tutley
2025-06-13 15:27:59,2025-06-13 15:39:51,Ansys CFD PrepPost,1,0.2,2.8,AEC,tutley
2025-06-13 15:40:58,2025-06-13 15:41:32,Ansys CFD PrepPost,1,0.01,0.1,AEC,tutley
2025-06-13 15:12:52,2025-06-13 15:25:57,Ansys CFD PrepPost,1,0.22,3.1,AEC,tutley
2025-06-13 15:28:21,2025-06-13 15:28:57,Ansys Discovery Enterprise,1,0.01,0.2,AEC,tutley
2025-06-13 15:46:53,2025-06-13 16:05:44,Ansys CFD PrepPost,1,0.31,4.4,AEC,tutley
2025-06-13 15:47:16,2025-06-13 15:47:51,Ansys Discovery Enterprise,1,0.01,0.2,AEC,tutley
2025-06-13 15:26:22,2025-06-13 15:27:21,Ansys Discovery Enterprise,1,0.02,0.3,AEC,tutley
2025-06-13 15:56:44,2025-06-13 16:00:57,Ansys Discovery Enterprise,1,0.07,1.3,AEC,tutley
2025-06-13 16:06:13,2025-06-13 16:17:06,Ansys Discovery Enterprise,1,0.18,3.3,AEC,tutley
2025-06-13 14:55:46,2025-06-13 14:56:26,Ansys CFD PrepPost,1,0.01,0.2,AEC,tutley
2025-06-13 15:00:30,2025-06-13 16:01:41,Ansys CFD PrepPost,1,1.02,14.3,AEC,tutley
2025-06-13 14:51:37,2025-06-13 14:55:31,Ansys CFD PrepPost,1,0.07,0.9,AEC,tutley
2025-06-13 14:56:34,2025-06-13 14:58:00,Ansys CFD PrepPost,1,0.02,0.3,AEC,tutley
2025-06-13 16:34:45,2025-06-13 16:37:19,Ansys Discovery Enterprise,1,0.04,0.8,AEC,tutley
2025-06-13 16:40:39,2025-06-13 16:42:57,Ansys Discovery Enterprise,1,0.04,0.7,AEC,tutley
2025-06-13 16:53:55,2025-06-13 16:56:22,Ansys CFD PrepPost,1,0.04,0.6,AEC,tutley
2025-06-13 16:44:27,2025-06-13 16:44:49,Ansys Discovery Enterprise,1,0.01,0.1,AEC,tutley
2025-06-13 16:58:18,2025-06-13 16:58:39,Ansys Discovery Enterprise,1,0.01,0.1,AEC,tutley
2025-06-13 16:57:54,2025-06-13 17:04:17,Ansys CFD PrepPost,1,0.11,1.5,AEC,tutley
2025-06-13 16:44:02,2025-06-13 16:51:08,Ansys CFD PrepPost,1,0.12,1.7,AEC,tutley
2025-06-13 16:51:28,2025-06-13 16:53:02,Ansys Discovery Enterprise,1,0.03,0.5,AEC,tutley
2025-06-13 16:56:40,2025-06-13 16:57:28,Ansys Discovery Enterprise,1,0.01,0.2,AEC,tutley
2025-06-13 16:54:42,2025-06-13 17:03:20,Ansys SpaceClaim,1,0.14,2.0,AEC,tutley
2025-06-13 17:13:37,2025-06-13 17:38:04,Ansys CFD PrepPost,1,0.41,5.7,AEC,tutley
2025-06-13 17:05:21,2025-06-13 17:11:53,Ansys Discovery Enterprise,1,0.11,2.0,AEC,tutley
2025-06-13 17:14:00,2025-06-13 17:14:22,Ansys Discovery Enterprise,1,0.01,0.1,AEC,tutley
2025-06-13 17:20:43,2025-06-13 17:23:26,Ansys Geometry Interface for SolidWorks,1,0.05,0.2,AEC,sgutteridge
2025-06-13 17:19:58,2025-06-13 18:51:56,Ansys Mechanical Enterprise PrepPost,1,1.53,21.5,AEC,sgutteridge
2025-06-13 17:34:07,2025-06-13 18:50:21,Ansys HPC,4,1.27,19.1,AEC,sgutteridge
2025-06-13 17:34:07,2025-06-13 18:50:25,Ansys Mechanical Enterprise Solver,1,1.27,35.6,AEC,sgutteridge
2025-06-13 17:33:51,2025-06-13 17:34:07,Ansys Mechanical Enterprise Solver,1,0.01,0.1,AEC,sgutteridge
2025-06-15 16:41:21,2025-06-15 16:41:25,Ansys Geometry Interface for SolidWorks,1,0.01,0.1,AEC,sgutteridge
2025-06-15 19:45:11,2025-06-15 19:49:04,Ansys Mechanical Enterprise PrepPost,1,0.06,0.9,AEC,sgutteridge
2025-06-15 18:21:17,2025-06-15 18:22:34,Ansys Mechanical Enterprise Solver,1,0.02,0.6,AEC,sgutteridge
2025-06-15 16:43:29,2025-06-15 18:13:41,Ansys Mechanical Enterprise Solver,1,1.5,42.1,AEC,sgutteridge
2025-06-15 16:38:47,2025-06-15 18:20:47,Ansys Mechanical Enterprise PrepPost,1,1.7,23.8,AEC,sgutteridge
2025-06-15 16:43:46,2025-06-15 18:13:40,Ansys HPC,4,1.5,22.5,AEC,sgutteridge
2025-06-15 18:21:04,2025-06-15 18:22:43,Ansys Mechanical Enterprise PrepPost,1,0.03,0.4,AEC,sgutteridge
2025-06-15 18:21:32,2025-06-15 18:22:31,Ansys HPC,12,0.02,0.5,AEC,sgutteridge
2025-06-16 01:22:57,2025-06-16 01:23:46,Ansys HPC,12,0.01,0.4,AEC,sgutteridge
2025-06-16 00:31:44,2025-06-16 00:32:51,Ansys HPC,12,0.02,0.5,AEC,sgutteridge
2025-06-16 00:55:59,2025-06-16 00:57:16,Ansys Mechanical Enterprise Solver,1,0.02,0.6,AEC,sgutteridge
2025-06-16 00:45:42,2025-06-16 00:46:41,Ansys HPC,12,0.02,0.5,AEC,sgutteridge
2025-06-16 00:35:43,2025-06-16 00:36:40,Ansys HPC,12,0.02,0.4,AEC,sgutteridge
2025-06-16 01:09:35,2025-06-16 01:10:44,Ansys Mechanical Enterprise Solver,1,0.02,0.5,AEC,sgutteridge
2025-06-16 00:45:27,2025-06-16 00:46:46,Ansys Mechanical Enterprise Solver,1,0.02,0.6,AEC,sgutteridge
2025-06-16 00:25:12,2025-06-16 01:39:16,Ansys Mechanical Enterprise PrepPost,1,1.23,17.3,AEC,sgutteridge
2025-06-16 00:31:29,2025-06-16 00:32:54,Ansys Mechanical Enterprise Solver,1,0.02,0.7,AEC,sgutteridge
2025-06-16 01:39:38,2025-06-16 01:40:19,Ansys Mechanical Enterprise PrepPost,1,0.01,0.2,AEC,sgutteridge
2025-06-16 01:22:42,2025-06-16 01:23:50,Ansys Mechanical Enterprise Solver,1,0.02,0.5,AEC,sgutteridge
2025-06-16 01:00:14,2025-06-16 01:01:30,Ansys Mechanical Enterprise Solver,1,0.02,0.6,AEC,sgutteridge
2025-06-16 00:49:39,2025-06-16 00:50:36,Ansys HPC,12,0.02,0.4,AEC,sgutteridge
2025-06-16 00:49:23,2025-06-16 00:50:39,Ansys Mechanical Enterprise Solver,1,0.02,0.6,AEC,sgutteridge
2025-06-16 01:00:29,2025-06-16 01:01:28,Ansys HPC,12,0.02,0.5,AEC,sgutteridge
2025-06-16 01:40:55,2025-06-16 01:41:12,Ansys Mechanical Enterprise PrepPost,1,0.01,0.1,AEC,sgutteridge
2025-06-16 00:28:30,2025-06-16 00:30:00,Ansys Mechanical Enterprise Solver,1,0.03,0.7,AEC,sgutteridge
2025-06-16 01:21:27,2025-06-16 01:21:32,Ansys Mechanical Enterprise Solver,1,0.01,0.1,AEC,sgutteridge
2025-06-16 01:29:46,2025-06-16 01:30:37,Ansys HPC,12,0.01,0.4,AEC,sgutteridge
2025-06-16 01:09:51,2025-06-16 01:10:41,Ansys HPC,12,0.01,0.4,AEC,sgutteridge
2025-06-16 01:29:30,2025-06-16 01:30:40,Ansys Mechanical Enterprise Solver,1,0.02,0.5,AEC,sgutteridge
2025-06-16 00:35:28,2025-06-16 00:36:55,Ansys Mechanical Enterprise Solver,1,0.02,0.7,AEC,sgutteridge
2025-06-16 00:56:15,2025-06-16 00:57:12,Ansys HPC,12,0.02,0.4,AEC,sgutteridge
2025-06-16 00:28:46,2025-06-16 00:29:56,Ansys HPC,12,0.02,0.5,AEC,sgutteridge
2025-06-16 01:16:01,2025-06-16 01:16:05,Ansys Geometry Interface for SolidWorks,1,0.01,0.1,AEC,sgutteridge
2025-06-16 01:26:56,2025-06-16 01:26:59,Ansys Geometry Interface for SolidWorks,1,0.01,0.1,AEC,sgutteridge
2025-06-16 00:59:48,2025-06-16 00:59:50,Ansys Geometry Interface for SolidWorks,1,0.01,0.1,AEC,sgutteridge
2025-06-16 00:52:29,2025-06-16 00:52:32,Ansys Geometry Interface for SolidWorks,1,0.01,0.1,AEC,sgutteridge
2025-06-16 00:44:18,2025-06-16 00:44:20,Ansys Geometry Interface for SolidWorks,1,0.01,0.1,AEC,sgutteridge
2025-06-16 01:07:29,2025-06-16 01:07:38,Ansys Geometry Interface for SolidWorks,1,0.01,0.1,AEC,sgutteridge
2025-06-16 10:40:35,2025-06-16 10:44:58,Ansys Mechanical Enterprise PrepPost,1,0.07,1.0,AEC,sgutteridge
2025-06-16 11:16:25,2025-06-16 11:32:43,Ansys Mechanical Enterprise PrepPost,1,0.27,3.8,AEC,sgutteridge
2025-06-16 10:39:43,2025-06-16 10:39:52,Ansys Mechanical Enterprise PrepPost,1,0.01,0.1,AEC,sgutteridge
2025-06-16 10:39:04,2025-06-16 10:39:15,Ansys Mechanical Enterprise PrepPost,1,0.01,0.1,AEC,sgutteridge
2025-06-16 10:39:55,2025-06-16 10:40:06,Ansys Mechanical Enterprise PrepPost,1,0.01,0.1,AEC,sgutteridge
2025-06-16 10:39:17,2025-06-16 10:39:30,Ansys Mechanical Enterprise PrepPost,1,0.01,0.1,AEC,sgutteridge
2025-06-16 12:36:51,2025-06-16 12:38:25,Ansys Discovery Enterprise,1,0.03,0.5,AEC,tutley
2025-06-16 12:40:37,2025-06-16 12:40:57,Ansys Discovery Enterprise,1,0.01,0.1,AEC,tutley
2025-06-16 12:40:09,2025-06-16 13:03:59,Ansys CFD PrepPost,1,0.4,5.6,AEC,tutley
2025-06-16 15:08:47,2025-06-16 15:55:52,Ansys Discovery Enterprise,1,0.78,14.1,AEC,tutley
2025-06-16 16:16:22,2025-06-16 16:20:44,Ansys CFD PrepPost,1,0.07,1.0,AEC,tutley
2025-06-16 15:57:47,2025-06-16 16:02:00,Ansys CFD PrepPost,1,0.07,1.0,AEC,tutley
2025-06-16 15:58:14,2025-06-16 15:58:34,Ansys Discovery Enterprise,1,0.01,0.1,AEC,tutley
2025-06-16 16:08:48,2025-06-16 16:09:13,Ansys Discovery Enterprise,1,0.01,0.1,AEC,tutley
2025-06-16 16:02:42,2025-06-16 16:03:24,Ansys Discovery Enterprise,1,0.01,0.2,AEC,tutley
2025-06-16 16:08:32,2025-06-16 16:10:27,Ansys Mechanical Enterprise PrepPost,1,0.03,0.5,AEC,tutley
2025-06-16 16:02:27,2025-06-16 16:03:40,Ansys Mechanical Enterprise PrepPost,1,0.02,0.3,AEC,tutley
2025-06-16 16:05:11,2025-06-16 16:08:01,Ansys Mechanical Enterprise PrepPost,1,0.05,0.7,AEC,tutley
2025-06-16 16:18:13,2025-06-16 16:18:32,Ansys Discovery Enterprise,1,0.01,0.1,AEC,tutley
2025-06-16 16:03:29,2025-06-16 16:04:59,Ansys Discovery Enterprise,1,0.03,0.4,AEC,tutley
2025-06-16 16:20:41,2025-06-16 16:23:07,Ansys Discovery Enterprise,1,0.04,0.7,AEC,tutley
2025-06-16 16:05:49,2025-06-16 16:20:51,Ansys GRANTA Materials Data for Simulation,1,0.25,8.3,AEC,tutley
2025-06-16 16:10:53,2025-06-16 16:15:16,Ansys Discovery Enterprise,1,0.07,1.3,AEC,tutley
2025-06-16 16:29:37,2025-06-16 16:34:24,Ansys Discovery Enterprise,1,0.08,1.4,AEC,tutley
2025-06-16 16:51:23,2025-06-16 16:55:56,Ansys CFD PrepPost,1,0.08,1.1,AEC,tutley
2025-06-16 16:50:10,2025-06-16 16:53:35,Ansys Mechanical Enterprise PrepPost,1,0.06,0.8,AEC,tutley
2025-06-16 16:36:38,2025-06-16 16:37:24,Ansys Discovery Enterprise,1,0.01,0.2,AEC,tutley
2025-06-16 17:06:49,2025-06-16 17:07:45,Ansys Discovery Enterprise,1,0.02,0.3,AEC,tutley
2025-06-16 16:53:17,2025-06-16 16:53:38,Ansys Discovery Enterprise,1,0.01,0.1,AEC,tutley
2025-06-16 16:50:27,2025-06-16 16:50:49,Ansys Discovery Enterprise,1,0.01,0.1,AEC,tutley
2025-06-16 16:43:18,2025-06-16 16:49:56,Ansys Discovery Enterprise,1,0.11,2.0,AEC,tutley
2025-06-16 16:24:05,2025-06-16 16:24:24,Ansys Discovery Enterprise,1,0.01,0.1,AEC,tutley
2025-06-16 16:51:38,2025-06-16 16:53:37,Ansys GRANTA Materials Data for Simulation,1,0.03,1.1,AEC,tutley
2025-06-16 17:00:22,2025-06-16 17:00:42,Ansys Discovery Enterprise,1,0.01,0.1,AEC,tutley
2025-06-16 16:23:40,2025-06-16 16:43:14,Ansys CFD PrepPost,1,0.33,4.6,AEC,tutley
2025-06-16 16:36:14,2025-06-16 16:38:06,Ansys Mechanical Enterprise PrepPost,1,0.03,0.4,AEC,tutley
2025-06-16 16:56:01,2025-06-16 16:59:29,Ansys Discovery Enterprise,1,0.06,1.0,AEC,tutley
2025-06-16 16:59:54,2025-06-16 17:11:45,Ansys CFD PrepPost,1,0.2,2.8,AEC,tutley
2025-06-16 17:11:45,2025-06-16 17:16:51,Ansys Discovery Enterprise,1,0.08,1.5,AEC,tutley
2025-06-16 17:19:06,2025-06-16 17:28:18,Ansys Discovery Enterprise,1,0.15,2.8,AEC,tutley
2025-06-16 17:30:57,2025-06-16 17:31:25,Ansys Discovery Enterprise,1,0.01,0.1,AEC,tutley
2025-06-16 17:40:39,2025-06-16 17:41:02,Ansys Discovery Enterprise,1,0.01,0.1,AEC,tutley
2025-06-16 18:08:37,2025-06-16 18:08:59,Ansys Discovery Enterprise,1,0.01,0.1,AEC,tutley
2025-06-16 17:54:21,2025-06-16 17:58:50,Ansys Discovery Enterprise,1,0.07,1.3,AEC,tutley
2025-06-16 17:45:22,2025-06-16 17:45:42,Ansys Discovery Enterprise,1,0.01,0.1,AEC,tutley
2025-06-16 17:30:42,2025-06-16 17:39:51,Ansys Mechanical Enterprise PrepPost,1,0.15,2.1,AEC,tutley
2025-06-16 17:38:23,2025-06-16 17:38:34,Ansys Mechanical Enterprise Solver,1,0.01,0.1,AEC,tutley
2025-06-16 17:36:42,2025-06-16 17:36:58,Ansys Mechanical Enterprise Solver,1,0.01,0.1,AEC,tutley
2025-06-16 17:40:21,2025-06-16 17:44:01,Ansys CFD PrepPost,1,0.06,0.9,AEC,tutley
2025-06-16 17:44:57,2025-06-16 17:54:17,Ansys CFD PrepPost,1,0.16,2.2,AEC,tutley
2025-06-16 17:59:06,2025-06-16 17:59:53,Ansys CFD PrepPost,1,0.01,0.2,AEC,tutley
2025-06-16 18:21:13,2025-06-16 18:46:27,Ansys CFD Enterprise Solver,1,0.42,11.8,AEC,tutley
2025-06-16 17:42:13,2025-06-16 17:44:12,Ansys CFD Enterprise Solver,1,0.03,0.9,AEC,tutley
2025-06-16 18:06:18,2025-06-16 18:21:09,Ansys CFD PrepPost,1,0.25,3.5,AEC,tutley
2025-06-16 18:20:49,2025-06-16 18:21:02,Ansys CFD Enterprise Solver,1,0.01,0.2,AEC,tutley
2025-06-16 18:00:22,2025-06-16 18:04:47,Ansys Discovery Enterprise,1,0.07,1.3,AEC,tutley
2025-06-16 18:20:55,2025-06-16 18:20:58,Ansys HPC,12,0.01,0.1,AEC,tutley
2025-06-16 18:21:20,2025-06-16 18:46:27,Ansys HPC,12,0.42,11.7,AEC,tutley
2025-06-16 19:01:00,2025-06-16 19:05:50,Ansys Discovery Enterprise,1,0.08,1.5,AEC,tutley
2026-02-16 13:09:50,2026-02-16 13:12:28,Ansys Discovery Enterprise,1,0.04,0.8,AEC,prusello
2025-06-17 12:38:40,2025-06-17 12:44:58,Ansys Mechanical Enterprise PrepPost,1,0.11,1.5,AEC,sgutteridge
2025-06-17 12:54:23,2025-06-17 13:36:16,Ansys Mechanical Enterprise PrepPost,1,0.7,9.8,AEC,sgutteridge
2025-06-17 14:01:24,2025-06-17 14:01:37,Ansys CFD PrepPost,1,0.01,0.1,AEC,sgutteridge
2025-06-17 14:02:48,2025-06-17 14:05:33,Ansys CFD PrepPost,1,0.05,0.6,AEC,sgutteridge
2025-06-17 13:00:50,2025-06-17 13:12:34,Ansys CFD PrepPost,1,0.2,2.7,AEC,sgutteridge
2025-06-17 11:34:52,2025-06-17 11:40:35,Ansys CFD PrepPost,1,0.1,1.3,AEC,sgutteridge
2025-06-17 12:58:00,2025-06-17 13:00:42,Ansys CFD PrepPost,1,0.05,0.6,AEC,sgutteridge
2025-06-17 12:50:22,2025-06-17 12:51:04,Ansys CFD PrepPost,1,0.01,0.2,AEC,sgutteridge
2025-06-17 14:05:40,2025-06-17 14:17:17,Ansys CFD PrepPost,1,0.19,2.7,AEC,sgutteridge
2025-06-17 14:00:48,2025-06-17 14:18:49,Ansys Mechanical Enterprise PrepPost,1,0.3,4.2,AEC,sgutteridge
2025-06-17 13:45:49,2025-06-17 13:50:32,Ansys CFD PrepPost,1,0.08,1.1,AEC,sgutteridge
2025-06-17 12:54:40,2025-06-17 12:54:52,Ansys CFD PrepPost,1,0.01,0.1,AEC,sgutteridge
2025-06-17 13:15:58,2025-06-17 13:16:38,Ansys Mechanical Enterprise Solver,1,0.01,0.3,AEC,sgutteridge
2025-06-17 14:18:06,2025-06-17 14:18:41,Ansys Mechanical Enterprise Solver,1,0.01,0.3,AEC,sgutteridge
2025-06-17 13:16:16,2025-06-17 13:16:35,Ansys HPC,12,0.01,0.1,AEC,sgutteridge
2025-06-17 14:18:21,2025-06-17 14:18:38,Ansys HPC,12,0.01,0.1,AEC,sgutteridge
2025-06-17 14:01:08,2025-06-17 14:01:20,Ansys Discovery Enterprise,1,0.01,0.1,AEC,sgutteridge
2025-06-17 13:41:35,2025-06-17 13:45:22,Ansys BladeModeler,1,0.06,0.1,AEC,sgutteridge
2025-06-17 13:46:14,2025-06-17 13:46:24,Ansys Discovery Enterprise,1,0.01,0.1,AEC,sgutteridge
2025-06-17 11:35:20,2025-06-17 11:35:28,Ansys BladeModeler,1,0.01,0.1,AEC,sgutteridge
2025-06-17 11:23:12,2025-06-17 11:30:31,Ansys BladeModeler,1,0.12,0.2,AEC,sgutteridge
2025-06-17 13:41:32,2025-06-17 13:45:24,Ansys Discovery Enterprise,1,0.06,1.2,AEC,sgutteridge
2025-06-17 11:23:09,2025-06-17 11:30:33,Ansys Discovery Enterprise,1,0.12,2.2,AEC,sgutteridge
2025-06-17 12:39:00,2025-06-17 12:39:08,Ansys BladeModeler,1,0.01,0.1,AEC,sgutteridge
2025-06-17 12:38:57,2025-06-17 12:39:08,Ansys Discovery Enterprise,1,0.01,0.1,AEC,sgutteridge
2025-06-17 11:35:17,2025-06-17 11:35:28,Ansys Discovery Enterprise,1,0.01,0.1,AEC,sgutteridge
2025-06-17 13:46:16,2025-06-17 13:46:24,Ansys BladeModeler,1,0.01,0.1,AEC,sgutteridge
2025-06-17 14:01:11,2025-06-17 14:01:20,Ansys BladeModeler,1,0.01,0.1,AEC,sgutteridge
2025-06-17 13:41:48,2025-06-17 13:41:57,Ansys Geometry Interface for SolidWorks,1,0.01,0.1,AEC,sgutteridge
2025-06-17 11:25:03,2025-06-17 11:25:12,Ansys Geometry Interface for SolidWorks,1,0.01,0.1,AEC,sgutteridge
2025-06-17 13:50:34,2025-06-17 14:00:39,Ansys CFD Enterprise Solver,1,0.17,4.7,AEC,sgutteridge
2025-06-17 10:36:08,2025-06-17 11:21:29,Ansys CFD Enterprise Solver,1,0.76,21.2,AEC,sgutteridge
2025-06-17 11:40:25,2025-06-17 11:40:29,Ansys CFD Enterprise Solver,1,0.01,0.1,AEC,sgutteridge
2025-06-17 11:40:38,2025-06-17 12:38:28,Ansys CFD Enterprise Solver,1,0.96,27.0,AEC,sgutteridge
2025-06-17 13:50:20,2025-06-17 13:50:25,Ansys CFD Enterprise Solver,1,0.01,0.1,AEC,sgutteridge
2025-06-17 14:21:41,2025-06-17 14:27:06,Ansys CFD Enterprise Solver,1,0.09,2.5,AEC,sgutteridge
2025-06-17 12:45:10,2025-06-17 12:50:15,Ansys CFD Enterprise Solver,1,0.09,2.4,AEC,sgutteridge
2025-06-17 14:29:12,2025-06-17 14:34:16,Ansys CFD Enterprise Solver,1,0.08,2.4,AEC,sgutteridge
2025-06-17 16:42:06,2025-06-17 16:43:17,Ansys Mechanical Enterprise PrepPost,1,0.02,0.3,AEC,sgutteridge
2025-06-17 16:47:53,2025-06-17 16:48:17,Ansys CFD PrepPost,1,0.01,0.1,AEC,sgutteridge
2025-06-17 16:48:33,2025-06-17 16:52:06,Ansys CFD Enterprise Solver,1,0.06,1.7,AEC,sgutteridge
2025-06-17 17:47:53,2025-06-17 17:48:04,Ansys Discovery Enterprise,1,0.01,0.1,AEC,sgutteridge
2025-06-17 17:43:49,2025-06-17 17:44:58,Ansys BladeModeler,1,0.02,0.1,AEC,sgutteridge
2025-06-17 17:08:53,2025-06-17 17:09:04,Ansys Discovery Enterprise,1,0.01,0.1,AEC,sgutteridge
2025-06-17 17:08:55,2025-06-17 17:09:04,Ansys BladeModeler,1,0.01,0.1,AEC,sgutteridge
2025-06-17 17:05:12,2025-06-17 17:07:58,Ansys Discovery Enterprise,1,0.05,0.8,AEC,sgutteridge
2025-06-17 17:41:05,2025-06-17 17:43:39,Ansys CFD PrepPost,1,0.04,0.6,AEC,sgutteridge
2025-06-17 17:57:46,2025-06-17 17:57:54,Ansys Geometry Interface for SolidWorks,1,0.01,0.1,AEC,sgutteridge
2025-06-17 18:16:26,2025-06-17 18:19:22,Ansys Discovery Enterprise,1,0.05,0.9,AEC,sgutteridge
2025-06-17 17:49:52,2025-06-17 17:54:21,Ansys BladeModeler,1,0.07,0.1,AEC,sgutteridge
2025-06-17 17:56:03,2025-06-17 18:00:10,Ansys Discovery Enterprise,1,0.07,1.2,AEC,sgutteridge
2025-06-17 17:05:15,2025-06-17 17:07:56,Ansys BladeModeler,1,0.04,0.1,AEC,sgutteridge
2025-06-17 17:47:55,2025-06-17 17:48:04,Ansys BladeModeler,1,0.01,0.1,AEC,sgutteridge
2025-06-17 17:49:49,2025-06-17 17:54:23,Ansys Discovery Enterprise,1,0.08,1.4,AEC,sgutteridge
2025-06-17 18:20:17,2025-06-17 18:20:27,Ansys Discovery Enterprise,1,0.01,0.1,AEC,sgutteridge
2025-06-17 17:31:42,2025-06-17 17:40:43,Ansys Discovery Enterprise,1,0.15,2.7,AEC,sgutteridge
2025-06-17 18:19:55,2025-06-17 18:21:48,Ansys CFD PrepPost,1,0.03,0.4,AEC,sgutteridge
2025-06-17 17:31:45,2025-06-17 17:40:40,Ansys BladeModeler,1,0.15,0.3,AEC,sgutteridge
2025-06-17 17:43:46,2025-06-17 17:45:01,Ansys Discovery Enterprise,1,0.02,0.4,AEC,sgutteridge
2025-06-17 18:20:19,2025-06-17 18:20:27,Ansys BladeModeler,1,0.01,0.1,AEC,sgutteridge
2025-06-17 17:41:39,2025-06-17 17:41:47,Ansys BladeModeler,1,0.01,0.1,AEC,sgutteridge
2025-06-17 18:00:36,2025-06-17 18:09:14,Ansys CFD PrepPost,1,0.14,2.0,AEC,sgutteridge
2025-06-17 18:16:28,2025-06-17 18:19:20,Ansys BladeModeler,1,0.05,0.1,AEC,sgutteridge
2025-06-17 17:51:37,2025-06-17 17:51:46,Ansys Geometry Interface for SolidWorks,1,0.01,0.1,AEC,sgutteridge
2025-06-17 17:05:27,2025-06-17 17:05:35,Ansys Geometry Interface for SolidWorks,1,0.01,0.1,AEC,sgutteridge
2025-06-17 17:41:36,2025-06-17 17:41:47,Ansys Discovery Enterprise,1,0.01,0.1,AEC,sgutteridge
2025-06-17 18:01:04,2025-06-17 18:01:12,Ansys BladeModeler,1,0.01,0.1,AEC,sgutteridge
2025-06-17 17:45:43,2025-06-17 17:48:44,Ansys CFD PrepPost,1,0.05,0.7,AEC,sgutteridge
2025-06-17 18:01:01,2025-06-17 18:01:12,Ansys Discovery Enterprise,1,0.01,0.1,AEC,sgutteridge
2025-06-17 18:16:59,2025-06-17 18:17:08,Ansys Geometry Interface for SolidWorks,1,0.01,0.1,AEC,sgutteridge
2025-06-17 17:56:05,2025-06-17 18:00:08,Ansys BladeModeler,1,0.07,0.1,AEC,sgutteridge
2025-06-17 17:08:28,2025-06-17 17:14:21,Ansys CFD PrepPost,1,0.1,1.4,AEC,sgutteridge
2025-06-17 17:14:24,2025-06-17 17:31:33,Ansys CFD Enterprise Solver,1,0.29,8.0,AEC,sgutteridge
2025-06-17 17:14:11,2025-06-17 17:14:16,Ansys CFD Enterprise Solver,1,0.01,0.1,AEC,sgutteridge
2025-06-18 14:20:05,2025-06-18 14:20:21,Ansys CFD PrepPost,1,0.01,0.1,AEC,nramioulle
2025-06-18 14:20:36,2025-06-18 14:28:22,Ansys CFD Enterprise Solver,1,0.13,3.4,AEC,nramioulle
2025-06-18 19:03:02,2025-06-18 19:48:10,Ansys CFD Enterprise Solver,1,0.75,19.6,AEC,sgutteridge
2025-06-18 19:02:48,2025-06-18 19:02:53,Ansys CFD Enterprise Solver,1,0.01,0.1,AEC,sgutteridge
2025-06-18 15:22:22,2025-06-18 18:48:07,Ansys CFD Enterprise Solver,1,3.43,89.2,AEC,sgutteridge
2025-06-18 18:52:17,2025-06-18 18:52:26,Ansys BladeModeler,1,0.01,0.1,AEC,sgutteridge
2025-06-18 18:52:15,2025-06-18 18:52:26,Ansys Discovery Simulation,1,0.01,0.1,AEC,sgutteridge
2025-06-18 18:48:32,2025-06-18 19:02:59,Ansys CFD PrepPost,1,0.24,3.1,AEC,sgutteridge
2025-06-19 12:31:10,2025-06-19 12:34:05,Ansys CFD Enterprise Solver,1,0.05,1.3,AEC,sgutteridge
2025-06-19 12:35:43,2025-06-19 13:39:42,Ansys CFD Enterprise Solver,1,1.07,27.7,AEC,sgutteridge
2025-06-19 10:08:47,2025-06-19 12:28:10,Ansys CFD Enterprise Solver,1,2.32,60.4,AEC,sgutteridge
2025-06-19 15:18:12,2025-06-19 15:19:10,Ansys CFD PrepPost,1,0.02,0.2,AEC,tutley
2025-06-19 15:22:48,2025-06-19 15:23:29,Ansys Mechanical Enterprise PrepPost,1,0.01,0.1,AEC,tutley
2025-06-19 15:19:35,2025-06-19 15:22:41,Ansys HPC,12,0.05,1.4,AEC,tutley
2025-06-19 15:24:02,2025-06-19 15:57:30,Ansys HPC,12,0.56,15.6,AEC,tutley
2025-06-19 15:23:52,2025-06-19 15:57:30,Ansys CFD Enterprise Solver,1,0.56,14.6,AEC,tutley
2025-06-19 15:19:24,2025-06-19 15:22:41,Ansys CFD Enterprise Solver,1,0.05,1.4,AEC,tutley
2025-06-19 17:02:14,2025-06-19 17:18:59,Ansys CFD Enterprise Solver,1,0.28,7.3,AEC,tutley
2025-06-19 17:02:23,2025-06-19 17:18:59,Ansys HPC,12,0.28,7.7,AEC,tutley
2025-06-19 17:18:58,2025-06-19 17:19:29,Ansys Discovery Simulation,1,0.01,0.1,AEC,tutley
2025-06-19 17:26:00,2025-06-19 17:26:11,Ansys Mechanical Enterprise Solver,1,0.01,0.1,AEC,tutley
2025-06-19 17:22:56,2025-06-19 17:23:11,Ansys Mechanical Enterprise Solver,1,0.01,0.1,AEC,tutley
2025-06-19 17:37:13,2025-06-19 17:37:24,Ansys Mechanical Enterprise Solver,1,0.01,0.1,AEC,tutley
2025-06-19 17:27:48,2025-06-19 17:27:59,Ansys Mechanical Enterprise Solver,1,0.01,0.1,AEC,tutley
2025-06-19 17:39:52,2025-06-19 17:40:03,Ansys Mechanical Enterprise Solver,1,0.01,0.1,AEC,tutley
2025-06-19 17:38:09,2025-06-19 17:38:20,Ansys Mechanical Enterprise Solver,1,0.01,0.1,AEC,tutley
2025-06-19 17:39:11,2025-06-19 17:39:22,Ansys Mechanical Enterprise Solver,1,0.01,0.1,AEC,tutley
2025-06-19 17:51:31,2025-06-19 17:51:43,Ansys Mechanical Enterprise Solver,1,0.01,0.1,AEC,tutley
2025-06-19 17:45:56,2025-06-19 17:46:15,Ansys Mechanical Enterprise Solver,1,0.01,0.1,AEC,tutley
2025-06-19 17:49:37,2025-06-19 17:49:48,Ansys Mechanical Enterprise Solver,1,0.01,0.1,AEC,tutley
2025-06-19 17:57:56,2025-06-19 17:58:18,Ansys Mechanical Enterprise Solver,1,0.01,0.2,AEC,tutley
2025-06-19 17:43:33,2025-06-19 17:43:55,Ansys Mechanical Enterprise Solver,1,0.01,0.1,AEC,tutley
2025-06-19 17:58:53,2025-06-19 17:59:12,Ansys Mechanical Enterprise Solver,1,0.01,0.1,AEC,tutley
2025-06-19 17:46:58,2025-06-19 17:47:18,Ansys Mechanical Enterprise Solver,1,0.01,0.1,AEC,tutley
2025-06-19 17:55:49,2025-06-19 17:56:09,Ansys Mechanical Enterprise Solver,1,0.01,0.1,AEC,tutley
2025-06-19 18:00:08,2025-06-19 18:04:44,Ansys Mechanical Enterprise Solver,1,0.08,1.9,AEC,tutley
2025-06-19 17:50:49,2025-06-19 17:51:01,Ansys Mechanical Enterprise Solver,1,0.01,0.1,AEC,tutley
2025-06-19 17:56:48,2025-06-19 17:57:07,Ansys Mechanical Enterprise Solver,1,0.01,0.1,AEC,tutley
2025-06-19 18:07:01,2025-06-19 18:07:03,Ansys Mechanical Enterprise Solver,1,0.01,0.1,AEC,tutley
2025-06-19 18:07:15,2025-06-19 18:07:38,Ansys Mechanical Enterprise Solver,1,0.01,0.2,AEC,tutley
2025-06-19 18:07:42,2025-06-19 18:12:32,Ansys Mechanical Enterprise Solver,1,0.08,2.0,AEC,tutley
2025-06-19 18:14:14,2025-06-19 18:19:02,Ansys Mechanical Enterprise Solver,1,0.08,2.0,AEC,tutley
2025-06-19 18:22:58,2025-06-19 18:23:19,Ansys Mechanical Enterprise Solver,1,0.01,0.1,AEC,tutley
2025-06-19 18:23:23,2025-06-19 18:27:54,Ansys Mechanical Enterprise Solver,1,0.08,1.9,AEC,tutley
2025-06-19 18:13:49,2025-06-19 18:14:09,Ansys Mechanical Enterprise Solver,1,0.01,0.1,AEC,tutley
2025-06-19 17:54:18,2025-06-19 18:29:42,Ansys Mechanical Enterprise PrepPost,1,0.59,7.7,AEC,tutley
2025-06-19 17:48:42,2025-06-19 17:53:05,Ansys Mechanical Enterprise PrepPost,1,0.07,1.0,AEC,tutley
2025-06-19 17:18:37,2025-06-19 17:41:03,Ansys Mechanical Enterprise PrepPost,1,0.37,4.9,AEC,tutley
2025-06-19 17:41:41,2025-06-19 17:48:21,Ansys Mechanical Enterprise PrepPost,1,0.11,1.4,AEC,tutley
2025-06-19 18:06:44,2025-06-19 18:06:56,Ansys Mechanical Enterprise Solver,1,0.01,0.1,AEC,tutley
2025-06-19 17:21:23,2025-06-19 17:42:09,Ansys CFD Enterprise Solver,1,0.35,9.0,AEC,sgutteridge
2025-06-19 17:42:24,2025-06-19 17:49:56,Ansys CFD PrepPost,1,0.13,1.6,AEC,sgutteridge
2025-06-19 18:27:57,2025-06-19 19:21:02,Ansys CFD Enterprise Solver,1,0.88,23.0,AEC,sgutteridge
2025-06-19 18:23:37,2025-06-19 18:24:00,Ansys CFD PrepPost,1,0.01,0.1,AEC,sgutteridge
2025-06-19 16:14:12,2025-06-19 16:34:11,Ansys CFD Enterprise Solver,1,0.33,8.7,AEC,sgutteridge
2025-06-19 18:27:44,2025-06-19 18:27:49,Ansys CFD Enterprise Solver,1,0.01,0.1,AEC,sgutteridge
2025-06-19 17:20:12,2025-06-19 17:20:47,Ansys CFD Enterprise Solver,1,0.01,0.2,AEC,sgutteridge
2025-06-19 18:24:23,2025-06-19 18:27:54,Ansys CFD PrepPost,1,0.06,0.8,AEC,sgutteridge
2025-06-19 16:11:55,2025-06-19 16:13:38,Ansys CFD Enterprise Solver,1,0.03,0.7,AEC,sgutteridge
2025-06-19 18:24:45,2025-06-19 18:24:55,Ansys Discovery Simulation,1,0.01,0.1,AEC,sgutteridge
2025-06-19 18:24:47,2025-06-19 18:24:55,Ansys BladeModeler,1,0.01,0.1,AEC,sgutteridge
2025-06-19 17:44:18,2025-06-19 17:44:29,Ansys Discovery Simulation,1,0.01,0.1,AEC,sgutteridge
2025-06-19 17:47:58,2025-06-19 17:48:09,Ansys Discovery Simulation,1,0.01,0.1,AEC,sgutteridge
2025-06-19 17:44:20,2025-06-19 17:44:29,Ansys BladeModeler,1,0.01,0.1,AEC,sgutteridge
2025-06-19 17:49:59,2025-06-19 18:22:43,Ansys CFD Enterprise Solver,1,0.55,14.2,AEC,sgutteridge
2025-06-19 17:49:46,2025-06-19 17:49:51,Ansys CFD Enterprise Solver,1,0.01,0.1,AEC,sgutteridge
2025-06-19 17:48:01,2025-06-19 17:48:09,Ansys BladeModeler,1,0.01,0.1,AEC,sgutteridge
2025-06-19 17:49:09,2025-06-19 17:53:06,Ansys GRANTA Materials Data for Simulation,1,0.07,2.1,AEC,tutley
2025-06-19 18:33:23,2025-06-19 18:56:29,Ansys Mechanical Enterprise PrepPost,1,0.39,5.0,AEC,tutley
2025-06-19 18:30:39,2025-06-19 18:32:19,Ansys Discovery Simulation,1,0.03,0.4,AEC,tutley
2025-06-19 18:38:06,2025-06-19 18:41:47,Ansys Mechanical Enterprise Solver,1,0.06,1.5,AEC,tutley
2025-06-19 18:42:21,2025-06-19 18:42:42,Ansys Mechanical Enterprise Solver,1,0.01,0.2,AEC,tutley
2025-06-19 18:42:47,2025-06-19 18:46:45,Ansys Mechanical Enterprise Solver,1,0.07,1.7,AEC,tutley
2025-06-19 18:51:34,2025-06-19 18:51:55,Ansys Mechanical Enterprise Solver,1,0.01,0.2,AEC,tutley
2025-06-19 18:52:00,2025-06-19 18:55:52,Ansys Mechanical Enterprise Solver,1,0.06,1.6,AEC,tutley
2025-06-19 19:02:13,2025-06-19 19:31:19,Ansys HPC,12,0.49,13.6,AEC,tutley
2025-06-19 19:02:03,2025-06-19 19:31:19,Ansys CFD Enterprise Solver,1,0.49,12.7,AEC,tutley
2025-06-19 18:57:16,2025-06-19 19:01:52,Ansys Discovery Simulation,1,0.08,1.2,AEC,tutley
2025-06-20 09:05:01,2025-06-20 09:05:09,Ansys BladeModeler,1,0.01,0.1,AEC,nramioulle
2025-06-20 09:04:36,2025-06-20 09:06:08,Ansys Discovery Simulation,1,0.03,0.4,AEC,nramioulle
2025-06-20 13:42:59,2025-06-20 13:50:02,Ansys HPC,4,0.12,1.8,AEC,nramioulle
2025-06-20 10:31:38,2025-06-20 10:32:42,Ansys Discovery Simulation,1,0.02,0.3,AEC,nramioulle
2025-06-20 10:37:24,2025-06-20 10:39:11,Ansys Discovery Simulation,1,0.03,0.5,AEC,nramioulle
2025-06-20 10:33:12,2025-06-20 10:33:40,Ansys Discovery Simulation,1,0.01,0.1,AEC,nramioulle
2025-06-20 09:46:48,2025-06-20 09:47:19,Ansys Discovery Simulation,1,0.01,0.1,AEC,nramioulle
2025-06-20 09:35:57,2025-06-20 09:46:30,Ansys Discovery Simulation,1,0.18,2.8,AEC,nramioulle
2025-06-20 10:39:36,2025-06-20 10:40:07,Ansys Discovery Simulation,1,0.01,0.1,AEC,nramioulle
2025-06-20 13:51:53,2025-06-20 13:53:36,Ansys Discovery Simulation,1,0.03,0.5,AEC,nramioulle
2025-06-20 13:54:03,2025-06-20 13:54:32,Ansys Discovery Simulation,1,0.01,0.1,AEC,nramioulle
2025-06-20 09:46:32,2025-06-20 10:31:31,Ansys Mechanical Enterprise PrepPost,1,0.75,9.7,AEC,nramioulle
2025-06-20 10:39:18,2025-06-20 11:07:36,Ansys Mechanical Enterprise PrepPost,1,0.47,6.1,AEC,nramioulle
2025-06-20 11:08:52,2025-06-20 11:10:07,Ansys Mechanical Enterprise PrepPost,1,0.02,0.3,AEC,nramioulle
2025-06-20 10:32:48,2025-06-20 10:37:00,Ansys Mechanical Enterprise PrepPost,1,0.07,0.9,AEC,nramioulle
2025-06-20 13:50:10,2025-06-20 13:50:57,Ansys Mechanical Enterprise PrepPost,1,0.01,0.2,AEC,nramioulle
2025-06-20 11:08:30,2025-06-20 11:08:50,Ansys Mechanical Enterprise PrepPost,1,0.01,0.1,AEC,nramioulle
2025-06-20 14:25:54,2025-06-20 14:26:07,Ansys Mechanical Enterprise PrepPost,1,0.01,0.1,AEC,nramioulle
2025-06-20 13:53:38,2025-06-20 14:21:58,Ansys Mechanical Enterprise PrepPost,1,0.47,6.1,AEC,nramioulle
2025-06-20 12:58:52,2025-06-20 12:59:39,Ansys Mechanical Enterprise PrepPost,1,0.01,0.2,AEC,nramioulle
2025-06-20 12:05:18,2025-06-20 12:06:15,Ansys Mechanical Enterprise PrepPost,1,0.02,0.2,AEC,nramioulle
2025-06-20 14:26:09,2025-06-20 14:26:40,Ansys Mechanical Enterprise PrepPost,1,0.01,0.1,AEC,nramioulle
2025-06-20 14:22:01,2025-06-20 14:24:30,Ansys Mechanical Enterprise PrepPost,1,0.04,0.5,AEC,nramioulle
2025-06-20 12:08:52,2025-06-20 12:56:49,Ansys CFD Enterprise Solver,1,0.8,20.8,AEC,nramioulle
2025-06-20 14:31:07,2025-06-20 14:44:53,Ansys GRANTA Materials Data for Simulation,1,0.23,7.3,AEC,nramioulle
2025-06-20 14:29:12,2025-06-20 14:44:53,Ansys CFD Enterprise Solver,1,0.26,6.8,AEC,nramioulle
2025-06-20 12:57:11,2025-06-20 12:58:26,Ansys CFD Enterprise Solver,1,0.02,0.5,AEC,nramioulle
2025-06-20 11:10:39,2025-06-20 12:08:37,Ansys CFD Enterprise Solver,1,0.97,25.1,AEC,nramioulle
2025-06-20 13:02:41,2025-06-20 13:50:02,Ansys CFD Enterprise Solver,1,0.79,20.5,AEC,nramioulle
2025-06-20 15:51:57,2025-06-20 16:24:49,Ansys Mechanical Enterprise PrepPost,1,0.55,7.1,AEC,sgutteridge
2025-06-20 15:17:30,2025-06-20 15:51:41,Ansys CFD Enterprise Solver,1,0.57,14.8,AEC,sgutteridge
2025-06-20 15:11:53,2025-06-20 15:12:03,Ansys Discovery Simulation,1,0.01,0.1,AEC,sgutteridge
2025-06-20 16:44:47,2025-06-20 16:59:49,Ansys Mechanical Enterprise PrepPost,1,0.25,3.3,AEC,sgutteridge
2025-06-20 15:17:15,2025-06-20 15:17:21,Ansys CFD Enterprise Solver,1,0.01,0.1,AEC,sgutteridge
2025-06-20 15:08:56,2025-06-20 15:11:07,Ansys Discovery Simulation,1,0.04,0.6,AEC,sgutteridge
2025-06-20 15:52:17,2025-06-20 15:52:27,Ansys Discovery Simulation,1,0.01,0.1,AEC,sgutteridge
2025-06-20 16:25:49,2025-06-20 16:54:43,Ansys CFD Enterprise Solver,1,0.48,12.5,AEC,sgutteridge
2025-06-20 15:08:59,2025-06-20 15:11:04,Ansys BladeModeler,1,0.04,0.1,AEC,sgutteridge
2025-06-20 15:11:28,2025-06-20 15:17:27,Ansys CFD PrepPost,1,0.1,1.3,AEC,sgutteridge
2025-06-20 15:52:20,2025-06-20 15:52:27,Ansys BladeModeler,1,0.01,0.1,AEC,sgutteridge
2025-06-20 15:52:33,2025-06-20 15:52:40,Ansys CFD PrepPost,1,0.01,0.1,AEC,sgutteridge
2025-06-20 15:57:12,2025-06-20 16:01:11,Ansys CFD PrepPost,1,0.07,0.9,AEC,sgutteridge
2025-06-20 15:11:56,2025-06-20 15:12:03,Ansys BladeModeler,1,0.01,0.1,AEC,sgutteridge
2025-06-20 16:01:20,2025-06-20 16:05:12,Ansys CFD PrepPost,1,0.06,0.8,AEC,sgutteridge
2025-06-20 16:05:39,2025-06-20 16:05:51,Ansys CFD PrepPost,1,0.01,0.1,AEC,sgutteridge
2025-06-20 16:05:20,2025-06-20 16:05:31,Ansys CFD PrepPost,1,0.01,0.1,AEC,sgutteridge
2025-06-20 16:17:39,2025-06-20 16:17:50,Ansys Mechanical Enterprise Solver,1,0.01,0.1,AEC,sgutteridge
2025-06-20 16:18:56,2025-06-20 16:21:42,Ansys Mechanical Enterprise Solver,1,0.05,1.1,AEC,sgutteridge
2025-06-20 16:19:19,2025-06-20 16:21:35,Ansys HPC,12,0.04,1.1,AEC,sgutteridge
2025-06-20 21:48:26,2025-06-20 22:03:41,Ansys Mechanical Enterprise PrepPost,1,0.25,3.3,AEC,sgutteridge
2025-06-20 21:49:09,2025-06-20 21:52:53,Ansys CFD PrepPost,1,0.06,0.8,AEC,sgutteridge
2025-06-20 22:00:46,2025-06-20 22:02:50,Ansys HPC,12,0.03,1.0,AEC,sgutteridge
2025-06-20 21:57:06,2025-06-20 21:57:17,Ansys CFD PrepPost,1,0.01,0.1,AEC,sgutteridge
2025-06-20 22:00:24,2025-06-20 22:02:57,Ansys Mechanical Enterprise Solver,1,0.04,1.1,AEC,sgutteridge
2025-06-20 21:53:01,2025-06-20 21:56:40,Ansys CFD PrepPost,1,0.06,0.8,AEC,sgutteridge
2025-06-20 21:48:45,2025-06-20 21:48:53,Ansys CFD PrepPost,1,0.01,0.1,AEC,sgutteridge
2025-06-20 21:33:05,2025-06-20 21:48:16,Ansys CFD Enterprise Solver,1,0.25,6.6,AEC,sgutteridge
2025-06-20 21:56:46,2025-06-20 21:56:58,Ansys CFD PrepPost,1,0.01,0.1,AEC,sgutteridge
2025-06-22 20:59:32,2025-06-22 21:59:35,Ansys CFD Enterprise Solver,1,1.0,26.0,AEC,nramioulle
2025-06-22 20:55:45,2025-06-22 20:56:49,Ansys Mechanical Enterprise PrepPost,1,0.02,0.2,AEC,nramioulle
2025-06-23 00:18:22,2025-06-23 01:00:36,Ansys CFD Enterprise Solver,1,0.7,18.3,AEC,sgutteridge
2025-06-23 01:01:42,2025-06-23 01:11:02,Ansys CFD Enterprise Solver,1,0.16,4.0,AEC,sgutteridge
2025-06-23 00:22:00,2025-06-23 00:25:52,Ansys Mechanical Enterprise PrepPost,1,0.06,0.8,AEC,sgutteridge
2025-06-23 00:25:33,2025-06-23 00:25:37,Ansys CFD PrepPost,1,0.01,0.1,AEC,sgutteridge
2025-06-23 00:24:56,2025-06-23 00:25:00,Ansys CFD PrepPost,1,0.01,0.1,AEC,sgutteridge
2025-06-23 09:46:44,2025-06-23 10:15:30,Ansys CFD Enterprise Solver,1,0.48,12.5,AEC,nramioulle
2025-06-23 18:31:25,2025-06-23 18:34:34,Ansys BladeModeler,1,0.05,0.1,AEC,sgutteridge
2025-06-23 18:27:37,2025-06-23 18:28:38,Ansys Discovery Simulation,1,0.02,0.3,AEC,sgutteridge
2025-06-23 18:35:24,2025-06-23 18:35:32,Ansys BladeModeler,1,0.01,0.1,AEC,sgutteridge
2025-06-23 18:27:39,2025-06-23 18:28:35,Ansys BladeModeler,1,0.02,0.1,AEC,sgutteridge
2025-06-23 18:31:40,2025-06-23 18:31:43,Ansys Geometry Interface for SolidWorks,1,0.01,0.1,AEC,sgutteridge
2025-06-23 18:27:51,2025-06-23 18:27:54,Ansys Geometry Interface for SolidWorks,1,0.01,0.1,AEC,sgutteridge
2025-06-23 18:35:22,2025-06-23 18:35:32,Ansys Discovery Simulation,1,0.01,0.1,AEC,sgutteridge
2025-06-23 18:31:22,2025-06-23 18:34:37,Ansys Discovery Simulation,1,0.05,0.9,AEC,sgutteridge
2025-06-23 18:34:57,2025-06-23 18:38:03,Ansys CFD PrepPost,1,0.05,0.7,AEC,sgutteridge
2025-06-23 18:37:52,2025-06-23 18:37:57,Ansys CFD Enterprise Solver,1,0.01,0.1,AEC,sgutteridge
2025-06-23 18:38:06,2025-06-23 19:41:25,Ansys CFD Enterprise Solver,1,1.06,27.4,AEC,sgutteridge
2025-06-24 17:09:03,2025-06-24 17:30:48,Ansys Mechanical Enterprise PrepPost,1,0.36,4.7,AEC,tutley
2025-06-24 17:22:31,2025-06-24 17:27:17,Ansys Mechanical Enterprise Solver,1,0.08,2.0,AEC,tutley
2025-06-24 17:14:09,2025-06-24 17:19:00,Ansys Mechanical Enterprise Solver,1,0.08,2.0,AEC,tutley
2025-06-24 17:22:03,2025-06-24 17:22:26,Ansys Mechanical Enterprise Solver,1,0.01,0.2,AEC,tutley
2025-06-24 17:13:41,2025-06-24 17:14:05,Ansys Mechanical Enterprise Solver,1,0.01,0.2,AEC,tutley
2025-06-24 17:14:03,2025-06-24 17:30:08,Ansys Discovery Simulation,1,0.27,4.3,AEC,tutley
2025-06-25 16:28:14,2025-06-25 16:30:43,Ansys Geometry Interface for SolidWorks,1,0.04,0.2,AEC,sgutteridge
2025-06-25 16:31:00,2025-06-25 16:33:21,Ansys Geometry Interface for SolidWorks,1,0.04,0.2,AEC,sgutteridge
2025-06-25 17:16:13,2025-06-25 17:21:56,Ansys Mechanical Enterprise Solver,1,0.1,2.4,AEC,sgutteridge
2025-06-25 16:49:43,2025-06-25 16:50:22,Ansys Mechanical Enterprise Solver,1,0.01,0.3,AEC,sgutteridge
2025-06-25 17:11:55,2025-06-25 17:15:39,Ansys Mechanical Enterprise Solver,1,0.06,1.6,AEC,sgutteridge
2025-06-25 16:51:43,2025-06-25 16:52:16,Ansys Mechanical Enterprise Solver,1,0.01,0.2,AEC,sgutteridge
2025-06-25 16:30:50,2025-06-25 16:33:24,Ansys Mechanical Enterprise PrepPost,1,0.04,0.6,AEC,sgutteridge
2025-06-25 17:25:22,2025-06-25 17:30:22,Ansys Mechanical Enterprise Solver,1,0.08,2.1,AEC,sgutteridge
2025-06-25 16:53:41,2025-06-25 16:54:16,Ansys Mechanical Enterprise Solver,1,0.01,0.2,AEC,sgutteridge
2025-06-25 16:28:03,2025-06-25 16:30:47,Ansys Mechanical Enterprise PrepPost,1,0.05,0.6,AEC,sgutteridge
2025-06-25 16:34:21,2025-06-25 17:31:54,Ansys Mechanical Enterprise PrepPost,1,0.96,12.5,AEC,sgutteridge
2025-06-25 16:54:56,2025-06-25 17:07:26,Ansys Mechanical Enterprise Solver,1,0.21,5.2,AEC,sgutteridge
2025-06-25 17:33:27,2025-06-25 19:34:11,Ansys Mechanical Enterprise PrepPost,1,2.01,26.2,AEC,sgutteridge
2025-06-25 17:38:31,2025-06-25 17:39:54,Ansys Mechanical Enterprise Solver,1,0.02,0.6,AEC,sgutteridge
2025-06-25 19:18:51,2025-06-25 19:20:09,Ansys Mechanical Enterprise Solver,1,0.02,0.5,AEC,sgutteridge
2025-06-25 17:34:57,2025-06-25 17:36:32,Ansys Mechanical Enterprise Solver,1,0.03,0.7,AEC,sgutteridge
2025-06-25 19:28:57,2025-06-25 19:30:14,Ansys Mechanical Enterprise Solver,1,0.02,0.5,AEC,sgutteridge
2025-06-25 17:46:37,2025-06-25 17:47:56,Ansys Mechanical Enterprise Solver,1,0.02,0.6,AEC,sgutteridge
2025-06-26 11:43:44,2025-06-26 11:46:44,Ansys Zemax OpticStudio Enterprise,1,0.05,0.9,AEC,tutley
2025-06-26 15:28:02,2025-06-26 15:29:06,Ansys Zemax OpticStudio Enterprise,1,0.02,0.3,AEC,tutley
2025-06-26 16:18:06,2025-06-26 16:21:15,Ansys Zemax OpticStudio Enterprise,1,0.05,2.0,AEC,tutley
2025-06-26 16:22:45,2025-06-26 16:24:18,Ansys Zemax OpticStudio Enterprise,1,0.03,1.0,AEC,tutley
2025-06-26 16:24:47,2025-06-26 19:24:51,Ansys Zemax OpticStudio Enterprise,1,3.0,76.0,AEC,tutley
2025-06-27 11:33:05,2025-06-27 11:33:21,Ansys Mechanical Enterprise PrepPost,1,0.01,0.1,AEC,sgutteridge
2025-06-27 11:20:26,2025-06-27 11:30:02,Ansys Mechanical Enterprise PrepPost,1,0.16,2.1,AEC,sgutteridge
2025-06-27 11:33:38,2025-06-27 12:01:31,Ansys Mechanical Enterprise PrepPost,1,0.47,6.0,AEC,sgutteridge
2025-06-27 11:35:42,2025-06-27 11:36:56,Ansys Mechanical Enterprise Solver,1,0.02,0.5,AEC,sgutteridge
2025-06-27 13:34:36,2025-06-27 13:50:47,Ansys Mechanical Enterprise PrepPost,1,0.27,3.5,AEC,eduffield
2025-06-27 13:41:47,2025-06-27 13:41:52,Ansys HPC,2,0.01,0.1,AEC,eduffield
2025-06-27 13:46:07,2025-06-27 13:46:20,Ansys Mechanical Enterprise Solver,1,0.01,0.2,AEC,eduffield
2025-06-27 13:40:22,2025-06-27 13:40:37,Ansys Mechanical Enterprise Solver,1,0.01,0.1,AEC,eduffield
2025-06-27 13:47:24,2025-06-27 13:47:28,Ansys HPC,2,0.01,0.1,AEC,eduffield
2025-06-27 13:40:29,2025-06-27 13:40:34,Ansys HPC,2,0.01,0.1,AEC,eduffield
2025-06-27 13:46:13,2025-06-27 13:46:18,Ansys HPC,2,0.01,0.1,AEC,eduffield
2025-06-27 13:41:40,2025-06-27 13:41:53,Ansys Mechanical Enterprise Solver,1,0.01,0.2,AEC,eduffield
2025-06-27 13:47:16,2025-06-27 13:47:30,Ansys Mechanical Enterprise Solver,1,0.01,0.2,AEC,eduffield
2025-06-27 14:28:00,2025-06-27 14:28:34,Ansys Discovery Simulation,1,0.01,0.2,AEC,tutley
2025-06-27 14:05:39,2025-06-27 14:06:06,Ansys Mechanical Enterprise Solver,1,0.01,0.2,AEC,tutley
2025-06-27 14:06:19,2025-06-27 14:10:05,Ansys Mechanical Enterprise Solver,1,0.06,1.6,AEC,tutley
2025-06-27 14:13:54,2025-06-27 14:14:15,Ansys Mechanical Enterprise Solver,1,0.01,0.1,AEC,tutley
2025-06-27 13:59:54,2025-06-27 14:04:44,Ansys Discovery Simulation,1,0.08,1.3,AEC,tutley
2025-06-27 14:04:56,2025-06-27 14:05:25,Ansys Discovery Simulation,1,0.01,0.1,AEC,tutley
2025-06-27 14:14:20,2025-06-27 14:19:16,Ansys Mechanical Enterprise Solver,1,0.08,2.1,AEC,tutley
2025-06-27 14:28:50,2025-06-27 14:29:10,Ansys Mechanical Enterprise Solver,1,0.01,0.1,AEC,tutley
2025-06-27 14:21:37,2025-06-27 14:27:51,Ansys Discovery Simulation,1,0.1,1.7,AEC,tutley
2025-06-27 13:59:03,2025-06-27 14:51:23,Ansys Mechanical Enterprise PrepPost,1,0.87,11.3,AEC,tutley
2025-06-27 14:37:07,2025-06-27 14:37:27,Ansys Mechanical Enterprise Solver,1,0.01,0.1,AEC,tutley
2025-06-27 14:29:21,2025-06-27 14:35:30,Ansys Mechanical Enterprise Solver,1,0.1,2.6,AEC,tutley
2025-06-27 14:37:31,2025-06-27 14:41:25,Ansys Mechanical Enterprise Solver,1,0.06,1.6,AEC,tutley
2025-06-27 14:57:08,2025-06-27 15:07:45,Ansys Mechanical Enterprise PrepPost,1,0.18,2.3,AEC,tutley
2025-06-27 15:17:28,2025-06-27 15:27:42,Ansys Mechanical Enterprise PrepPost,1,0.17,2.2,AEC,tutley
2025-06-27 15:11:27,2025-06-27 15:16:58,Ansys Mechanical Enterprise PrepPost,1,0.09,1.2,AEC,tutley
2025-06-27 14:58:24,2025-06-27 15:01:57,Ansys Mechanical Enterprise Solver,1,0.06,1.5,AEC,tutley
2025-06-27 15:12:18,2025-06-27 15:12:37,Ansys Mechanical Enterprise Solver,1,0.01,0.1,AEC,tutley
2025-06-27 14:58:00,2025-06-27 14:58:19,Ansys Mechanical Enterprise Solver,1,0.01,0.1,AEC,tutley
2025-06-27 15:19:45,2025-06-27 15:20:07,Ansys Mechanical Enterprise Solver,1,0.01,0.1,AEC,tutley
2025-06-27 15:12:47,2025-06-27 15:16:54,Ansys Mechanical Enterprise Solver,1,0.07,1.7,AEC,tutley
2025-06-27 15:20:11,2025-06-27 15:24:33,Ansys Mechanical Enterprise Solver,1,0.07,1.8,AEC,tutley
2025-06-27 15:11:40,2025-06-27 15:12:08,Ansys Discovery Simulation,1,0.01,0.1,AEC,tutley
2025-06-27 15:08:19,2025-06-27 15:11:09,Ansys Discovery Simulation,1,0.05,0.8,AEC,tutley
2025-06-27 15:28:24,2025-06-27 15:33:24,Ansys Discovery Simulation,1,0.08,1.3,AEC,tutley
2025-06-27 16:22:24,2025-06-27 16:31:12,Ansys Discovery Simulation,1,0.15,2.3,AEC,tutley
2025-06-27 16:35:24,2025-06-27 16:35:48,Ansys Discovery Simulation,1,0.01,0.1,AEC,tutley
2025-06-27 16:34:26,2025-06-27 16:35:19,Ansys Discovery Simulation,1,0.01,0.2,AEC,tutley
2025-06-27 16:49:02,2025-06-27 16:49:26,Ansys Discovery Simulation,1,0.01,0.1,AEC,tutley
2025-06-27 16:32:50,2025-06-27 16:33:28,Ansys Discovery Simulation,1,0.01,0.2,AEC,tutley
2025-06-27 16:45:35,2025-06-27 16:48:54,Ansys Discovery Simulation,1,0.06,0.9,AEC,tutley
2025-06-27 16:32:35,2025-06-27 16:56:50,Ansys Mechanical Enterprise PrepPost,1,0.4,5.3,AEC,tutley
2025-06-27 16:53:24,2025-06-27 16:54:29,Ansys Mechanical Enterprise Solver,1,0.02,0.5,AEC,tutley
2025-06-27 16:36:33,2025-06-27 16:56:52,Ansys GRANTA Materials Data for Simulation,1,0.34,10.8,AEC,tutley
2025-06-27 16:51:31,2025-06-27 16:52:01,Ansys Mechanical Enterprise Solver,1,0.01,0.2,AEC,tutley
2025-06-27 18:34:06,2025-06-27 18:34:25,Ansys Mechanical Enterprise Solver,1,0.01,0.1,AEC,tutley
2025-06-27 18:08:14,2025-06-27 18:08:36,Ansys Mechanical Enterprise Solver,1,0.01,0.1,AEC,tutley
2025-06-27 18:26:11,2025-06-27 18:46:01,Ansys Mechanical Enterprise PrepPost,1,0.33,4.3,AEC,tutley
2025-06-27 17:56:47,2025-06-27 18:23:55,Ansys Mechanical Enterprise PrepPost,1,0.45,5.9,AEC,tutley
2025-06-27 17:59:54,2025-06-27 18:04:06,Ansys Mechanical Enterprise Solver,1,0.07,1.8,AEC,tutley
2025-06-27 17:59:30,2025-06-27 17:59:50,Ansys Mechanical Enterprise Solver,1,0.01,0.1,AEC,tutley
2025-06-27 18:15:06,2025-06-27 18:20:15,Ansys Mechanical Enterprise Solver,1,0.09,2.1,AEC,tutley
2025-06-27 18:14:41,2025-06-27 18:15:03,Ansys Mechanical Enterprise Solver,1,0.01,0.2,AEC,tutley
2025-06-27 18:34:30,2025-06-27 18:40:03,Ansys Mechanical Enterprise Solver,1,0.09,2.3,AEC,tutley
2025-06-27 18:41:32,2025-06-27 18:41:34,Ansys Mechanical Enterprise Solver,1,0.01,0.1,AEC,tutley
2025-06-27 18:27:59,2025-06-27 18:33:05,Ansys Mechanical Enterprise Solver,1,0.08,2.1,AEC,tutley
2025-06-27 18:24:52,2025-06-27 18:25:18,Ansys Mechanical Enterprise PrepPost,1,0.01,0.1,AEC,tutley
2025-06-27 18:41:18,2025-06-27 18:41:27,Ansys Mechanical Enterprise Solver,1,0.01,0.1,AEC,tutley
2025-06-27 18:08:40,2025-06-27 18:12:58,Ansys Mechanical Enterprise Solver,1,0.07,1.8,AEC,tutley
2025-06-27 18:27:35,2025-06-27 18:27:55,Ansys Mechanical Enterprise Solver,1,0.01,0.1,AEC,tutley
2025-06-27 18:22:01,2025-06-27 18:24:19,Ansys Discovery Simulation,1,0.04,0.6,AEC,tutley
2025-06-27 18:53:26,2025-06-27 18:54:16,Ansys Discovery Simulation,1,0.01,0.2,AEC,tutley
2025-06-29 22:16:56,2025-06-29 22:24:04,Ansys Mechanical Enterprise PrepPost,1,0.12,1.5,AEC,sgutteridge
2025-06-29 19:46:58,2025-06-29 21:08:23,Ansys Mechanical Enterprise PrepPost,1,1.36,17.6,AEC,sgutteridge
2025-06-29 22:24:11,2025-06-29 22:31:14,Ansys Mechanical Enterprise PrepPost,1,0.12,1.5,AEC,sgutteridge
2025-06-29 22:04:35,2025-06-29 22:11:31,Ansys Mechanical Enterprise PrepPost,1,0.12,1.5,AEC,sgutteridge
2025-06-29 23:02:39,2025-06-29 23:05:50,Ansys Mechanical Enterprise PrepPost,1,0.05,0.7,AEC,sgutteridge
2025-06-29 21:56:21,2025-06-29 21:57:06,Ansys Mechanical Enterprise PrepPost,1,0.01,0.2,AEC,sgutteridge
2025-06-29 23:06:26,2025-06-29 23:20:25,Ansys Mechanical Enterprise PrepPost,1,0.23,3.0,AEC,sgutteridge
2025-06-29 21:57:14,2025-06-29 22:04:28,Ansys Mechanical Enterprise PrepPost,1,0.12,1.6,AEC,sgutteridge
2025-06-29 21:19:19,2025-06-29 21:51:46,Ansys Mechanical Enterprise PrepPost,1,0.54,7.0,AEC,sgutteridge
2025-06-29 23:47:23,2025-06-29 23:48:26,Ansys Mechanical Enterprise PrepPost,1,0.02,0.2,AEC,sgutteridge
2025-06-29 23:51:26,2025-06-29 23:54:53,Ansys Mechanical Enterprise PrepPost,1,0.06,0.7,AEC,sgutteridge
2025-06-29 23:55:24,2025-06-30 00:09:14,Ansys Mechanical Enterprise PrepPost,1,0.23,3.0,AEC,sgutteridge
2025-06-29 23:43:17,2025-06-29 23:47:01,Ansys Mechanical Enterprise PrepPost,1,0.06,0.8,AEC,sgutteridge
2025-06-29 23:50:19,2025-06-29 23:51:18,Ansys Mechanical Enterprise PrepPost,1,0.02,0.2,AEC,sgutteridge
2025-06-30 00:09:19,2025-06-30 00:15:57,Ansys Mechanical Enterprise PrepPost,1,0.11,1.4,AEC,sgutteridge
2025-06-29 23:06:47,2025-06-29 23:13:20,Ansys Mechanical Enterprise Solver,1,0.11,2.7,AEC,sgutteridge
2025-06-30 00:02:42,2025-06-30 00:08:59,Ansys Mechanical Enterprise Solver,1,0.1,2.6,AEC,sgutteridge
2025-06-29 22:24:32,2025-06-29 22:30:59,Ansys Mechanical Enterprise Solver,1,0.11,2.7,AEC,sgutteridge
2025-06-30 00:09:40,2025-06-30 00:15:41,Ansys Mechanical Enterprise Solver,1,0.1,2.5,AEC,sgutteridge
2025-06-29 20:44:51,2025-06-29 20:51:23,Ansys Mechanical Enterprise Solver,1,0.11,2.7,AEC,sgutteridge
2025-06-29 20:39:54,2025-06-29 20:42:18,Ansys Mechanical Enterprise Solver,1,0.04,1.0,AEC,sgutteridge
2025-06-29 22:04:57,2025-06-29 22:11:16,Ansys Mechanical Enterprise Solver,1,0.11,2.6,AEC,sgutteridge
2025-06-29 23:13:50,2025-06-29 23:20:09,Ansys Mechanical Enterprise Solver,1,0.11,2.6,AEC,sgutteridge
2025-06-29 23:55:43,2025-06-30 00:02:13,Ansys Mechanical Enterprise Solver,1,0.11,2.7,AEC,sgutteridge
2025-06-29 20:03:46,2025-06-29 20:05:16,Ansys Mechanical Enterprise Solver,1,0.02,0.6,AEC,sgutteridge
2025-06-29 22:17:19,2025-06-29 22:23:48,Ansys Mechanical Enterprise Solver,1,0.11,2.7,AEC,sgutteridge
2025-06-29 21:57:38,2025-06-29 22:04:13,Ansys Mechanical Enterprise Solver,1,0.11,2.7,AEC,sgutteridge
2025-06-29 20:25:08,2025-06-29 20:30:08,Ansys Mechanical Enterprise Solver,1,0.08,2.1,AEC,sgutteridge
2025-06-30 10:40:44,2025-06-30 10:41:03,Ansys Geometry Interface for SolidWorks,1,0.01,0.1,AEC,sgutteridge
2025-06-30 10:57:56,2025-06-30 10:58:01,Ansys Geometry Interface for SolidWorks,1,0.01,0.1,AEC,sgutteridge
2025-06-30 11:19:14,2025-06-30 11:26:27,Ansys Mechanical Enterprise PrepPost,1,0.12,1.6,AEC,sgutteridge
2025-06-30 10:47:19,2025-06-30 10:54:26,Ansys Mechanical Enterprise Solver,1,0.12,3.0,AEC,sgutteridge
2025-06-30 10:59:55,2025-06-30 11:06:37,Ansys Mechanical Enterprise Solver,1,0.11,2.8,AEC,sgutteridge
2025-06-30 11:12:15,2025-06-30 11:18:53,Ansys Mechanical Enterprise Solver,1,0.11,2.8,AEC,sgutteridge
2025-06-30 11:11:54,2025-06-30 11:19:08,Ansys Mechanical Enterprise PrepPost,1,0.12,1.6,AEC,sgutteridge
2025-06-30 10:38:00,2025-06-30 11:11:38,Ansys Mechanical Enterprise PrepPost,1,0.56,7.3,AEC,sgutteridge
2025-06-30 11:19:34,2025-06-30 11:26:11,Ansys Mechanical Enterprise Solver,1,0.11,2.8,AEC,sgutteridge
2025-06-30 13:13:04,2025-06-30 13:15:40,Ansys Mechanical Enterprise PrepPost,1,0.04,0.6,AEC,sgutteridge
2025-06-30 18:03:21,2025-06-30 18:03:54,Ansys Discovery Simulation,1,0.01,0.1,AEC,tutley
2025-06-30 17:48:43,2025-06-30 18:02:48,Ansys Discovery Simulation,1,0.23,3.8,AEC,tutley
2025-06-30 18:05:31,2025-06-30 18:06:01,Ansys Discovery Simulation,1,0.01,0.1,AEC,tutley
2025-06-30 18:04:36,2025-06-30 18:05:20,Ansys Discovery Simulation,1,0.01,0.2,AEC,tutley
2025-06-30 18:09:28,2025-06-30 18:14:11,Ansys Mechanical Enterprise Solver,1,0.08,2.0,AEC,tutley
2025-06-30 18:15:11,2025-06-30 18:15:30,Ansys Mechanical Enterprise Solver,1,0.01,0.1,AEC,tutley
2025-06-30 18:15:54,2025-06-30 18:22:23,Ansys Mechanical Enterprise Solver,1,0.11,2.7,AEC,tutley
2025-06-30 18:41:25,2025-06-30 18:42:00,Ansys Mechanical Enterprise Solver,1,0.01,0.2,AEC,tutley
2025-06-30 18:52:57,2025-06-30 19:02:03,Ansys Mechanical Enterprise Solver,1,0.15,3.8,AEC,tutley
2025-06-30 18:03:02,2025-06-30 19:07:41,Ansys Mechanical Enterprise PrepPost,1,1.08,14.0,AEC,tutley
2025-06-30 19:07:41,2025-06-30 19:13:44,Ansys Mechanical Enterprise PrepPost,1,0.1,1.3,AEC,tutley
2025-06-30 18:07:48,2025-06-30 19:13:46,Ansys GRANTA Materials Data for Simulation,1,1.1,35.2,AEC,tutley
2025-06-30 18:29:06,2025-06-30 18:39:32,Ansys Mechanical Enterprise Solver,1,0.17,4.3,AEC,tutley
2025-06-30 18:42:04,2025-06-30 18:51:05,Ansys Mechanical Enterprise Solver,1,0.15,3.8,AEC,tutley
2025-06-30 19:06:34,2025-06-30 19:06:53,Ansys Mechanical Enterprise Solver,1,0.01,0.1,AEC,tutley
2025-06-30 18:52:18,2025-06-30 18:52:53,Ansys Mechanical Enterprise Solver,1,0.01,0.2,AEC,tutley
2025-06-30 19:07:41,2025-06-30 19:11:49,Ansys Mechanical Enterprise Solver,1,0.07,1.7,AEC,tutley
2025-06-30 18:24:01,2025-06-30 18:24:21,Ansys Mechanical Enterprise Solver,1,0.01,0.1,AEC,tutley
2025-06-30 18:08:43,2025-06-30 18:09:07,Ansys Mechanical Enterprise Solver,1,0.01,0.2,AEC,tutley
2025-06-30 18:26:41,2025-06-30 18:26:57,Ansys Mechanical Enterprise Solver,1,0.01,0.1,AEC,tutley
2025-06-30 18:28:02,2025-06-30 18:28:37,Ansys Mechanical Enterprise Solver,1,0.01,0.2,AEC,tutley
2025-06-30 19:14:11,2025-06-30 19:22:15,Ansys Discovery Simulation,1,0.13,2.2,AEC,tutley
2025-07-01 12:43:56,2025-07-01 12:52:10,Ansys Discovery Simulation,1,0.14,2.2,AEC,tutley
2025-07-01 13:04:10,2025-07-01 13:49:42,Ansys Mechanical Enterprise PrepPost,1,0.76,9.9,AEC,tutley
2025-07-01 13:00:02,2025-07-01 13:00:39,Ansys Mechanical Enterprise PrepPost,1,0.01,0.1,AEC,tutley
2025-07-01 12:05:42,2025-07-01 12:58:42,Ansys Mechanical Enterprise PrepPost,1,0.88,11.5,AEC,tutley
2025-07-01 13:02:19,2025-07-01 13:02:39,Ansys Mechanical Enterprise PrepPost,1,0.01,0.1,AEC,tutley
2025-07-01 12:16:02,2025-07-01 12:16:22,Ansys Mechanical Enterprise Solver,1,0.01,0.1,AEC,tutley
2025-07-01 12:07:44,2025-07-01 12:11:45,Ansys Mechanical Enterprise Solver,1,0.07,1.7,AEC,tutley
2025-07-01 12:16:25,2025-07-01 12:20:30,Ansys Mechanical Enterprise Solver,1,0.07,1.7,AEC,tutley
2025-07-01 13:08:51,2025-07-01 13:10:07,Ansys Mechanical Enterprise Solver,1,0.02,0.5,AEC,tutley
2025-07-01 13:10:39,2025-07-01 13:10:45,Ansys Mechanical Enterprise Solver,1,0.01,0.1,AEC,tutley
2025-07-01 12:32:59,2025-07-01 12:33:22,Ansys Mechanical Enterprise Solver,1,0.01,0.2,AEC,tutley
2025-07-01 12:33:26,2025-07-01 12:38:05,Ansys Mechanical Enterprise Solver,1,0.08,1.9,AEC,tutley
2025-07-01 13:17:29,2025-07-01 13:17:34,Ansys Mechanical Enterprise Solver,1,0.01,0.1,AEC,tutley
2025-07-01 13:13:19,2025-07-01 13:13:38,Ansys Mechanical Enterprise Solver,1,0.01,0.1,AEC,tutley
2025-07-01 13:25:56,2025-07-01 13:27:18,Ansys Mechanical Enterprise Solver,1,0.02,0.6,AEC,tutley
2025-07-01 12:07:19,2025-07-01 12:07:40,Ansys Mechanical Enterprise Solver,1,0.01,0.2,AEC,tutley
2025-07-01 13:16:16,2025-07-01 13:17:25,Ansys Mechanical Enterprise Solver,1,0.02,0.5,AEC,tutley
2025-07-01 13:27:22,2025-07-01 13:48:22,Ansys Mechanical Enterprise Solver,1,0.35,8.8,AEC,tutley
2025-07-01 13:22:15,2025-07-01 13:23:31,Ansys Mechanical Enterprise Solver,1,0.02,0.5,AEC,tutley
2025-07-01 13:23:49,2025-07-01 13:25:14,Ansys Mechanical Enterprise Solver,1,0.02,0.6,AEC,tutley
2025-07-01 14:26:57,2025-07-01 14:37:49,Ansys Mechanical Enterprise PrepPost,1,0.18,2.4,AEC,tutley
2025-07-01 13:53:06,2025-07-01 14:05:13,Ansys Mechanical Enterprise PrepPost,1,0.2,2.6,AEC,tutley
2025-07-01 14:05:20,2025-07-01 14:26:57,Ansys Mechanical Enterprise PrepPost,1,0.36,4.7,AEC,tutley
2025-07-01 14:02:10,2025-07-01 15:06:24,Ansys Zemax OpticStudio Enterprise,1,1.07,20.3,AEC,tutley
2025-07-01 14:14:20,2025-07-01 14:26:57,Ansys HPC,14,0.21,6.5,AEC,tutley
2025-07-01 14:12:16,2025-07-01 14:13:53,Ansys Mechanical Enterprise Solver,1,0.03,0.7,AEC,tutley
2025-07-01 14:12:38,2025-07-01 14:13:51,Ansys HPC,14,0.02,0.6,AEC,tutley
2025-07-01 14:14:00,2025-07-01 14:27:31,Ansys Mechanical Enterprise Solver,1,0.23,5.6,AEC,tutley
2025-07-01 15:19:21,2025-07-01 15:29:58,Ansys Zemax OpticStudio Enterprise,1,0.18,3.4,AEC,tutley
2025-07-01 15:31:22,2025-07-01 15:32:24,Ansys HPC,14,0.02,0.5,AEC,tutley
2025-07-01 15:31:07,2025-07-01 15:32:27,Ansys Mechanical Enterprise Solver,1,0.02,0.6,AEC,tutley
2025-07-01 15:30:35,2025-07-01 16:00:00,Ansys Mechanical Enterprise PrepPost,1,0.49,6.4,AEC,tutley
2025-07-01 15:32:55,2025-07-01 15:44:53,Ansys HPC,14,0.2,6.2,AEC,tutley
2025-07-01 15:32:34,2025-07-01 15:45:24,Ansys Mechanical Enterprise Solver,1,0.21,5.3,AEC,tutley
2025-07-01 15:51:51,2025-07-01 15:58:25,Ansys Zemax OpticStudio Enterprise,1,0.11,2.1,AEC,tutley
2025-07-01 18:02:21,2025-07-01 18:06:29,Ansys Zemax OpticStudio Enterprise,1,0.07,1.3,AEC,tutley
2025-07-01 18:18:30,2025-07-01 18:38:49,Ansys Mechanical Enterprise Solver,1,0.34,8.5,AEC,tutley
2025-07-01 18:16:49,2025-07-01 18:18:19,Ansys HPC,14,0.03,0.8,AEC,tutley
2025-07-01 18:18:52,2025-07-01 18:38:12,Ansys HPC,14,0.32,10.0,AEC,tutley
2025-07-01 18:16:27,2025-07-01 18:18:23,Ansys Mechanical Enterprise Solver,1,0.03,0.8,AEC,tutley
2025-07-01 18:09:59,2025-07-01 18:44:39,Ansys Zemax OpticStudio Enterprise,1,0.58,11.0,AEC,tutley
2025-07-01 18:13:50,2025-07-01 18:41:44,Ansys Mechanical Enterprise PrepPost,1,0.47,6.0,AEC,tutley
2025-07-01 19:19:58,2025-07-01 19:34:51,Ansys Zemax OpticStudio Enterprise,1,0.25,4.7,AEC,tutley
2025-07-02 11:41:24,2025-07-02 11:55:36,Ansys Zemax OpticStudio Enterprise,1,0.24,4.5,AEC,tutley
2025-07-08 12:58:42,2025-07-08 13:04:46,Ansys Mechanical Enterprise PrepPost,1,0.1,1.3,AEC,sgutteridge
2025-07-11 17:47:20,2025-07-11 17:57:58,Ansys Discovery Simulation,1,0.18,2.8,AEC,tutley
2025-07-11 18:00:56,2025-07-11 18:01:26,Ansys Mechanical Enterprise Solver,1,0.01,0.2,AEC,tutley
2025-07-11 18:03:40,2025-07-11 18:07:25,Ansys HPC,14,0.06,1.9,AEC,tutley
2025-07-11 17:41:02,2025-07-11 17:44:42,Ansys Mechanical Enterprise Solver,1,0.06,1.5,AEC,tutley
2025-07-11 17:38:52,2025-07-11 17:39:34,Ansys Mechanical Enterprise Solver,1,0.01,0.3,AEC,tutley
2025-07-11 17:30:52,2025-07-11 17:34:49,Ansys Mechanical Enterprise PrepPost,1,0.07,0.9,AEC,tutley
2025-07-11 18:11:46,2025-07-11 18:15:09,Ansys HPC,14,0.06,1.7,AEC,tutley
2025-07-11 18:10:46,2025-07-11 18:10:59,Ansys HPC,14,0.01,0.1,AEC,tutley
2025-07-11 18:19:58,2025-07-11 18:20:10,Ansys HPC,14,0.01,0.1,AEC,tutley
2025-07-11 18:03:26,2025-07-11 18:07:30,Ansys Mechanical Enterprise Solver,1,0.07,1.7,AEC,tutley
2025-07-11 18:10:34,2025-07-11 18:11:02,Ansys Mechanical Enterprise Solver,1,0.01,0.2,AEC,tutley
2025-07-11 18:21:36,2025-07-11 18:24:53,Ansys HPC,14,0.05,1.7,AEC,tutley
2025-07-11 18:21:20,2025-07-11 18:24:58,Ansys Mechanical Enterprise Solver,1,0.06,1.5,AEC,tutley
2025-07-11 17:39:07,2025-07-11 17:39:31,Ansys HPC,14,0.01,0.2,AEC,tutley
2025-07-11 17:58:22,2025-07-11 17:58:51,Ansys Discovery Simulation,1,0.01,0.1,AEC,tutley
2025-07-11 17:18:45,2025-07-11 17:19:27,Ansys Mechanical Enterprise PrepPost,1,0.01,0.2,AEC,tutley
2025-07-11 18:11:31,2025-07-11 18:15:14,Ansys Mechanical Enterprise Solver,1,0.06,1.6,AEC,tutley
2025-07-11 17:41:18,2025-07-11 17:44:37,Ansys HPC,14,0.06,1.7,AEC,tutley
2025-07-11 17:38:18,2025-07-11 17:38:29,Ansys Mechanical Enterprise Solver,1,0.01,0.1,AEC,tutley
2025-07-11 17:31:05,2025-07-11 17:31:36,Ansys Discovery Simulation,1,0.01,0.1,AEC,tutley
2025-07-11 18:01:09,2025-07-11 18:01:23,Ansys HPC,14,0.01,0.1,AEC,tutley
2025-07-11 17:58:06,2025-07-11 18:28:37,Ansys Mechanical Enterprise PrepPost,1,0.51,6.6,AEC,tutley
2025-07-11 17:19:44,2025-07-11 17:30:33,Ansys Discovery Simulation,1,0.18,2.9,AEC,tutley
2025-07-11 18:19:46,2025-07-11 18:20:12,Ansys Mechanical Enterprise Solver,1,0.01,0.2,AEC,tutley
2025-07-11 17:34:55,2025-07-11 17:47:16,Ansys Mechanical Enterprise PrepPost,1,0.21,2.7,AEC,tutley
2025-07-11 18:30:07,2025-07-11 18:30:30,Ansys Discovery Simulation,1,0.01,0.1,AEC,tutley
2025-07-11 18:29:23,2025-07-11 18:33:57,Ansys Discovery Simulation,1,0.08,1.2,AEC,tutley
2025-07-14 21:06:38,2025-07-14 21:13:21,Ansys Discovery Simulation,1,0.11,1.8,AEC,tutley
2025-07-14 21:15:20,2025-07-14 21:16:15,Ansys Discovery Simulation,1,0.02,0.2,AEC,tutley
2025-07-14 21:15:06,2025-07-14 21:17:51,Ansys Mechanical Enterprise PrepPost,1,0.05,0.6,AEC,tutley
2025-07-14 21:16:51,2025-07-14 21:17:53,Ansys GRANTA Materials Data for Simulation,1,0.02,0.5,AEC,tutley
2025-07-14 21:20:50,2025-07-14 21:21:10,Ansys Discovery Simulation,1,0.01,0.1,AEC,tutley
2025-07-14 21:21:49,2025-07-14 21:22:15,Ansys Discovery Simulation,1,0.01,0.1,AEC,tutley
2025-07-14 21:20:25,2025-07-14 21:22:31,Ansys Mechanical Enterprise PrepPost,1,0.03,0.5,AEC,tutley
2025-07-14 21:44:35,2025-07-14 21:45:13,Ansys Discovery Simulation,1,0.01,0.2,AEC,tutley
2025-07-14 21:29:15,2025-07-14 21:29:46,Ansys Discovery Simulation,1,0.01,0.1,AEC,tutley
2025-07-14 21:25:03,2025-07-14 21:25:40,Ansys Discovery Simulation,1,0.01,0.2,AEC,tutley
2025-07-14 21:33:58,2025-07-14 21:38:24,Ansys Discovery Simulation,1,0.07,1.2,AEC,tutley
2025-07-14 21:38:30,2025-07-14 21:40:55,Ansys Discovery Simulation,1,0.04,0.6,AEC,tutley
2025-07-14 21:30:47,2025-07-14 21:31:39,Ansys Discovery Simulation,1,0.01,0.2,AEC,tutley
2025-07-14 21:26:23,2025-07-14 21:28:04,Ansys Discovery Simulation,1,0.03,0.4,AEC,tutley
2025-07-14 21:27:00,2025-07-14 21:30:46,Ansys Discovery Simulation,1,0.06,1.0,AEC,tutley
2025-07-14 21:41:39,2025-07-14 21:44:05,Ansys Discovery Simulation,1,0.04,0.6,AEC,tutley
2025-07-14 22:04:56,2025-07-14 22:05:31,Ansys Mechanical Enterprise Solver,1,0.01,0.2,AEC,tutley
2025-07-14 21:30:34,2025-07-14 21:41:05,Ansys Mechanical Enterprise PrepPost,1,0.18,2.3,AEC,tutley
2025-07-14 22:00:49,2025-07-14 22:01:00,Ansys HPC,14,0.01,0.1,AEC,tutley
2025-07-14 21:55:28,2025-07-14 21:56:38,Ansys Mechanical Enterprise Solver,1,0.02,0.5,AEC,tutley
2025-07-14 21:45:22,2025-07-14 22:07:57,Ansys GRANTA Materials Data for Simulation,1,0.38,12.0,AEC,tutley
2025-07-14 21:51:51,2025-07-14 21:52:50,Ansys HPC,14,0.02,0.5,AEC,tutley
2025-07-14 22:01:28,2025-07-14 22:02:28,Ansys HPC,14,0.02,0.5,AEC,tutley
2025-07-14 21:44:23,2025-07-14 22:07:55,Ansys Mechanical Enterprise PrepPost,1,0.39,5.1,AEC,tutley
2025-07-14 21:55:02,2025-07-14 21:55:15,Ansys HPC,14,0.01,0.1,AEC,tutley
2025-07-14 22:00:35,2025-07-14 22:01:03,Ansys Mechanical Enterprise Solver,1,0.01,0.2,AEC,tutley
2025-07-14 21:57:45,2025-07-14 21:59:05,Ansys HPC,14,0.02,0.7,AEC,tutley
2025-07-14 21:56:54,2025-07-14 21:57:21,Ansys Mechanical Enterprise Solver,1,0.01,0.2,AEC,tutley
2025-07-14 22:05:40,2025-07-14 22:06:58,Ansys Mechanical Enterprise Solver,1,0.02,0.5,AEC,tutley
2025-07-14 21:48:58,2025-07-14 21:49:38,Ansys Mechanical Enterprise Solver,1,0.01,0.3,AEC,tutley
2025-07-14 21:24:50,2025-07-14 21:26:14,Ansys Mechanical Enterprise PrepPost,1,0.02,0.3,AEC,tutley
2025-07-14 22:05:10,2025-07-14 22:05:27,Ansys HPC,14,0.01,0.1,AEC,tutley
2025-07-14 21:54:50,2025-07-14 21:55:19,Ansys Mechanical Enterprise Solver,1,0.01,0.2,AEC,tutley
2025-07-14 21:29:02,2025-07-14 21:30:12,Ansys Mechanical Enterprise PrepPost,1,0.02,0.3,AEC,tutley
2025-07-14 22:01:13,2025-07-14 22:02:33,Ansys Mechanical Enterprise Solver,1,0.02,0.6,AEC,tutley
2025-07-14 21:51:36,2025-07-14 21:52:53,Ansys Mechanical Enterprise Solver,1,0.02,0.5,AEC,tutley
2025-07-14 21:55:45,2025-07-14 21:56:35,Ansys HPC,14,0.01,0.4,AEC,tutley
2025-07-14 22:05:55,2025-07-14 22:06:53,Ansys HPC,14,0.02,0.5,AEC,tutley
2025-07-14 21:31:54,2025-07-14 21:41:06,Ansys GRANTA Materials Data for Simulation,1,0.15,4.9,AEC,tutley
2025-07-14 21:57:06,2025-07-14 21:57:18,Ansys HPC,14,0.01,0.1,AEC,tutley
2025-07-14 21:57:30,2025-07-14 21:59:11,Ansys Mechanical Enterprise Solver,1,0.03,0.7,AEC,tutley
2025-07-14 21:49:12,2025-07-14 21:49:35,Ansys HPC,14,0.01,0.2,AEC,tutley
2025-07-14 22:08:49,2025-07-14 22:14:32,Ansys Discovery Simulation,1,0.1,1.5,AEC,tutley
2025-07-14 22:14:52,2025-07-14 22:25:38,Ansys Discovery Simulation,1,0.18,2.9,AEC,tutley
2025-07-14 22:21:25,2025-07-14 22:22:22,Ansys Mechanical Enterprise PrepPost,1,0.02,0.2,AEC,tutley
2025-07-14 22:25:15,2025-07-14 22:26:02,Ansys Mechanical Enterprise PrepPost,1,0.01,0.2,AEC,tutley
2025-07-15 15:44:58,2025-07-15 15:45:32,Ansys Mechanical Enterprise Solver,1,0.01,0.2,AEC,tutley
2025-07-15 15:51:41,2025-07-15 15:54:12,Ansys Mechanical Enterprise Solver,1,0.04,1.0,AEC,tutley
2025-07-15 15:45:39,2025-07-15 15:48:33,Ansys Mechanical Enterprise Solver,1,0.05,1.2,AEC,tutley
2025-07-15 15:45:55,2025-07-15 15:48:28,Ansys HPC,14,0.04,1.3,AEC,tutley
2025-07-15 15:43:45,2025-07-15 16:07:24,Ansys Mechanical Enterprise PrepPost,1,0.39,5.1,AEC,tutley
2025-07-15 15:44:35,2025-07-15 16:07:25,Ansys GRANTA Materials Data for Simulation,1,0.38,12.2,AEC,tutley
2025-07-15 15:51:07,2025-07-15 15:51:34,Ansys Mechanical Enterprise Solver,1,0.01,0.2,AEC,tutley
2025-07-15 15:56:55,2025-07-15 15:59:03,Ansys HPC,14,0.04,1.1,AEC,tutley
2025-07-15 15:45:14,2025-07-15 15:45:29,Ansys HPC,14,0.01,0.1,AEC,tutley
2025-07-15 15:56:17,2025-07-15 15:56:29,Ansys HPC,14,0.01,0.1,AEC,tutley
2025-07-15 15:56:39,2025-07-15 15:59:08,Ansys Mechanical Enterprise Solver,1,0.04,1.0,AEC,tutley
2025-07-15 15:56:05,2025-07-15 15:56:32,Ansys Mechanical Enterprise Solver,1,0.01,0.2,AEC,tutley
2025-07-15 15:51:20,2025-07-15 15:51:31,Ansys HPC,14,0.01,0.1,AEC,tutley
2025-07-15 15:51:57,2025-07-15 15:54:09,Ansys HPC,14,0.04,1.1,AEC,tutley
2025-07-15 16:00:18,2025-07-15 16:03:50,Ansys Discovery Simulation,1,0.06,0.9,AEC,tutley
2025-07-15 21:08:12,2025-07-15 21:52:13,Ansys Mechanical Enterprise PrepPost,1,0.73,9.5,AEC,tutley
2025-07-15 21:14:30,2025-07-15 21:29:08,Ansys Discovery Simulation,1,0.24,3.9,AEC,tutley
2025-07-15 21:29:34,2025-07-15 21:30:32,Ansys Discovery Simulation,1,0.02,0.3,AEC,tutley
2025-07-15 21:31:00,2025-07-15 21:52:15,Ansys GRANTA Materials Data for Simulation,1,0.35,11.3,AEC,tutley
2025-07-15 21:37:13,2025-07-15 21:39:05,Ansys Mechanical Enterprise Solver,1,0.03,0.8,AEC,tutley
2025-07-15 21:09:28,2025-07-15 21:10:49,Ansys Mechanical Enterprise Solver,1,0.02,0.6,AEC,tutley
2025-07-15 21:09:02,2025-07-15 21:09:15,Ansys HPC,14,0.01,0.1,AEC,tutley
2025-07-15 21:48:10,2025-07-15 21:50:45,Ansys Mechanical Enterprise Solver,1,0.04,1.1,AEC,tutley
2025-07-15 21:08:47,2025-07-15 21:09:18,Ansys Mechanical Enterprise Solver,1,0.01,0.2,AEC,tutley
2025-07-15 21:47:22,2025-07-15 21:47:59,Ansys Mechanical Enterprise Solver,1,0.01,0.3,AEC,tutley
2025-07-15 21:41:42,2025-07-15 21:46:08,Ansys Mechanical Enterprise Solver,1,0.07,1.8,AEC,tutley
2025-07-15 21:35:21,2025-07-15 21:35:42,Ansys HPC,14,0.01,0.2,AEC,tutley
2025-07-15 21:41:17,2025-07-15 21:41:30,Ansys HPC,14,0.01,0.1,AEC,tutley
2025-07-15 21:35:05,2025-07-15 21:35:45,Ansys Mechanical Enterprise Solver,1,0.01,0.3,AEC,tutley
2025-07-15 21:41:58,2025-07-15 21:46:04,Ansys HPC,14,0.07,2.1,AEC,tutley
2025-07-15 21:48:30,2025-07-15 21:50:41,Ansys HPC,14,0.04,1.1,AEC,tutley
2025-07-15 21:37:28,2025-07-15 21:39:02,Ansys HPC,14,0.03,0.8,AEC,tutley
2025-07-15 21:09:43,2025-07-15 21:10:44,Ansys HPC,14,0.02,0.5,AEC,tutley
2025-07-15 21:41:04,2025-07-15 21:41:32,Ansys Mechanical Enterprise Solver,1,0.01,0.2,AEC,tutley
2025-07-15 21:47:37,2025-07-15 21:47:56,Ansys HPC,14,0.01,0.2,AEC,tutley
2025-07-15 21:52:39,2025-07-15 21:57:31,Ansys Discovery Simulation,1,0.08,1.3,AEC,tutley
2025-07-15 20:55:09,2025-07-15 21:55:09,Ansys Mechanical Enterprise PrepPost,1,1.0,13.0,AEC,tutley
2025-07-16 14:36:14,2025-07-16 14:36:55,Ansys Geometry Interface for SolidWorks,1,0.01,0.1,AEC,sgutteridge
2025-07-16 14:26:25,2025-07-16 14:28:01,Ansys BladeModeler,1,0.03,0.1,AEC,sgutteridge
2025-07-16 14:26:22,2025-07-16 14:28:04,Ansys Discovery Simulation,1,0.03,0.5,AEC,sgutteridge
2025-07-16 14:34:48,2025-07-16 14:38:47,Ansys BladeModeler,1,0.07,0.1,AEC,sgutteridge
2025-07-16 14:38:58,2025-07-16 14:41:15,Ansys Discovery Simulation,1,0.04,0.6,AEC,sgutteridge
2025-07-16 14:42:36,2025-07-16 14:42:45,Ansys BladeModeler,1,0.01,0.1,AEC,sgutteridge
2025-07-16 14:42:33,2025-07-16 14:42:45,Ansys Discovery Simulation,1,0.01,0.1,AEC,sgutteridge
2025-07-16 14:34:45,2025-07-16 14:38:50,Ansys Discovery Simulation,1,0.07,1.1,AEC,sgutteridge
2025-07-16 14:39:01,2025-07-16 14:41:13,Ansys BladeModeler,1,0.04,0.1,AEC,sgutteridge
2025-07-16 14:42:01,2025-07-16 14:53:49,Ansys CFD PrepPost,1,0.2,2.6,AEC,sgutteridge
2025-07-16 14:45:38,2025-07-16 14:49:45,Ansys Discovery Simulation,1,0.07,1.1,AEC,tutley
2025-07-16 14:59:22,2025-07-16 15:00:00,Ansys Discovery Simulation,1,0.01,0.2,AEC,tutley
2025-07-16 14:51:56,2025-07-16 14:55:28,Ansys Discovery Simulation,1,0.06,0.9,AEC,tutley
2025-07-16 14:55:35,2025-07-16 14:56:03,Ansys Discovery Simulation,1,0.01,0.1,AEC,tutley
2025-07-16 14:58:07,2025-07-16 14:59:09,Ansys Discovery Simulation,1,0.02,0.3,AEC,tutley
2025-07-16 14:50:30,2025-07-16 14:51:15,Ansys Discovery Simulation,1,0.01,0.2,AEC,tutley
2025-07-16 15:10:39,2025-07-16 15:23:17,Ansys Mechanical Enterprise PrepPost,1,0.21,2.7,AEC,tutley
2025-07-16 14:50:09,2025-07-16 15:10:24,Ansys Mechanical Enterprise PrepPost,1,0.34,4.4,AEC,tutley
2025-07-16 14:53:37,2025-07-16 14:53:42,Ansys CFD Enterprise Solver,1,0.01,0.1,AEC,sgutteridge
2025-07-16 14:53:52,2025-07-16 14:56:31,Ansys CFD Enterprise Solver,1,0.04,1.1,AEC,sgutteridge
2025-07-16 15:12:25,2025-07-16 15:12:56,Ansys Mechanical Enterprise Solver,1,0.01,0.2,AEC,tutley
2025-07-16 15:00:21,2025-07-16 15:00:52,Ansys Mechanical Enterprise Solver,1,0.01,0.2,AEC,tutley
2025-07-16 14:56:27,2025-07-16 14:57:00,Ansys Mechanical Enterprise Solver,1,0.01,0.2,AEC,tutley
2025-07-16 15:18:21,2025-07-16 15:21:44,Ansys Mechanical Enterprise Solver,1,0.06,1.4,AEC,tutley
2025-07-16 15:06:47,2025-07-16 15:10:24,Ansys Mechanical Enterprise Solver,1,0.06,1.5,AEC,tutley
2025-07-16 14:57:15,2025-07-16 14:57:55,Ansys Mechanical Enterprise Solver,1,0.01,0.3,AEC,tutley
2025-07-16 15:13:06,2025-07-16 15:15:56,Ansys Mechanical Enterprise Solver,1,0.05,1.2,AEC,tutley
2025-07-16 14:56:42,2025-07-16 14:56:57,Ansys HPC,14,0.01,0.1,AEC,tutley
2025-07-16 15:01:07,2025-07-16 15:02:30,Ansys Mechanical Enterprise Solver,1,0.02,0.6,AEC,tutley
2025-07-16 15:06:10,2025-07-16 15:06:37,Ansys Mechanical Enterprise Solver,1,0.01,0.2,AEC,tutley
2025-07-16 15:17:24,2025-07-16 15:18:11,Ansys Mechanical Enterprise Solver,1,0.01,0.3,AEC,tutley
2025-07-16 14:57:30,2025-07-16 14:57:52,Ansys HPC,14,0.01,0.2,AEC,tutley
2025-07-16 15:11:42,2025-07-16 15:11:51,Ansys Mechanical Enterprise Solver,1,0.01,0.1,AEC,tutley
2025-07-16 15:01:21,2025-07-16 15:02:26,Ansys HPC,14,0.02,0.6,AEC,tutley
2025-07-16 15:00:36,2025-07-16 15:00:49,Ansys HPC,14,0.01,0.1,AEC,tutley
2025-07-16 15:12:39,2025-07-16 15:12:53,Ansys HPC,14,0.01,0.1,AEC,tutley
2025-07-16 15:06:22,2025-07-16 15:06:35,Ansys HPC,14,0.01,0.1,AEC,tutley
2025-07-16 15:07:07,2025-07-16 15:08:43,Ansys HPC,14,0.03,0.8,AEC,tutley
2025-07-16 15:13:23,2025-07-16 15:15:51,Ansys HPC,14,0.04,1.3,AEC,tutley
2025-07-16 15:18:40,2025-07-16 15:21:40,Ansys HPC,14,0.05,1.6,AEC,tutley
2025-07-16 15:17:41,2025-07-16 15:18:08,Ansys HPC,14,0.01,0.2,AEC,tutley
2025-07-16 15:23:47,2025-07-16 15:30:14,Ansys Discovery Simulation,1,0.11,1.7,AEC,tutley
2025-07-16 15:37:44,2025-07-16 15:39:26,Ansys Discovery Simulation,1,0.03,0.5,AEC,sgutteridge
2025-07-16 15:37:46,2025-07-16 15:39:24,Ansys BladeModeler,1,0.03,0.1,AEC,sgutteridge
2025-07-16 15:42:27,2025-07-16 15:42:38,Ansys Discovery Simulation,1,0.01,0.1,AEC,sgutteridge
2025-07-16 15:42:30,2025-07-16 15:42:38,Ansys BladeModeler,1,0.01,0.1,AEC,sgutteridge
2025-07-16 15:38:07,2025-07-16 15:38:51,Ansys Geometry Interface for SolidWorks,1,0.01,0.1,AEC,sgutteridge
2025-07-16 15:40:08,2025-07-16 15:41:19,Ansys Discovery Simulation,1,0.02,0.3,AEC,sgutteridge
2025-07-16 15:40:11,2025-07-16 15:41:16,Ansys BladeModeler,1,0.02,0.1,AEC,sgutteridge
2025-07-16 15:41:42,2025-07-16 15:53:45,Ansys CFD PrepPost,1,0.2,2.6,AEC,sgutteridge
2025-07-16 16:47:15,2025-07-16 17:20:27,Ansys CFD Enterprise Solver,1,0.55,14.4,AEC,sgutteridge
2025-07-16 15:53:48,2025-07-16 16:32:49,Ansys CFD Enterprise Solver,1,0.65,16.9,AEC,sgutteridge
2025-07-16 17:24:06,2025-07-16 17:57:42,Ansys CFD Enterprise Solver,1,0.56,14.6,AEC,sgutteridge
2025-07-16 15:53:33,2025-07-16 15:53:38,Ansys CFD Enterprise Solver,1,0.01,0.1,AEC,sgutteridge
2025-07-16 17:59:32,2025-07-16 18:00:52,Ansys Mechanical Enterprise Solver,1,0.02,0.6,AEC,tutley
2025-07-16 19:02:30,2025-07-16 19:25:09,Ansys Mechanical Enterprise PrepPost,1,0.38,4.9,AEC,tutley
2025-07-16 17:50:21,2025-07-16 18:55:47,Ansys Mechanical Enterprise PrepPost,1,1.09,14.2,AEC,tutley
2025-07-16 17:52:40,2025-07-16 17:55:55,Ansys Mechanical Enterprise Solver,1,0.05,1.4,AEC,tutley
2025-07-16 18:01:01,2025-07-16 18:04:46,Ansys Mechanical Enterprise Solver,1,0.06,1.6,AEC,tutley
2025-07-16 19:14:57,2025-07-16 19:15:44,Ansys Mechanical Enterprise Solver,1,0.01,0.3,AEC,tutley
2025-07-16 17:51:47,2025-07-16 17:52:30,Ansys Mechanical Enterprise Solver,1,0.01,0.3,AEC,tutley
2025-07-16 19:19:56,2025-07-16 19:20:33,Ansys Mechanical Enterprise Solver,1,0.01,0.3,AEC,tutley
2025-07-16 17:59:58,2025-07-16 18:00:47,Ansys HPC,14,0.01,0.4,AEC,tutley
2025-07-16 19:09:18,2025-07-16 19:11:30,Ansys Mechanical Enterprise Solver,1,0.04,0.9,AEC,tutley
2025-07-16 19:08:27,2025-07-16 19:09:08,Ansys Mechanical Enterprise Solver,1,0.01,0.3,AEC,tutley
2025-07-16 17:52:03,2025-07-16 17:52:27,Ansys HPC,14,0.01,0.2,AEC,tutley
2025-07-16 19:15:53,2025-07-16 19:18:18,Ansys Mechanical Enterprise Solver,1,0.04,1.0,AEC,tutley
2025-07-16 17:53:05,2025-07-16 17:55:50,Ansys HPC,14,0.05,1.4,AEC,tutley
2025-07-16 18:01:38,2025-07-16 18:04:40,Ansys HPC,14,0.05,1.6,AEC,tutley
2025-07-16 19:08:42,2025-07-16 19:09:05,Ansys HPC,14,0.01,0.2,AEC,tutley
2025-07-16 19:09:39,2025-07-16 19:11:27,Ansys HPC,14,0.03,0.9,AEC,tutley
2025-07-16 19:20:12,2025-07-16 19:20:31,Ansys HPC,14,0.01,0.2,AEC,tutley
2025-07-16 19:15:13,2025-07-16 19:15:40,Ansys HPC,14,0.01,0.2,AEC,tutley
2025-07-16 19:21:02,2025-07-16 19:23:14,Ansys HPC,14,0.04,1.1,AEC,tutley
2025-07-16 19:16:12,2025-07-16 19:18:13,Ansys HPC,14,0.03,1.0,AEC,tutley
2025-07-16 17:59:03,2025-07-16 18:55:48,Ansys GRANTA Materials Data for Simulation,1,0.95,30.3,AEC,tutley
2025-07-16 19:06:54,2025-07-16 19:25:10,Ansys GRANTA Materials Data for Simulation,1,0.3,9.7,AEC,tutley
2025-07-16 19:20:43,2025-07-16 19:23:18,Ansys Mechanical Enterprise Solver,1,0.04,1.1,AEC,tutley
2025-07-16 18:56:00,2025-07-16 19:02:02,Ansys Discovery Simulation,1,0.1,1.6,AEC,tutley
2025-07-16 19:02:48,2025-07-16 19:03:32,Ansys Discovery Simulation,1,0.01,0.2,AEC,tutley
2025-07-16 19:25:38,2025-07-16 19:30:42,Ansys Discovery Simulation,1,0.08,1.4,AEC,tutley
2025-07-16 22:35:00,2025-07-16 22:52:31,Ansys Mechanical Enterprise PrepPost,1,0.29,3.8,AEC,tutley
2025-07-16 22:36:32,2025-07-16 22:37:02,Ansys Mechanical Enterprise Solver,1,0.01,0.2,AEC,tutley
2025-07-16 22:45:14,2025-07-16 22:46:35,Ansys Mechanical Enterprise Solver,1,0.02,0.6,AEC,tutley
2025-07-16 22:47:52,2025-07-16 22:48:21,Ansys Mechanical Enterprise Solver,1,0.01,0.2,AEC,tutley
2025-07-16 22:48:30,2025-07-16 22:50:03,Ansys Mechanical Enterprise Solver,1,0.03,0.6,AEC,tutley
2025-07-16 22:44:36,2025-07-16 22:45:05,Ansys Mechanical Enterprise Solver,1,0.01,0.2,AEC,tutley
2025-07-16 22:44:49,2025-07-16 22:45:02,Ansys HPC,14,0.01,0.1,AEC,tutley
2025-07-16 22:45:29,2025-07-16 22:46:32,Ansys HPC,14,0.02,0.5,AEC,tutley
2025-07-16 22:48:05,2025-07-16 22:48:18,Ansys HPC,14,0.01,0.1,AEC,tutley
2025-07-16 22:37:26,2025-07-16 22:38:38,Ansys HPC,14,0.02,0.6,AEC,tutley
2025-07-16 22:48:45,2025-07-16 22:49:59,Ansys HPC,14,0.02,0.6,AEC,tutley
2025-07-16 22:36:45,2025-07-16 22:36:58,Ansys HPC,14,0.01,0.1,AEC,tutley
2025-07-16 22:37:12,2025-07-16 22:38:43,Ansys Mechanical Enterprise Solver,1,0.03,0.6,AEC,tutley
2025-07-16 22:53:03,2025-07-16 22:58:29,Ansys Discovery Simulation,1,0.09,1.4,AEC,tutley
2025-07-16 22:56:46,2025-07-16 22:58:00,Ansys Mechanical Enterprise PrepPost,1,0.02,0.3,AEC,tutley
2025-07-17 10:54:57,2025-07-17 10:57:35,Ansys CFD Enterprise Solver,1,0.04,1.1,AEC,sgutteridge
2025-07-17 14:34:32,2025-07-17 14:34:40,Ansys BladeModeler,1,0.01,0.1,AEC,sgutteridge
2025-07-17 14:47:08,2025-07-17 14:49:44,Ansys CFD PrepPost,1,0.04,0.6,AEC,sgutteridge
2025-07-17 14:31:37,2025-07-17 14:32:55,Ansys Discovery Simulation,1,0.02,0.3,AEC,sgutteridge
2025-07-17 14:33:45,2025-07-17 14:36:26,Ansys CFD PrepPost,1,0.05,0.6,AEC,sgutteridge
2025-07-17 14:36:16,2025-07-17 14:36:21,Ansys CFD Enterprise Solver,1,0.01,0.1,AEC,sgutteridge
2025-07-17 14:31:55,2025-07-17 14:31:57,Ansys Geometry Interface for SolidWorks,1,0.01,0.1,AEC,sgutteridge
2025-07-17 14:31:40,2025-07-17 14:32:53,Ansys BladeModeler,1,0.02,0.1,AEC,sgutteridge
2025-07-17 14:49:34,2025-07-17 14:49:39,Ansys CFD Enterprise Solver,1,0.01,0.1,AEC,sgutteridge
2025-07-17 14:36:29,2025-07-17 14:46:49,Ansys CFD Enterprise Solver,1,0.17,4.5,AEC,sgutteridge
2025-07-17 14:49:47,2025-07-17 14:54:47,Ansys CFD Enterprise Solver,1,0.08,2.2,AEC,sgutteridge
2025-07-17 14:34:30,2025-07-17 14:34:40,Ansys Discovery Simulation,1,0.01,0.1,AEC,sgutteridge
2025-07-17 16:46:08,2025-07-17 16:46:19,Ansys Discovery Simulation,1,0.01,0.1,AEC,sgutteridge
2025-07-17 16:46:10,2025-07-17 16:46:19,Ansys BladeModeler,1,0.01,0.1,AEC,sgutteridge
2025-07-17 16:15:14,2025-07-17 16:18:07,Ansys Discovery Simulation,1,0.05,0.8,AEC,sgutteridge
2025-07-17 16:19:16,2025-07-17 16:19:27,Ansys Discovery Simulation,1,0.01,0.1,AEC,sgutteridge
2025-07-17 16:15:29,2025-07-17 16:16:15,Ansys Geometry Interface for SolidWorks,1,0.01,0.1,AEC,sgutteridge
2025-07-17 16:18:30,2025-07-17 16:30:23,Ansys CFD PrepPost,1,0.2,2.6,AEC,sgutteridge
2025-07-17 16:19:19,2025-07-17 16:19:27,Ansys BladeModeler,1,0.01,0.1,AEC,sgutteridge
2025-07-17 16:43:37,2025-07-17 16:44:21,Ansys BladeModeler,1,0.01,0.1,AEC,sgutteridge
2025-07-17 16:45:12,2025-07-17 16:55:13,Ansys CFD PrepPost,1,0.17,2.2,AEC,sgutteridge
2025-07-17 16:15:17,2025-07-17 16:18:04,Ansys BladeModeler,1,0.05,0.1,AEC,sgutteridge
2025-07-17 16:43:34,2025-07-17 16:44:23,Ansys Discovery Simulation,1,0.01,0.2,AEC,sgutteridge
2025-07-17 17:44:06,2025-07-17 17:53:32,Ansys CFD Enterprise Solver,1,0.16,4.1,AEC,sgutteridge
2025-07-17 16:55:15,2025-07-17 17:34:41,Ansys CFD Enterprise Solver,1,0.66,17.1,AEC,sgutteridge
2025-07-17 18:19:10,2025-07-17 18:43:26,Ansys CFD Enterprise Solver,1,0.4,10.5,AEC,sgutteridge
2025-07-17 17:53:47,2025-07-17 18:18:37,Ansys CFD Enterprise Solver,1,0.41,10.8,AEC,sgutteridge
2025-07-17 16:30:22,2025-07-17 16:30:27,Ansys CFD Enterprise Solver,1,0.01,0.1,AEC,sgutteridge
2025-07-17 16:30:38,2025-07-17 16:39:55,Ansys CFD Enterprise Solver,1,0.15,4.0,AEC,sgutteridge
2025-07-17 16:55:00,2025-07-17 16:55:05,Ansys CFD Enterprise Solver,1,0.01,0.1,AEC,sgutteridge
2025-07-17 17:56:25,2025-07-17 18:01:58,Ansys Discovery Simulation,1,0.09,1.5,AEC,tutley
2025-07-17 18:02:40,2025-07-17 18:03:07,Ansys Discovery Simulation,1,0.01,0.1,AEC,tutley
2025-07-17 18:05:14,2025-07-17 18:07:06,Ansys HPC,14,0.03,1.0,AEC,tutley
2025-07-17 18:10:51,2025-07-17 18:11:21,Ansys Mechanical Enterprise Solver,1,0.01,0.2,AEC,tutley
2025-07-17 18:02:15,2025-07-17 18:21:20,Ansys Mechanical Enterprise PrepPost,1,0.32,4.1,AEC,tutley
2025-07-17 18:16:58,2025-07-17 18:19:09,Ansys Mechanical Enterprise Solver,1,0.04,0.9,AEC,tutley
2025-07-17 18:11:45,2025-07-17 18:14:17,Ansys HPC,14,0.04,1.3,AEC,tutley
2025-07-17 18:16:22,2025-07-17 18:16:51,Ansys Mechanical Enterprise Solver,1,0.01,0.2,AEC,tutley
2025-07-17 18:04:57,2025-07-17 18:07:11,Ansys Mechanical Enterprise Solver,1,0.04,0.9,AEC,tutley
2025-07-17 18:04:22,2025-07-17 18:04:48,Ansys HPC,14,0.01,0.2,AEC,tutley
2025-07-17 18:16:34,2025-07-17 18:16:48,Ansys HPC,14,0.01,0.1,AEC,tutley
2025-07-17 18:11:27,2025-07-17 18:14:21,Ansys Mechanical Enterprise Solver,1,0.05,1.2,AEC,tutley
2025-07-17 18:11:03,2025-07-17 18:11:17,Ansys HPC,14,0.01,0.1,AEC,tutley
2025-07-17 18:04:06,2025-07-17 18:04:51,Ansys Mechanical Enterprise Solver,1,0.01,0.3,AEC,tutley
2025-07-17 18:17:13,2025-07-17 18:19:05,Ansys HPC,14,0.03,1.0,AEC,tutley
2025-07-17 18:20:38,2025-07-17 18:25:44,Ansys Discovery Simulation,1,0.09,1.4,AEC,tutley
2025-07-17 18:26:03,2025-07-17 18:28:46,Ansys Discovery Simulation,1,0.05,0.7,AEC,tutley
2025-07-17 18:29:39,2025-07-17 18:33:15,Ansys Discovery Simulation,1,0.06,1.0,AEC,tutley
2025-07-17 18:34:07,2025-07-17 18:46:42,Ansys Discovery Simulation,1,0.21,3.4,AEC,tutley
2025-07-17 18:29:15,2025-07-17 18:33:48,Ansys Discovery Simulation,1,0.08,1.2,AEC,tutley
2026-02-24 16:18:34,2026-02-24 16:18:43,Ansys SPEOS Enterprise - 2023,1,0.01,0.1,AEC,sgutteridge
2026-02-24 19:35:16,2026-02-24 19:35:24,Ansys Geometry Interface for SolidWorks,1,0.01,0.1,AEC,sgutteridge
2026-02-24 19:38:22,2026-02-24 19:52:47,Ansys CFD PrepPost,1,0.24,3.4,AEC,sgutteridge
2026-02-24 14:43:31,2026-02-24 14:52:43,Ansys CFD Enterprise Solver,1,0.15,4.3,AEC,sgutteridge
2026-02-24 15:52:47,2026-02-24 16:11:47,Ansys CFD Enterprise Solver,1,0.32,8.9,AEC,sgutteridge
2026-02-24 17:55:01,2026-02-24 18:04:11,Ansys CFD Enterprise Solver,1,0.15,4.3,AEC,sgutteridge
2026-02-24 17:26:16,2026-02-24 17:41:13,Ansys CFD Enterprise Solver,1,0.25,7.0,AEC,sgutteridge
2026-02-24 18:39:23,2026-02-24 18:45:46,Ansys CFD Enterprise Solver,1,0.11,3.0,AEC,sgutteridge
2026-02-24 14:54:28,2026-02-24 15:10:10,Ansys CFD Enterprise Solver,1,0.26,7.3,AEC,sgutteridge
2026-02-24 19:52:50,2026-02-24 20:10:24,Ansys CFD Enterprise Solver,1,0.29,8.2,AEC,sgutteridge
2026-02-24 17:44:55,2026-02-24 17:48:04,Ansys CFD Enterprise Solver,1,0.05,1.5,AEC,sgutteridge
2026-02-24 18:10:52,2026-02-24 18:22:36,Ansys CFD Enterprise Solver,1,0.2,5.5,AEC,sgutteridge
2026-02-24 19:52:39,2026-02-24 19:52:43,Ansys CFD Enterprise Solver,1,0.01,0.1,AEC,sgutteridge
2026-02-24 18:50:01,2026-02-24 18:54:55,Ansys CFD Enterprise Solver,1,0.08,2.3,AEC,sgutteridge
2026-02-24 18:57:56,2026-02-24 19:33:07,Ansys CFD Enterprise Solver,1,0.59,16.4,AEC,sgutteridge
2026-02-24 19:34:58,2026-02-24 19:37:52,Ansys Discovery Enterprise,1,0.05,0.9,AEC,sgutteridge
2026-02-24 19:39:04,2026-02-24 19:39:14,Ansys Discovery Enterprise,1,0.01,0.1,AEC,sgutteridge
2026-02-24 16:48:30,2026-02-24 16:50:48,Ansys BladeModeler,1,0.04,0.1,AEC,sgutteridge
2026-02-24 20:09:30,2026-02-24 20:09:39,Ansys BladeModeler,1,0.01,0.1,AEC,sgutteridge
2026-02-24 20:09:28,2026-02-24 20:09:39,Ansys Discovery Enterprise,1,0.01,0.1,AEC,sgutteridge
2026-02-24 19:39:06,2026-02-24 19:39:14,Ansys BladeModeler,1,0.01,0.1,AEC,sgutteridge
2026-02-24 16:48:27,2026-02-24 16:50:50,Ansys Discovery Enterprise,1,0.04,0.7,AEC,sgutteridge
2026-02-24 19:35:01,2026-02-24 19:37:50,Ansys BladeModeler,1,0.05,0.1,AEC,sgutteridge
2026-02-24 18:23:27,2026-02-24 18:24:44,Ansys Mechanical Enterprise Solver,1,0.02,0.6,AEC,sgutteridge
2026-02-24 17:42:02,2026-02-24 17:42:57,Ansys Mechanical Enterprise Solver,1,0.02,0.4,AEC,sgutteridge
2026-02-24 17:50:05,2026-02-24 17:50:59,Ansys Mechanical Enterprise Solver,1,0.02,0.4,AEC,sgutteridge
2026-02-24 18:46:41,2026-02-24 18:48:01,Ansys Mechanical Enterprise Solver,1,0.02,0.6,AEC,sgutteridge
2026-02-24 17:41:31,2026-02-24 17:44:22,Ansys Mechanical Enterprise PrepPost,1,0.05,0.7,AEC,sgutteridge
2026-02-24 18:45:58,2026-02-24 18:48:53,Ansys Mechanical Enterprise PrepPost,1,0.05,0.7,AEC,sgutteridge
2026-02-24 20:14:48,2026-02-24 20:18:19,Ansys Mechanical Enterprise Solver,1,0.06,1.6,AEC,sgutteridge
2026-02-24 15:10:18,2026-02-24 15:22:50,Ansys Mechanical Enterprise PrepPost,1,0.21,2.9,AEC,sgutteridge
2026-02-24 15:11:40,2026-02-24 15:12:19,Ansys Mechanical Enterprise Solver,1,0.01,0.3,AEC,sgutteridge
2026-02-24 16:12:34,2026-02-24 16:15:08,Ansys Mechanical Enterprise PrepPost,1,0.04,0.6,AEC,sgutteridge
2026-02-24 18:22:55,2026-02-24 18:30:27,Ansys Mechanical Enterprise PrepPost,1,0.13,1.8,AEC,sgutteridge
2026-02-24 18:04:57,2026-02-24 18:05:52,Ansys Mechanical Enterprise Solver,1,0.02,0.4,AEC,sgutteridge
2026-02-24 16:13:09,2026-02-24 16:13:39,Ansys Mechanical Enterprise Solver,1,0.01,0.2,AEC,sgutteridge
2026-02-24 17:49:19,2026-02-24 17:51:47,Ansys Mechanical Enterprise PrepPost,1,0.04,0.6,AEC,sgutteridge
2026-02-24 18:55:34,2026-02-24 18:56:03,Ansys Mechanical Enterprise Solver,1,0.01,0.2,AEC,sgutteridge
2026-02-24 18:55:02,2026-02-24 18:56:56,Ansys Mechanical Enterprise PrepPost,1,0.03,0.4,AEC,sgutteridge
2026-02-24 18:04:23,2026-02-24 18:06:51,Ansys Mechanical Enterprise PrepPost,1,0.04,0.6,AEC,sgutteridge
2026-02-24 20:09:10,2026-02-24 20:20:30,Ansys Mechanical Enterprise PrepPost,1,0.19,2.6,AEC,sgutteridge
2025-07-23 14:36:00,2025-07-23 15:57:10,Ansys Discovery Simulation,1,1.35,21.6,AEC,prusello
2025-07-24 13:34:31,2025-07-24 13:43:19,Ansys Discovery Simulation,1,0.15,2.3,AEC,prusello
2025-07-28 16:26:32,2025-07-28 16:52:45,Ansys Discovery Simulation,1,0.44,7.0,AEC,prusello
2025-07-28 16:24:54,2025-07-28 16:49:44,Ansys Discovery Simulation,1,0.41,6.6,AEC,prusello
2025-07-29 09:49:40,2025-07-29 11:56:05,Ansys Discovery Simulation,1,2.11,33.7,AEC,prusello
2025-07-29 14:37:21,2025-07-29 15:41:34,Ansys Discovery Simulation,1,1.07,17.1,AEC,prusello
2025-07-31 12:12:19,2025-07-31 12:40:27,Ansys CFD Enterprise Solver,1,0.47,12.2,AEC,sgutteridge
2025-07-31 14:52:52,2025-07-31 15:08:55,Ansys Discovery Simulation,1,0.27,4.3,AEC,eduffield
2025-07-31 14:19:52,2025-07-31 14:51:26,Ansys Discovery Simulation,1,0.53,8.4,AEC,eduffield
2025-07-31 15:13:46,2025-07-31 16:01:14,Ansys Discovery Simulation,1,0.79,12.7,AEC,eduffield
2025-07-31 14:51:40,2025-07-31 14:52:19,Ansys Discovery Simulation,1,0.01,0.2,AEC,eduffield
2025-07-31 14:18:19,2025-07-31 14:18:56,Ansys Discovery Simulation,1,0.01,0.2,AEC,eduffield
2025-08-01 15:52:53,2025-08-01 16:41:33,Ansys SpaceClaim,1,0.81,10.5,AEC,eduffield
2025-08-04 09:28:40,2025-08-04 09:57:25,Ansys Discovery Simulation,1,0.48,7.7,AEC,prusello
2025-08-04 13:15:36,2025-08-04 13:16:37,Ansys Discovery Simulation,1,0.02,0.3,AEC,eduffield
2025-08-04 13:12:33,2025-08-04 13:15:06,Ansys Discovery Simulation,1,0.04,0.7,AEC,eduffield
2025-08-04 13:13:15,2025-08-04 13:21:19,Ansys Discovery Simulation,1,0.13,2.2,AEC,prusello
2025-08-04 13:15:11,2025-08-04 13:50:19,Ansys Mechanical Enterprise PrepPost,1,0.59,7.6,AEC,eduffield
2025-08-04 13:28:37,2025-08-04 13:30:43,Ansys HPC,2,0.04,0.3,AEC,eduffield
2025-08-04 13:28:22,2025-08-04 13:30:45,Ansys Mechanical Enterprise Solver,1,0.04,1.0,AEC,eduffield
2025-08-04 13:24:05,2025-08-04 13:27:57,Ansys HPC,2,0.06,0.6,AEC,eduffield
2025-08-04 13:32:31,2025-08-04 13:41:44,Ansys HPC,2,0.15,1.5,AEC,eduffield
2025-08-04 13:32:15,2025-08-04 13:41:48,Ansys Mechanical Enterprise Solver,1,0.16,4.0,AEC,eduffield
2025-08-04 13:23:31,2025-08-04 13:27:59,Ansys Mechanical Enterprise Solver,1,0.07,1.9,AEC,eduffield
2025-09-02 15:14:30,2025-09-02 15:14:57,Ansys Discovery Simulation,1,0.01,0.1,AEC,eduffield
2025-09-02 15:07:45,2025-09-02 15:08:44,Ansys Discovery Simulation,1,0.02,0.3,AEC,eduffield
2025-09-02 15:15:51,2025-09-02 15:21:06,Ansys Discovery Simulation,1,0.09,1.4,AEC,eduffield
2025-09-02 15:00:40,2025-09-02 15:07:10,Ansys Discovery Simulation,1,0.11,1.7,AEC,eduffield
2025-09-02 15:21:41,2025-09-02 15:22:11,Ansys BladeModeler,1,0.01,0.1,AEC,eduffield
2025-09-02 15:33:05,2025-09-02 15:36:49,Ansys Discovery Simulation,1,0.06,1.0,AEC,eduffield
2025-09-02 15:33:07,2025-09-02 15:36:47,Ansys BladeModeler,1,0.06,0.1,AEC,eduffield
2025-09-02 15:58:33,2025-09-02 16:02:04,Ansys BladeModeler,1,0.06,0.1,AEC,eduffield
2025-09-02 15:10:57,2025-09-02 15:12:48,Ansys BladeModeler,1,0.03,0.1,AEC,eduffield
2025-09-02 15:14:10,2025-09-02 15:15:30,Ansys Mechanical Enterprise PrepPost,1,0.02,0.3,AEC,eduffield
2025-09-02 16:13:03,2025-09-02 16:15:00,Ansys Mechanical Enterprise PrepPost,1,0.03,0.4,AEC,eduffield
2025-09-02 16:15:12,2025-09-02 16:24:41,Ansys Mechanical Enterprise PrepPost,1,0.16,2.1,AEC,eduffield
2025-09-02 15:14:32,2025-09-02 15:14:57,Ansys BladeModeler,1,0.01,0.1,AEC,eduffield
2025-09-02 15:23:00,2025-09-02 15:32:36,Ansys BladeModeler,1,0.16,0.3,AEC,eduffield
2025-09-02 15:58:11,2025-09-02 16:03:30,Ansys Mechanical Enterprise PrepPost,1,0.09,1.2,AEC,eduffield
2025-09-02 15:37:46,2025-09-02 15:46:43,Ansys Discovery Simulation,1,0.15,2.4,AEC,eduffield
2025-09-02 16:03:46,2025-09-02 16:09:31,Ansys Mechanical Enterprise PrepPost,1,0.1,1.2,AEC,eduffield
2025-09-02 16:28:09,2025-09-02 16:30:11,Ansys Mechanical Enterprise PrepPost,1,0.03,0.4,AEC,eduffield
2025-09-02 15:46:49,2025-09-02 15:55:59,Ansys Discovery Simulation,1,0.15,2.4,AEC,eduffield
2025-09-02 15:15:54,2025-09-02 15:21:04,Ansys BladeModeler,1,0.09,0.2,AEC,eduffield
2025-09-02 15:21:39,2025-09-02 15:22:11,Ansys Discovery Simulation,1,0.01,0.1,AEC,eduffield
2025-09-02 16:26:05,2025-09-02 16:27:25,Ansys Mechanical Enterprise PrepPost,1,0.02,0.3,AEC,eduffield
2025-09-02 15:58:31,2025-09-02 16:02:04,Ansys Discovery Simulation,1,0.06,0.9,AEC,eduffield
2025-09-02 15:10:55,2025-09-02 15:12:51,Ansys Discovery Simulation,1,0.03,0.5,AEC,eduffield
2025-09-02 15:22:58,2025-09-02 15:32:38,Ansys Discovery Simulation,1,0.16,2.6,AEC,eduffield
2025-09-02 16:25:28,2025-09-02 16:25:42,Ansys Mechanical Enterprise PrepPost,1,0.01,0.1,AEC,eduffield
2025-09-02 16:25:44,2025-09-02 16:26:01,Ansys Mechanical Enterprise PrepPost,1,0.01,0.1,AEC,eduffield
2025-09-02 16:12:08,2025-09-02 16:12:36,Ansys Discovery Simulation,1,0.01,0.1,AEC,eduffield
2025-09-02 16:13:26,2025-09-02 16:14:32,Ansys BladeModeler,1,0.02,0.1,AEC,eduffield
2025-09-02 15:46:51,2025-09-02 15:55:57,Ansys BladeModeler,1,0.15,0.3,AEC,eduffield
2025-09-02 15:21:19,2025-09-02 15:22:39,Ansys Mechanical Enterprise PrepPost,1,0.02,0.3,AEC,eduffield
2025-09-02 16:13:24,2025-09-02 16:14:32,Ansys Discovery Simulation,1,0.02,0.3,AEC,eduffield
2025-09-02 15:07:24,2025-09-02 15:10:01,Ansys Mechanical Enterprise PrepPost,1,0.04,0.6,AEC,eduffield
2025-09-02 16:12:10,2025-09-02 16:12:33,Ansys BladeModeler,1,0.01,0.1,AEC,eduffield
2025-09-03 10:52:41,2025-09-03 10:53:20,Ansys Mechanical Enterprise PrepPost,1,0.01,0.1,AEC,eduffield
2025-09-03 10:58:10,2025-09-03 10:58:23,Ansys Mechanical Enterprise PrepPost,1,0.01,0.1,AEC,eduffield
2025-09-03 10:54:22,2025-09-03 10:58:04,Ansys Mechanical Enterprise PrepPost,1,0.06,0.8,AEC,eduffield
2025-09-03 10:58:25,2025-09-03 10:58:41,Ansys Mechanical Enterprise PrepPost,1,0.01,0.1,AEC,eduffield
2025-09-03 10:54:48,2025-09-03 10:55:22,Ansys Discovery Simulation,1,0.01,0.2,AEC,eduffield
2025-09-03 10:53:36,2025-09-03 10:54:11,Ansys BladeModeler,1,0.01,0.1,AEC,eduffield
2025-09-03 10:54:50,2025-09-03 10:55:22,Ansys BladeModeler,1,0.01,0.1,AEC,eduffield
2025-09-03 10:53:33,2025-09-03 10:54:13,Ansys Discovery Simulation,1,0.01,0.2,AEC,eduffield
2026-02-25 12:46:39,2026-02-25 12:48:58,Ansys CFD Enterprise Solver,1,0.04,1.1,AEC,sgutteridge
2026-02-25 11:56:08,2026-02-25 11:56:12,Ansys CFD Enterprise Solver,1,0.01,0.1,AEC,sgutteridge
2026-02-25 11:56:20,2026-02-25 12:14:14,Ansys CFD Enterprise Solver,1,0.3,8.4,AEC,sgutteridge
2026-02-25 15:32:02,2026-02-25 15:34:19,Ansys CFD Enterprise Solver,1,0.04,1.1,AEC,sgutteridge
2026-02-25 14:04:47,2026-02-25 14:21:06,Ansys CFD Enterprise Solver,1,0.27,7.6,AEC,sgutteridge
2026-02-25 14:49:37,2026-02-25 14:52:41,Ansys CFD Enterprise Solver,1,0.05,1.4,AEC,sgutteridge
2026-02-25 14:24:27,2026-02-25 14:27:16,Ansys CFD Enterprise Solver,1,0.05,1.3,AEC,sgutteridge
2026-02-25 15:25:02,2026-02-25 15:27:40,Ansys CFD Enterprise Solver,1,0.04,1.2,AEC,sgutteridge
2026-02-25 15:37:08,2026-02-25 15:39:16,Ansys CFD Enterprise Solver,1,0.04,1.0,AEC,sgutteridge
2026-02-25 15:42:05,2026-02-25 15:44:15,Ansys CFD Enterprise Solver,1,0.04,1.0,AEC,sgutteridge
2026-02-25 15:08:42,2026-02-25 15:12:15,Ansys CFD Enterprise Solver,1,0.06,1.7,AEC,sgutteridge
2026-02-25 15:52:13,2026-02-25 15:54:11,Ansys CFD Enterprise Solver,1,0.03,0.9,AEC,sgutteridge
2026-02-25 15:57:08,2026-02-25 15:59:23,Ansys CFD Enterprise Solver,1,0.04,1.1,AEC,sgutteridge
2026-02-25 14:22:10,2026-02-25 14:24:06,Ansys CFD PrepPost,1,0.03,0.5,AEC,sgutteridge
2026-02-25 14:04:36,2026-02-25 14:04:40,Ansys CFD Enterprise Solver,1,0.01,0.1,AEC,sgutteridge
2026-02-25 12:44:05,2026-02-25 12:44:27,Ansys CFD PrepPost,1,0.01,0.1,AEC,sgutteridge
2026-02-25 14:46:16,2026-02-25 14:49:24,Ansys CFD PrepPost,1,0.05,0.7,AEC,sgutteridge
2026-02-25 15:47:09,2026-02-25 15:49:18,Ansys CFD Enterprise Solver,1,0.04,1.0,AEC,sgutteridge
2026-02-25 12:44:36,2026-02-25 12:46:29,Ansys CFD PrepPost,1,0.03,0.4,AEC,sgutteridge
2026-02-25 15:34:59,2026-02-25 15:36:59,Ansys CFD PrepPost,1,0.03,0.5,AEC,sgutteridge
2026-02-25 11:53:29,2026-02-25 11:56:17,Ansys CFD PrepPost,1,0.05,0.7,AEC,sgutteridge
2026-02-25 14:45:26,2026-02-25 14:45:56,Ansys CFD PrepPost,1,0.01,0.1,AEC,sgutteridge
2026-02-25 14:37:22,2026-02-25 14:37:42,Ansys CFD PrepPost,1,0.01,0.1,AEC,sgutteridge
2026-02-25 14:28:36,2026-02-25 14:31:34,Ansys CFD PrepPost,1,0.05,0.7,AEC,sgutteridge
2026-02-25 14:31:52,2026-02-25 14:35:26,Ansys CFD Enterprise Solver,1,0.06,1.7,AEC,sgutteridge
2026-02-25 15:29:49,2026-02-25 15:31:51,Ansys CFD PrepPost,1,0.03,0.5,AEC,sgutteridge
2026-02-25 15:29:20,2026-02-25 15:29:41,Ansys CFD PrepPost,1,0.01,0.1,AEC,sgutteridge
2026-02-25 14:21:41,2026-02-25 14:22:02,Ansys CFD PrepPost,1,0.01,0.1,AEC,sgutteridge
2026-02-25 14:27:54,2026-02-25 14:28:27,Ansys CFD PrepPost,1,0.01,0.1,AEC,sgutteridge
2026-02-25 15:34:30,2026-02-25 15:34:51,Ansys CFD PrepPost,1,0.01,0.1,AEC,sgutteridge
2026-02-25 15:39:27,2026-02-25 15:39:47,Ansys CFD PrepPost,1,0.01,0.1,AEC,sgutteridge
2026-02-25 14:01:25,2026-02-25 14:04:44,Ansys CFD PrepPost,1,0.06,0.8,AEC,sgutteridge
2026-02-25 14:53:01,2026-02-25 14:54:07,Ansys CFD PrepPost,1,0.02,0.3,AEC,sgutteridge
2026-02-25 15:02:55,2026-02-25 15:04:14,Ansys CFD PrepPost,1,0.02,0.3,AEC,sgutteridge
2026-02-25 14:54:16,2026-02-25 14:58:17,Ansys CFD PrepPost,1,0.07,0.9,AEC,sgutteridge
2026-02-25 15:44:25,2026-02-25 15:44:46,Ansys CFD PrepPost,1,0.01,0.1,AEC,sgutteridge
2026-02-25 14:37:56,2026-02-25 14:41:56,Ansys CFD PrepPost,1,0.07,0.9,AEC,sgutteridge
2026-02-25 14:42:07,2026-02-25 14:44:59,Ansys CFD Enterprise Solver,1,0.05,1.3,AEC,sgutteridge
2026-02-25 15:39:56,2026-02-25 15:41:56,Ansys CFD PrepPost,1,0.03,0.5,AEC,sgutteridge
2026-02-25 15:16:59,2026-02-25 15:24:40,Ansys CFD Enterprise Solver,1,0.13,3.6,AEC,sgutteridge
2026-02-25 15:04:23,2026-02-25 15:08:08,Ansys CFD PrepPost,1,0.06,0.9,AEC,sgutteridge
2026-02-25 14:59:08,2026-02-25 15:02:34,Ansys CFD Enterprise Solver,1,0.06,1.6,AEC,sgutteridge
2026-02-25 15:44:55,2026-02-25 15:47:00,Ansys CFD PrepPost,1,0.04,0.5,AEC,sgutteridge
2026-02-25 15:54:22,2026-02-25 15:54:43,Ansys CFD PrepPost,1,0.01,0.1,AEC,sgutteridge
2026-02-25 15:54:52,2026-02-25 15:56:58,Ansys CFD PrepPost,1,0.04,0.5,AEC,sgutteridge
2026-02-25 15:49:29,2026-02-25 15:49:50,Ansys CFD PrepPost,1,0.01,0.1,AEC,sgutteridge
2026-02-25 15:49:58,2026-02-25 15:52:04,Ansys CFD PrepPost,1,0.03,0.5,AEC,sgutteridge
2026-02-25 12:43:48,2026-02-25 12:49:16,Ansys Discovery Enterprise,1,0.09,1.6,AEC,sgutteridge
2026-02-25 13:54:40,2026-02-25 13:58:33,Ansys Discovery Enterprise,1,0.07,1.2,AEC,sgutteridge
2026-02-25 12:15:38,2026-02-25 12:15:50,Ansys Discovery Enterprise,1,0.01,0.1,AEC,sgutteridge
2026-02-25 14:21:23,2026-02-25 14:21:30,Ansys Discovery Enterprise,1,0.01,0.1,AEC,sgutteridge
2026-02-25 11:54:02,2026-02-25 11:54:14,Ansys Discovery Enterprise,1,0.01,0.1,AEC,sgutteridge
2026-02-25 14:37:00,2026-02-25 14:37:07,Ansys Discovery Enterprise,1,0.01,0.1,AEC,sgutteridge
2026-02-25 14:45:04,2026-02-25 14:45:11,Ansys Discovery Enterprise,1,0.01,0.1,AEC,sgutteridge
2026-02-25 14:28:57,2026-02-25 14:29:08,Ansys Discovery Enterprise,1,0.01,0.1,AEC,sgutteridge
2026-02-25 14:22:25,2026-02-25 14:22:35,Ansys Discovery Enterprise,1,0.01,0.1,AEC,sgutteridge
2026-02-25 14:46:35,2026-02-25 14:46:46,Ansys Discovery Enterprise,1,0.01,0.1,AEC,sgutteridge
2026-02-25 15:50:14,2026-02-25 15:50:23,Ansys Discovery Enterprise,1,0.01,0.1,AEC,sgutteridge
2026-02-25 15:30:07,2026-02-25 15:30:16,Ansys BladeModeler,1,0.01,0.1,AEC,sgutteridge
2026-02-25 15:45:12,2026-02-25 15:45:20,Ansys BladeModeler,1,0.01,0.1,AEC,sgutteridge
2026-02-25 14:27:24,2026-02-25 14:27:28,Ansys BladeModeler,1,0.01,0.1,AEC,sgutteridge
2026-02-25 14:27:21,2026-02-25 14:27:28,Ansys Discovery Enterprise,1,0.01,0.1,AEC,sgutteridge
2026-02-25 14:52:45,2026-02-25 14:52:52,Ansys Discovery Enterprise,1,0.01,0.1,AEC,sgutteridge
2026-02-25 15:45:10,2026-02-25 15:45:20,Ansys Discovery Enterprise,1,0.01,0.1,AEC,sgutteridge
2026-02-25 15:35:17,2026-02-25 15:35:26,Ansys BladeModeler,1,0.01,0.1,AEC,sgutteridge
2026-02-25 14:01:58,2026-02-25 14:02:05,Ansys BladeModeler,1,0.01,0.1,AEC,sgutteridge
2026-02-25 11:47:36,2026-02-25 11:52:59,Ansys BladeModeler,1,0.09,0.2,AEC,sgutteridge
2026-02-25 15:02:38,2026-02-25 15:02:46,Ansys Discovery Enterprise,1,0.01,0.1,AEC,sgutteridge
2026-02-25 15:40:13,2026-02-25 15:40:23,Ansys Discovery Enterprise,1,0.01,0.1,AEC,sgutteridge
2026-02-25 11:54:06,2026-02-25 11:54:14,Ansys BladeModeler,1,0.01,0.1,AEC,sgutteridge
2026-02-25 12:43:51,2026-02-25 12:49:16,Ansys BladeModeler,1,0.09,0.2,AEC,sgutteridge
2026-02-25 12:15:40,2026-02-25 12:15:50,Ansys BladeModeler,1,0.01,0.1,AEC,sgutteridge
2026-02-25 14:21:25,2026-02-25 14:21:30,Ansys BladeModeler,1,0.01,0.1,AEC,sgutteridge
2026-02-25 15:02:41,2026-02-25 15:02:46,Ansys BladeModeler,1,0.01,0.1,AEC,sgutteridge
2026-02-25 13:54:43,2026-02-25 13:58:32,Ansys BladeModeler,1,0.06,0.1,AEC,sgutteridge
2026-02-25 15:55:08,2026-02-25 15:55:19,Ansys Discovery Enterprise,1,0.01,0.1,AEC,sgutteridge
2026-02-25 14:37:03,2026-02-25 14:37:07,Ansys BladeModeler,1,0.01,0.1,AEC,sgutteridge
2026-02-25 14:00:52,2026-02-25 14:00:57,Ansys BladeModeler,1,0.01,0.1,AEC,sgutteridge
2026-02-25 11:47:33,2026-02-25 11:53:01,Ansys Discovery Enterprise,1,0.09,1.6,AEC,sgutteridge
2026-02-25 14:01:55,2026-02-25 14:02:05,Ansys Discovery Enterprise,1,0.01,0.1,AEC,sgutteridge
2026-02-25 14:54:38,2026-02-25 14:54:45,Ansys BladeModeler,1,0.01,0.1,AEC,sgutteridge
2026-02-25 14:00:50,2026-02-25 14:00:57,Ansys Discovery Enterprise,1,0.01,0.1,AEC,sgutteridge
2026-02-25 14:22:27,2026-02-25 14:22:35,Ansys BladeModeler,1,0.01,0.1,AEC,sgutteridge
2026-02-25 15:04:41,2026-02-25 15:04:52,Ansys BladeModeler,1,0.01,0.1,AEC,sgutteridge
2026-02-25 14:45:07,2026-02-25 14:45:11,Ansys BladeModeler,1,0.01,0.1,AEC,sgutteridge
2026-02-25 14:29:00,2026-02-25 14:29:08,Ansys BladeModeler,1,0.01,0.1,AEC,sgutteridge
2026-02-25 15:30:05,2026-02-25 15:30:16,Ansys Discovery Enterprise,1,0.01,0.1,AEC,sgutteridge
2026-02-25 14:52:47,2026-02-25 14:52:52,Ansys BladeModeler,1,0.01,0.1,AEC,sgutteridge
2026-02-25 14:46:38,2026-02-25 14:46:46,Ansys BladeModeler,1,0.01,0.1,AEC,sgutteridge
2026-02-25 14:38:17,2026-02-25 14:38:27,Ansys Discovery Enterprise,1,0.01,0.1,AEC,sgutteridge
2026-02-25 15:40:16,2026-02-25 15:40:23,Ansys BladeModeler,1,0.01,0.1,AEC,sgutteridge
2026-02-25 16:37:31,2026-02-25 16:37:41,Ansys Discovery Enterprise,1,0.01,0.1,AEC,sgutteridge
2026-02-25 14:54:35,2026-02-25 14:54:45,Ansys Discovery Enterprise,1,0.01,0.1,AEC,sgutteridge
2026-02-25 14:38:20,2026-02-25 14:38:27,Ansys BladeModeler,1,0.01,0.1,AEC,sgutteridge
2026-02-25 15:04:39,2026-02-25 15:04:52,Ansys Discovery Enterprise,1,0.01,0.1,AEC,sgutteridge
2026-02-25 15:35:15,2026-02-25 15:35:26,Ansys Discovery Enterprise,1,0.01,0.1,AEC,sgutteridge
2026-02-25 15:55:11,2026-02-25 15:55:19,Ansys BladeModeler,1,0.01,0.1,AEC,sgutteridge
2026-02-25 15:50:16,2026-02-25 15:50:23,Ansys BladeModeler,1,0.01,0.1,AEC,sgutteridge
2026-02-25 16:37:33,2026-02-25 16:37:41,Ansys BladeModeler,1,0.01,0.1,AEC,sgutteridge
2026-02-25 18:47:50,2026-02-25 18:48:00,Ansys Mechanical Enterprise Solver,1,0.01,0.1,AEC,sgutteridge
2026-02-25 16:43:19,2026-02-25 16:43:35,Ansys Mechanical Enterprise Solver,1,0.01,0.1,AEC,sgutteridge
2026-02-25 12:15:17,2026-02-25 12:22:16,Ansys Mechanical Enterprise PrepPost,1,0.12,1.6,AEC,sgutteridge
2026-02-25 18:45:14,2026-02-25 18:45:27,Ansys Mechanical Enterprise Solver,1,0.01,0.1,AEC,sgutteridge
2026-02-25 16:49:03,2026-02-25 16:49:14,Ansys Mechanical Enterprise Solver,1,0.01,0.1,AEC,sgutteridge
2026-02-25 18:44:17,2026-02-25 18:56:08,Ansys Mechanical Enterprise PrepPost,1,0.2,2.8,AEC,sgutteridge
2026-02-25 16:37:21,2026-02-25 16:37:44,Ansys Mechanical Enterprise PrepPost,1,0.01,0.2,AEC,sgutteridge
2026-02-25 12:17:33,2026-02-25 12:21:04,Ansys Mechanical Enterprise Solver,1,0.06,1.6,AEC,sgutteridge
2026-02-25 16:37:50,2026-02-25 17:09:04,Ansys Mechanical Enterprise PrepPost,1,0.52,7.3,AEC,sgutteridge
2026-02-25 12:49:03,2026-02-25 12:53:12,Ansys Mechanical Enterprise PrepPost,1,0.07,1.0,AEC,sgutteridge
2026-02-25 18:49:06,2026-02-25 18:49:17,Ansys Mechanical Enterprise Solver,1,0.01,0.1,AEC,sgutteridge
2026-02-25 18:48:41,2026-02-25 18:48:52,Ansys Mechanical Enterprise Solver,1,0.01,0.1,AEC,sgutteridge
2026-02-25 16:47:54,2026-02-25 16:48:05,Ansys Mechanical Enterprise Solver,1,0.01,0.1,AEC,sgutteridge
2026-02-25 16:44:29,2026-02-25 16:44:43,Ansys Mechanical Enterprise Solver,1,0.01,0.1,AEC,sgutteridge
2026-02-25 16:56:35,2026-02-25 16:56:46,Ansys Mechanical Enterprise Solver,1,0.01,0.1,AEC,sgutteridge
2026-02-25 18:49:41,2026-02-25 18:49:51,Ansys Mechanical Enterprise Solver,1,0.01,0.1,AEC,sgutteridge
2026-02-25 16:55:44,2026-02-25 16:55:55,Ansys Mechanical Enterprise Solver,1,0.01,0.1,AEC,sgutteridge
2026-02-25 12:49:44,2026-02-25 12:53:03,Ansys Mechanical Enterprise Solver,1,0.06,1.5,AEC,sgutteridge
2026-02-26 17:39:48,2026-02-26 17:40:37,Ansys Discovery Enterprise,1,0.01,0.2,AEC,sgutteridge
2026-02-26 18:02:49,2026-02-26 18:02:58,Ansys Geometry Interface for SolidWorks,1,0.01,0.1,AEC,sgutteridge
2026-02-26 17:43:03,2026-02-26 18:07:07,Ansys Discovery Enterprise,1,0.4,7.2,AEC,sgutteridge
2026-02-26 18:07:48,2026-02-26 18:11:00,Ansys Discovery Enterprise,1,0.05,1.0,AEC,sgutteridge
2026-02-26 18:07:51,2026-02-26 18:10:57,Ansys BladeModeler,1,0.05,0.1,AEC,sgutteridge
2026-02-26 18:11:51,2026-02-26 18:12:02,Ansys Discovery Enterprise,1,0.01,0.1,AEC,sgutteridge
2026-02-26 18:08:05,2026-02-26 18:08:13,Ansys Geometry Interface for SolidWorks,1,0.01,0.1,AEC,sgutteridge
2026-02-26 17:43:06,2026-02-26 18:07:05,Ansys BladeModeler,1,0.4,0.8,AEC,sgutteridge
2026-02-26 18:11:54,2026-02-26 18:12:02,Ansys BladeModeler,1,0.01,0.1,AEC,sgutteridge
2026-02-26 18:11:33,2026-02-26 18:18:56,Ansys CFD PrepPost,1,0.12,1.7,AEC,sgutteridge
2026-02-26 17:43:57,2026-02-26 17:44:06,Ansys Geometry Interface for SolidWorks,1,0.01,0.1,AEC,sgutteridge
2026-02-26 17:49:41,2026-02-26 18:02:32,Ansys CFD PrepPost,1,0.21,3.0,AEC,sgutteridge
2026-02-27 11:12:52,2026-02-27 11:15:16,Ansys CFD PrepPost,1,0.04,0.6,AEC,sgutteridge
2026-02-27 11:46:23,2026-02-27 11:48:33,Ansys CFD PrepPost,1,0.04,0.5,AEC,sgutteridge
2026-02-27 11:12:18,2026-02-27 11:12:42,Ansys CFD PrepPost,1,0.01,0.1,AEC,sgutteridge
2026-02-27 11:45:52,2026-02-27 11:46:15,Ansys CFD PrepPost,1,0.01,0.1,AEC,sgutteridge
2026-02-27 11:21:37,2026-02-27 11:22:01,Ansys CFD PrepPost,1,0.01,0.1,AEC,sgutteridge
2026-02-27 11:22:09,2026-02-27 11:24:21,Ansys CFD PrepPost,1,0.04,0.5,AEC,sgutteridge
2026-02-27 11:31:20,2026-02-27 11:45:13,Ansys Mechanical Enterprise PrepPost,1,0.23,3.2,AEC,sgutteridge
2026-02-27 11:55:13,2026-02-27 11:59:08,Ansys Mechanical Enterprise PrepPost,1,0.07,0.9,AEC,sgutteridge
2026-02-27 12:01:58,2026-02-27 12:08:19,Ansys Mechanical Enterprise PrepPost,1,0.11,1.5,AEC,sgutteridge
2026-02-27 11:39:26,2026-02-27 11:39:46,Ansys Mechanical Enterprise Solver,1,0.01,0.2,AEC,sgutteridge
2026-02-27 12:07:15,2026-02-27 12:07:36,Ansys Mechanical Enterprise Solver,1,0.01,0.2,AEC,sgutteridge
2026-02-27 11:36:47,2026-02-27 11:37:08,Ansys Mechanical Enterprise Solver,1,0.01,0.2,AEC,sgutteridge
2026-02-27 11:57:42,2026-02-27 11:58:03,Ansys Mechanical Enterprise Solver,1,0.01,0.2,AEC,sgutteridge
2026-02-27 12:04:26,2026-02-27 12:04:46,Ansys Mechanical Enterprise Solver,1,0.01,0.2,AEC,sgutteridge
2026-02-27 11:21:20,2026-02-27 11:21:27,Ansys Discovery Enterprise,1,0.01,0.1,AEC,sgutteridge
2026-02-27 10:14:39,2026-02-27 10:58:13,Ansys CFD Enterprise Solver,1,0.73,20.3,AEC,sgutteridge
2026-02-27 10:58:24,2026-02-27 11:05:01,Ansys Discovery Enterprise,1,0.11,2.0,AEC,sgutteridge
2026-02-27 12:01:10,2026-02-27 12:27:47,Ansys CFD Enterprise Solver,1,0.44,12.4,AEC,sgutteridge
2026-02-27 11:48:45,2026-02-27 11:51:58,Ansys CFD Enterprise Solver,1,0.05,1.5,AEC,sgutteridge
2026-02-27 11:24:30,2026-02-27 11:30:29,Ansys CFD Enterprise Solver,1,0.1,2.8,AEC,sgutteridge
2026-02-27 12:27:56,2026-02-27 12:34:26,Ansys Discovery Enterprise,1,0.11,1.9,AEC,sgutteridge
2026-02-27 11:13:15,2026-02-27 11:13:23,Ansys BladeModeler,1,0.01,0.1,AEC,sgutteridge
2026-02-27 11:13:12,2026-02-27 11:13:23,Ansys Discovery Enterprise,1,0.01,0.1,AEC,sgutteridge
2026-02-27 11:15:28,2026-02-27 11:21:14,Ansys CFD Enterprise Solver,1,0.1,2.7,AEC,sgutteridge
2026-02-27 11:46:41,2026-02-27 11:46:49,Ansys BladeModeler,1,0.01,0.1,AEC,sgutteridge
2026-02-27 12:27:59,2026-02-27 12:34:23,Ansys BladeModeler,1,0.11,0.2,AEC,sgutteridge
2026-02-27 11:45:35,2026-02-27 11:45:39,Ansys BladeModeler,1,0.01,0.1,AEC,sgutteridge
2026-02-27 10:58:27,2026-02-27 11:04:58,Ansys BladeModeler,1,0.11,0.2,AEC,sgutteridge
2026-02-27 11:22:28,2026-02-27 11:22:37,Ansys BladeModeler,1,0.01,0.1,AEC,sgutteridge
2026-02-27 11:45:33,2026-02-27 11:45:39,Ansys Discovery Enterprise,1,0.01,0.1,AEC,sgutteridge
2026-02-27 11:55:28,2026-02-27 11:55:39,Ansys Discovery Enterprise,1,0.01,0.1,AEC,sgutteridge
2026-02-27 11:55:31,2026-02-27 11:55:39,Ansys BladeModeler,1,0.01,0.1,AEC,sgutteridge
2026-02-27 11:21:23,2026-02-27 11:21:27,Ansys BladeModeler,1,0.01,0.1,AEC,sgutteridge
2026-02-27 11:46:39,2026-02-27 11:46:49,Ansys Discovery Enterprise,1,0.01,0.1,AEC,sgutteridge
2026-02-27 11:31:37,2026-02-27 11:31:51,Ansys BladeModeler,1,0.01,0.1,AEC,sgutteridge
2026-02-27 11:22:26,2026-02-27 11:22:37,Ansys Discovery Enterprise,1,0.01,0.1,AEC,sgutteridge
2026-02-27 11:31:35,2026-02-27 11:31:51,Ansys Discovery Enterprise,1,0.01,0.1,AEC,sgutteridge
2026-02-27 14:21:30,2026-02-27 14:25:45,Ansys Discovery Enterprise,1,0.07,1.3,AEC,sgutteridge
2026-02-27 14:26:57,2026-02-27 14:27:07,Ansys Discovery Enterprise,1,0.01,0.1,AEC,sgutteridge
2026-02-27 15:01:59,2026-02-27 15:05:49,Ansys Discovery Enterprise,1,0.06,1.1,AEC,sgutteridge
2026-02-27 15:08:33,2026-02-27 15:08:43,Ansys Discovery Enterprise,1,0.01,0.1,AEC,sgutteridge
2026-02-27 14:21:33,2026-02-27 14:25:43,Ansys BladeModeler,1,0.07,0.1,AEC,sgutteridge
2026-02-27 14:27:00,2026-02-27 14:27:07,Ansys BladeModeler,1,0.01,0.1,AEC,sgutteridge
2026-02-27 15:08:35,2026-02-27 15:08:43,Ansys BladeModeler,1,0.01,0.1,AEC,sgutteridge
2026-02-27 15:02:02,2026-02-27 15:05:47,Ansys BladeModeler,1,0.06,0.1,AEC,sgutteridge
2026-02-27 15:02:36,2026-02-27 15:02:44,Ansys Geometry Interface for SolidWorks,1,0.01,0.1,AEC,sgutteridge
2026-02-27 14:21:49,2026-02-27 14:21:56,Ansys Geometry Interface for SolidWorks,1,0.01,0.1,AEC,sgutteridge
2026-02-27 15:26:57,2026-02-27 15:29:03,Ansys Discovery Enterprise,1,0.04,0.6,AEC,sgutteridge
2026-02-27 15:27:00,2026-02-27 15:29:01,Ansys BladeModeler,1,0.03,0.1,AEC,sgutteridge
2026-02-27 14:26:29,2026-02-27 14:32:02,Ansys CFD PrepPost,1,0.09,1.3,AEC,sgutteridge
2026-02-27 15:06:21,2026-02-27 15:15:20,Ansys CFD PrepPost,1,0.15,2.1,AEC,sgutteridge
2026-02-27 14:43:24,2026-02-27 15:01:44,Ansys CFD Enterprise Solver,1,0.31,8.6,AEC,sgutteridge
2026-02-27 14:31:54,2026-02-27 14:31:58,Ansys CFD Enterprise Solver,1,0.01,0.1,AEC,sgutteridge
2026-02-27 14:32:05,2026-02-27 14:43:01,Ansys CFD Enterprise Solver,1,0.18,5.1,AEC,sgutteridge
2026-02-27 15:15:23,2026-02-27 15:22:19,Ansys CFD Enterprise Solver,1,0.12,3.2,AEC,sgutteridge
2026-02-27 15:15:12,2026-02-27 15:15:16,Ansys CFD Enterprise Solver,1,0.01,0.1,AEC,sgutteridge
2026-02-27 19:37:17,2026-02-27 20:50:50,Ansys CFD Enterprise Solver,1,1.23,34.3,AEC,sgutteridge
2026-02-27 18:26:35,2026-02-27 18:26:43,Ansys BladeModeler,1,0.01,0.1,AEC,sgutteridge
2026-02-27 17:49:35,2026-02-27 17:49:40,Ansys CFD Enterprise Solver,1,0.01,0.1,AEC,sgutteridge
2026-02-27 19:32:51,2026-02-27 19:33:04,Ansys BladeModeler,1,0.01,0.1,AEC,sgutteridge
2026-02-27 21:56:13,2026-02-27 21:56:23,Ansys Discovery Enterprise,1,0.01,0.1,AEC,sgutteridge
2026-02-27 19:07:19,2026-02-27 19:07:30,Ansys Discovery Enterprise,1,0.01,0.1,AEC,sgutteridge
2026-02-27 19:10:32,2026-02-27 19:30:54,Ansys CFD Enterprise Solver,1,0.34,9.5,AEC,sgutteridge
2026-02-27 19:31:32,2026-02-27 19:37:14,Ansys CFD PrepPost,1,0.1,1.3,AEC,sgutteridge
2026-02-27 21:00:08,2026-02-27 21:00:16,Ansys BladeModeler,1,0.01,0.1,AEC,sgutteridge
2026-02-27 21:05:23,2026-02-27 21:21:26,Ansys CFD Enterprise Solver,1,0.27,7.5,AEC,sgutteridge
2026-02-27 20:58:50,2026-02-27 20:59:26,Ansys CFD PrepPost,1,0.01,0.1,AEC,sgutteridge
2026-02-27 20:58:27,2026-02-27 20:58:31,Ansys BladeModeler,1,0.01,0.1,AEC,sgutteridge
2026-02-27 21:55:10,2026-02-27 21:57:58,Ansys CFD PrepPost,1,0.05,0.7,AEC,sgutteridge
2026-02-27 18:30:35,2026-02-27 18:30:40,Ansys CFD Enterprise Solver,1,0.01,0.1,AEC,sgutteridge
2026-02-27 19:07:19,2026-02-27 19:10:28,Ansys CFD PrepPost,1,0.05,0.7,AEC,sgutteridge
2026-02-27 19:07:22,2026-02-27 19:07:30,Ansys BladeModeler,1,0.01,0.1,AEC,sgutteridge
2026-02-27 19:00:10,2026-02-27 19:00:21,Ansys Discovery Enterprise,1,0.01,0.1,AEC,sgutteridge
2026-02-27 18:17:15,2026-02-27 18:24:55,Ansys Discovery Enterprise,1,0.13,2.3,AEC,sgutteridge
2026-02-27 20:52:30,2026-02-27 20:55:42,Ansys CFD Enterprise Solver,1,0.05,1.5,AEC,sgutteridge
2026-02-27 17:44:51,2026-02-27 17:45:02,Ansys Discovery Enterprise,1,0.01,0.1,AEC,sgutteridge
2026-02-27 17:49:48,2026-02-27 18:17:04,Ansys CFD Enterprise Solver,1,0.45,12.7,AEC,sgutteridge
2026-02-27 18:26:32,2026-02-27 18:26:43,Ansys Discovery Enterprise,1,0.01,0.1,AEC,sgutteridge
2026-02-27 18:17:19,2026-02-27 18:24:52,Ansys BladeModeler,1,0.13,0.3,AEC,sgutteridge
2026-02-27 21:57:48,2026-02-27 21:57:53,Ansys CFD Enterprise Solver,1,0.01,0.1,AEC,sgutteridge
2026-02-27 20:58:24,2026-02-27 20:58:31,Ansys Discovery Enterprise,1,0.01,0.1,AEC,sgutteridge
2026-02-27 21:58:01,2026-02-27 22:08:56,Ansys CFD Enterprise Solver,1,0.18,5.1,AEC,sgutteridge
2026-02-27 18:57:48,2026-02-27 19:07:19,Ansys CFD PrepPost,1,0.16,2.2,AEC,sgutteridge
2026-02-27 18:25:51,2026-02-27 18:30:45,Ansys CFD PrepPost,1,0.08,1.1,AEC,sgutteridge
2026-02-27 21:00:04,2026-02-27 21:00:16,Ansys Discovery Enterprise,1,0.01,0.1,AEC,sgutteridge
2026-02-27 18:30:48,2026-02-27 18:57:03,Ansys CFD Enterprise Solver,1,0.44,12.3,AEC,sgutteridge
2026-02-27 19:10:19,2026-02-27 19:10:24,Ansys CFD Enterprise Solver,1,0.01,0.1,AEC,sgutteridge
2026-02-27 19:32:48,2026-02-27 19:33:04,Ansys Discovery Enterprise,1,0.01,0.1,AEC,sgutteridge
2026-02-27 17:44:19,2026-02-27 17:49:44,Ansys CFD PrepPost,1,0.09,1.3,AEC,sgutteridge
2026-02-27 20:59:42,2026-02-27 21:05:03,Ansys CFD PrepPost,1,0.09,1.3,AEC,sgutteridge
2026-02-27 21:56:15,2026-02-27 21:56:23,Ansys BladeModeler,1,0.01,0.1,AEC,sgutteridge
2026-02-27 17:44:53,2026-02-27 17:45:02,Ansys BladeModeler,1,0.01,0.1,AEC,sgutteridge
2026-02-27 19:00:13,2026-02-27 19:00:21,Ansys BladeModeler,1,0.01,0.1,AEC,sgutteridge
2026-02-27 19:37:05,2026-02-27 19:37:09,Ansys CFD Enterprise Solver,1,0.01,0.1,AEC,sgutteridge
2026-02-28 17:24:39,2026-02-28 17:25:15,Ansys CFD PrepPost,1,0.01,0.1,AEC,sgutteridge
2026-02-28 15:37:05,2026-02-28 15:42:07,Ansys CFD PrepPost,1,0.08,1.2,AEC,sgutteridge
2026-02-28 15:42:27,2026-02-28 15:44:55,Ansys CFD Enterprise Solver,1,0.04,1.2,AEC,sgutteridge
2026-02-28 16:08:41,2026-02-28 16:08:48,Ansys Discovery Enterprise,1,0.01,0.1,AEC,sgutteridge
2026-02-28 17:58:55,2026-02-28 18:01:24,Ansys CFD Enterprise Solver,1,0.04,1.2,AEC,sgutteridge
2026-02-28 15:09:21,2026-02-28 15:22:17,Ansys CFD Enterprise Solver,1,0.22,6.0,AEC,sgutteridge
2026-02-28 15:26:42,2026-02-28 15:26:50,Ansys BladeModeler,1,0.01,0.1,AEC,sgutteridge
2026-02-28 15:26:39,2026-02-28 15:26:50,Ansys Discovery Enterprise,1,0.01,0.1,AEC,sgutteridge
2026-02-28 16:01:31,2026-02-28 16:01:38,Ansys BladeModeler,1,0.01,0.1,AEC,sgutteridge
2026-02-28 16:00:00,2026-02-28 16:00:05,Ansys BladeModeler,1,0.01,0.1,AEC,sgutteridge
2026-02-28 16:09:49,2026-02-28 16:14:40,Ansys CFD PrepPost,1,0.08,1.1,AEC,sgutteridge
2026-02-28 16:18:28,2026-02-28 16:23:16,Ansys CFD PrepPost,1,0.08,1.1,AEC,sgutteridge
2026-02-28 17:52:45,2026-02-28 17:52:53,Ansys Discovery Enterprise,1,0.01,0.1,AEC,sgutteridge
2026-02-28 15:26:20,2026-02-28 15:31:26,Ansys CFD PrepPost,1,0.09,1.2,AEC,sgutteridge
2026-02-28 15:59:57,2026-02-28 16:00:05,Ansys Discovery Enterprise,1,0.01,0.1,AEC,sgutteridge
2026-02-28 16:14:57,2026-02-28 16:17:16,Ansys CFD Enterprise Solver,1,0.04,1.1,AEC,sgutteridge
2026-02-28 17:34:37,2026-02-28 17:34:46,Ansys BladeModeler,1,0.01,0.1,AEC,sgutteridge
2026-02-28 16:17:23,2026-02-28 16:17:27,Ansys BladeModeler,1,0.01,0.1,AEC,sgutteridge
2026-02-28 15:37:26,2026-02-28 15:37:37,Ansys Discovery Enterprise,1,0.01,0.1,AEC,sgutteridge
2026-02-28 16:17:44,2026-02-28 16:18:11,Ansys CFD PrepPost,1,0.01,0.1,AEC,sgutteridge
2026-02-28 17:41:39,2026-02-28 17:41:46,Ansys Discovery Enterprise,1,0.01,0.1,AEC,sgutteridge
2026-02-28 16:18:51,2026-02-28 16:18:59,Ansys BladeModeler,1,0.01,0.1,AEC,sgutteridge
2026-02-28 17:53:54,2026-02-28 17:58:36,Ansys CFD PrepPost,1,0.08,1.1,AEC,sgutteridge
2026-02-28 15:00:54,2026-02-28 15:01:05,Ansys Discovery Enterprise,1,0.01,0.1,AEC,sgutteridge
2026-02-28 17:54:13,2026-02-28 17:54:24,Ansys Discovery Enterprise,1,0.01,0.1,AEC,sgutteridge
2026-02-28 15:37:28,2026-02-28 15:37:37,Ansys BladeModeler,1,0.01,0.1,AEC,sgutteridge
2026-02-28 18:02:58,2026-02-28 18:03:06,Ansys BladeModeler,1,0.01,0.1,AEC,sgutteridge
2026-02-28 15:00:56,2026-02-28 15:01:05,Ansys BladeModeler,1,0.01,0.1,AEC,sgutteridge
2026-02-28 17:24:06,2026-02-28 17:24:13,Ansys Discovery Enterprise,1,0.01,0.1,AEC,sgutteridge
2026-02-28 18:01:30,2026-02-28 18:01:38,Ansys Discovery Enterprise,1,0.01,0.1,AEC,sgutteridge
2026-02-28 15:56:15,2026-02-28 15:59:34,Ansys CFD Enterprise Solver,1,0.06,1.5,AEC,sgutteridge
2026-02-28 17:43:08,2026-02-28 17:43:16,Ansys BladeModeler,1,0.01,0.1,AEC,sgutteridge
2026-02-28 17:42:02,2026-02-28 17:42:30,Ansys CFD PrepPost,1,0.01,0.1,AEC,sgutteridge
2026-02-28 16:01:28,2026-02-28 16:01:38,Ansys Discovery Enterprise,1,0.01,0.1,AEC,sgutteridge
2026-02-28 18:01:33,2026-02-28 18:01:38,Ansys BladeModeler,1,0.01,0.1,AEC,sgutteridge
2026-02-28 16:10:10,2026-02-28 16:10:21,Ansys Discovery Enterprise,1,0.01,0.1,AEC,sgutteridge
2026-02-28 16:18:48,2026-02-28 16:18:59,Ansys Discovery Enterprise,1,0.01,0.1,AEC,sgutteridge
2026-02-28 17:42:45,2026-02-28 17:47:33,Ansys CFD PrepPost,1,0.08,1.1,AEC,sgutteridge
2026-02-28 16:01:08,2026-02-28 16:05:58,Ansys CFD PrepPost,1,0.08,1.1,AEC,sgutteridge
2026-02-28 17:33:32,2026-02-28 17:34:00,Ansys CFD PrepPost,1,0.01,0.1,AEC,sgutteridge
2026-02-28 16:10:13,2026-02-28 16:10:21,Ansys BladeModeler,1,0.01,0.1,AEC,sgutteridge
2026-02-28 15:52:50,2026-02-28 15:55:39,Ansys CFD Enterprise Solver,1,0.05,1.3,AEC,sgutteridge
2026-02-28 17:25:51,2026-02-28 17:26:02,Ansys Discovery Enterprise,1,0.01,0.1,AEC,sgutteridge
2026-02-28 16:08:44,2026-02-28 16:08:48,Ansys BladeModeler,1,0.01,0.1,AEC,sgutteridge
2026-02-28 18:02:35,2026-02-28 18:07:17,Ansys CFD PrepPost,1,0.08,1.1,AEC,sgutteridge
2026-02-28 17:25:54,2026-02-28 17:26:02,Ansys BladeModeler,1,0.01,0.1,AEC,sgutteridge
2026-02-28 18:01:53,2026-02-28 18:02:20,Ansys CFD PrepPost,1,0.01,0.1,AEC,sgutteridge
2026-02-28 17:34:34,2026-02-28 17:34:46,Ansys Discovery Enterprise,1,0.01,0.1,AEC,sgutteridge
2026-02-28 16:06:18,2026-02-28 16:08:35,Ansys CFD Enterprise Solver,1,0.04,1.1,AEC,sgutteridge
2026-02-28 15:35:55,2026-02-28 15:36:02,Ansys Discovery Enterprise,1,0.01,0.1,AEC,sgutteridge
2026-02-28 16:00:24,2026-02-28 16:00:51,Ansys CFD PrepPost,1,0.01,0.1,AEC,sgutteridge
2026-02-28 17:25:31,2026-02-28 17:30:26,Ansys CFD PrepPost,1,0.08,1.1,AEC,sgutteridge
2026-02-28 17:43:05,2026-02-28 17:43:16,Ansys Discovery Enterprise,1,0.01,0.1,AEC,sgutteridge
2026-02-28 17:53:11,2026-02-28 17:53:39,Ansys CFD PrepPost,1,0.01,0.1,AEC,sgutteridge
2026-02-28 15:25:36,2026-02-28 15:26:05,Ansys CFD PrepPost,1,0.01,0.1,AEC,sgutteridge
2026-02-28 14:59:36,2026-02-28 15:00:15,Ansys CFD PrepPost,1,0.01,0.1,AEC,sgutteridge
2026-02-28 17:24:09,2026-02-28 17:24:13,Ansys BladeModeler,1,0.01,0.1,AEC,sgutteridge
2026-02-28 17:47:50,2026-02-28 17:50:13,Ansys CFD Enterprise Solver,1,0.04,1.1,AEC,sgutteridge
2026-02-28 15:25:06,2026-02-28 15:25:14,Ansys Discovery Enterprise,1,0.01,0.1,AEC,sgutteridge
2026-02-28 16:23:31,2026-02-28 16:25:50,Ansys CFD Enterprise Solver,1,0.04,1.1,AEC,sgutteridge
2026-02-28 17:52:49,2026-02-28 17:52:53,Ansys BladeModeler,1,0.01,0.1,AEC,sgutteridge
2026-02-28 17:33:12,2026-02-28 17:33:17,Ansys BladeModeler,1,0.01,0.1,AEC,sgutteridge
2026-02-28 17:30:44,2026-02-28 17:33:02,Ansys CFD Enterprise Solver,1,0.04,1.1,AEC,sgutteridge
2026-02-28 17:54:16,2026-02-28 17:54:24,Ansys BladeModeler,1,0.01,0.1,AEC,sgutteridge
2026-02-28 15:35:58,2026-02-28 15:36:02,Ansys BladeModeler,1,0.01,0.1,AEC,sgutteridge
2026-02-28 18:02:54,2026-02-28 18:03:06,Ansys Discovery Enterprise,1,0.01,0.1,AEC,sgutteridge
2026-02-28 17:34:14,2026-02-28 17:39:01,Ansys CFD PrepPost,1,0.08,1.1,AEC,sgutteridge
2026-02-28 17:33:09,2026-02-28 17:33:17,Ansys Discovery Enterprise,1,0.01,0.1,AEC,sgutteridge
2026-02-28 17:39:18,2026-02-28 17:41:35,Ansys CFD Enterprise Solver,1,0.04,1.1,AEC,sgutteridge
2026-02-28 18:07:33,2026-02-28 18:10:02,Ansys CFD Enterprise Solver,1,0.04,1.2,AEC,sgutteridge
2026-02-28 15:00:32,2026-02-28 15:05:42,Ansys CFD PrepPost,1,0.09,1.2,AEC,sgutteridge
2026-02-28 17:41:42,2026-02-28 17:41:46,Ansys BladeModeler,1,0.01,0.1,AEC,sgutteridge
2026-02-28 15:31:46,2026-02-28 15:34:26,Ansys CFD Enterprise Solver,1,0.04,1.2,AEC,sgutteridge
2026-02-28 15:25:09,2026-02-28 15:25:14,Ansys BladeModeler,1,0.01,0.1,AEC,sgutteridge
2026-02-28 16:09:07,2026-02-28 16:09:34,Ansys CFD PrepPost,1,0.01,0.1,AEC,sgutteridge
2026-02-28 15:36:19,2026-02-28 15:36:47,Ansys CFD PrepPost,1,0.01,0.1,AEC,sgutteridge
2026-02-28 16:17:20,2026-02-28 16:17:27,Ansys Discovery Enterprise,1,0.01,0.1,AEC,sgutteridge
2026-03-01 13:51:57,2026-03-01 13:52:08,Ansys Discovery Enterprise,1,0.01,0.1,AEC,sgutteridge
2026-03-01 13:43:36,2026-03-01 13:43:41,Ansys Geometry Interface for SolidWorks,1,0.01,0.1,AEC,sgutteridge
2026-03-01 13:52:00,2026-03-01 13:52:08,Ansys BladeModeler,1,0.01,0.1,AEC,sgutteridge
2026-03-01 13:43:19,2026-03-01 13:50:28,Ansys Discovery Enterprise,1,0.12,2.1,AEC,sgutteridge
2026-03-01 13:43:22,2026-03-01 13:50:26,Ansys BladeModeler,1,0.12,0.2,AEC,sgutteridge
2026-03-01 13:51:15,2026-03-01 14:00:19,Ansys CFD PrepPost,1,0.15,2.1,AEC,sgutteridge
2026-03-01 14:00:22,2026-03-01 14:25:00,Ansys CFD Enterprise Solver,1,0.41,11.5,AEC,sgutteridge
2026-03-01 14:00:10,2026-03-01 14:00:15,Ansys CFD Enterprise Solver,1,0.01,0.1,AEC,sgutteridge
2026-03-01 18:12:03,2026-03-01 18:16:50,Ansys CFD Enterprise Solver,1,0.08,2.2,AEC,sgutteridge
2026-03-01 18:41:14,2026-03-01 18:43:47,Ansys CFD Enterprise Solver,1,0.04,1.2,AEC,sgutteridge
2026-03-01 18:51:54,2026-03-01 18:54:03,Ansys CFD Enterprise Solver,1,0.04,1.0,AEC,sgutteridge
2026-03-01 18:18:02,2026-03-01 18:18:10,Ansys Discovery Enterprise,1,0.01,0.1,AEC,sgutteridge
2026-03-01 18:24:12,2026-03-01 18:26:21,Ansys CFD Enterprise Solver,1,0.04,1.0,AEC,sgutteridge
2026-03-01 18:47:16,2026-03-01 18:47:27,Ansys Discovery Enterprise,1,0.01,0.1,AEC,sgutteridge
2026-03-01 18:27:58,2026-03-01 18:28:06,Ansys BladeModeler,1,0.01,0.1,AEC,sgutteridge
2026-03-01 18:47:19,2026-03-01 18:47:27,Ansys BladeModeler,1,0.01,0.1,AEC,sgutteridge
2026-03-01 19:00:13,2026-03-01 19:02:01,Ansys CFD Enterprise Solver,1,0.03,0.8,AEC,sgutteridge
2026-03-01 18:54:09,2026-03-01 18:54:16,Ansys Discovery Enterprise,1,0.01,0.1,AEC,sgutteridge
2026-03-01 18:19:38,2026-03-01 18:19:46,Ansys BladeModeler,1,0.01,0.1,AEC,sgutteridge
2026-03-01 18:55:40,2026-03-01 18:55:49,Ansys BladeModeler,1,0.01,0.1,AEC,sgutteridge
2026-03-01 18:36:39,2026-03-01 18:36:47,Ansys BladeModeler,1,0.01,0.1,AEC,sgutteridge
2026-03-01 18:32:34,2026-03-01 18:35:05,Ansys CFD Enterprise Solver,1,0.04,1.2,AEC,sgutteridge
2026-03-01 18:35:13,2026-03-01 18:35:17,Ansys BladeModeler,1,0.01,0.1,AEC,sgutteridge
2026-03-01 18:26:26,2026-03-01 18:26:34,Ansys Discovery Enterprise,1,0.01,0.1,AEC,sgutteridge
2026-03-01 18:36:36,2026-03-01 18:36:47,Ansys Discovery Enterprise,1,0.01,0.1,AEC,sgutteridge
2026-03-01 19:02:05,2026-03-01 19:02:12,Ansys Discovery Enterprise,1,0.01,0.1,AEC,sgutteridge
2026-03-01 18:18:05,2026-03-01 18:18:10,Ansys BladeModeler,1,0.01,0.1,AEC,sgutteridge
2026-03-01 18:55:37,2026-03-01 18:55:49,Ansys Discovery Enterprise,1,0.01,0.1,AEC,sgutteridge
2026-03-01 18:19:35,2026-03-01 18:19:46,Ansys Discovery Enterprise,1,0.01,0.1,AEC,sgutteridge
2026-03-01 18:45:48,2026-03-01 18:45:52,Ansys BladeModeler,1,0.01,0.1,AEC,sgutteridge
2026-03-01 18:45:45,2026-03-01 18:45:52,Ansys Discovery Enterprise,1,0.01,0.1,AEC,sgutteridge
2026-03-01 18:54:12,2026-03-01 18:54:16,Ansys BladeModeler,1,0.01,0.1,AEC,sgutteridge
2026-03-01 18:26:30,2026-03-01 18:26:34,Ansys BladeModeler,1,0.01,0.1,AEC,sgutteridge
2026-03-01 18:27:55,2026-03-01 18:28:06,Ansys Discovery Enterprise,1,0.01,0.1,AEC,sgutteridge
2026-03-01 18:35:10,2026-03-01 18:35:17,Ansys Discovery Enterprise,1,0.01,0.1,AEC,sgutteridge
2026-03-01 19:02:08,2026-03-01 19:02:12,Ansys BladeModeler,1,0.01,0.1,AEC,sgutteridge
2026-03-01 18:27:35,2026-03-01 18:32:18,Ansys CFD PrepPost,1,0.08,1.1,AEC,sgutteridge
2026-03-01 18:26:51,2026-03-01 18:27:20,Ansys CFD PrepPost,1,0.01,0.1,AEC,sgutteridge
2026-03-01 18:18:30,2026-03-01 18:18:59,Ansys CFD PrepPost,1,0.01,0.1,AEC,sgutteridge
2026-03-01 18:35:34,2026-03-01 18:36:02,Ansys CFD PrepPost,1,0.01,0.1,AEC,sgutteridge
2026-03-01 18:36:16,2026-03-01 18:40:57,Ansys CFD PrepPost,1,0.08,1.1,AEC,sgutteridge
2026-03-01 18:55:16,2026-03-01 18:59:55,Ansys CFD PrepPost,1,0.08,1.1,AEC,sgutteridge
2026-03-01 18:54:34,2026-03-01 18:55:02,Ansys CFD PrepPost,1,0.01,0.1,AEC,sgutteridge
2026-03-01 18:46:12,2026-03-01 18:46:40,Ansys CFD PrepPost,1,0.01,0.1,AEC,sgutteridge
2026-03-01 18:46:55,2026-03-01 18:51:35,Ansys CFD PrepPost,1,0.08,1.1,AEC,sgutteridge
2026-03-01 19:02:27,2026-03-01 19:03:01,Ansys CFD PrepPost,1,0.01,0.1,AEC,sgutteridge
2026-03-01 18:19:14,2026-03-01 18:23:52,Ansys CFD PrepPost,1,0.08,1.1,AEC,sgutteridge
2026-03-01 19:28:08,2026-03-01 19:28:15,Ansys Discovery Enterprise,1,0.01,0.1,AEC,sgutteridge
2026-03-01 19:28:11,2026-03-01 19:28:15,Ansys BladeModeler,1,0.01,0.1,AEC,sgutteridge
2026-03-01 19:29:38,2026-03-01 19:29:49,Ansys Discovery Enterprise,1,0.01,0.1,AEC,sgutteridge
2026-03-01 19:28:33,2026-03-01 19:29:01,Ansys CFD PrepPost,1,0.01,0.1,AEC,sgutteridge
2026-03-01 19:29:41,2026-03-01 19:29:49,Ansys BladeModeler,1,0.01,0.1,AEC,sgutteridge
2026-03-01 19:29:18,2026-03-01 19:33:57,Ansys CFD PrepPost,1,0.08,1.1,AEC,sgutteridge
2026-03-01 19:34:18,2026-03-01 19:36:40,Ansys CFD Enterprise Solver,1,0.04,1.1,AEC,sgutteridge
2026-03-01 23:49:04,2026-03-01 23:49:55,Ansys Discovery Enterprise,1,0.01,0.3,AEC,sgutteridge
2026-03-02 00:24:40,2026-03-02 00:24:47,Ansys Discovery Enterprise,1,0.01,0.1,AEC,sgutteridge
2026-03-01 23:53:43,2026-03-01 23:53:54,Ansys Discovery Enterprise,1,0.01,0.1,AEC,sgutteridge
2026-03-02 01:00:08,2026-03-02 01:00:20,Ansys Discovery Enterprise,1,0.01,0.1,AEC,sgutteridge
2026-03-02 00:34:25,2026-03-02 00:34:30,Ansys BladeModeler,1,0.01,0.1,AEC,sgutteridge
2026-03-02 00:35:58,2026-03-02 00:36:07,Ansys BladeModeler,1,0.01,0.1,AEC,sgutteridge
2026-03-02 00:15:08,2026-03-02 00:15:16,Ansys BladeModeler,1,0.01,0.1,AEC,sgutteridge
2026-03-01 23:50:23,2026-03-01 23:51:32,Ansys BladeModeler,1,0.02,0.1,AEC,sgutteridge
2026-03-02 00:26:18,2026-03-02 00:26:30,Ansys Discovery Enterprise,1,0.01,0.1,AEC,sgutteridge
2026-03-02 00:26:20,2026-03-02 00:26:30,Ansys BladeModeler,1,0.01,0.1,AEC,sgutteridge
2026-03-02 00:04:02,2026-03-02 00:04:12,Ansys Discovery Enterprise,1,0.01,0.1,AEC,sgutteridge
2026-03-01 23:49:08,2026-03-01 23:49:52,Ansys BladeModeler,1,0.01,0.1,AEC,sgutteridge
2026-03-02 01:00:11,2026-03-02 01:00:20,Ansys BladeModeler,1,0.01,0.1,AEC,sgutteridge
2026-03-01 23:50:20,2026-03-01 23:51:34,Ansys Discovery Enterprise,1,0.02,0.4,AEC,sgutteridge
2026-03-02 00:24:43,2026-03-02 00:24:47,Ansys BladeModeler,1,0.01,0.1,AEC,sgutteridge
2026-03-02 00:46:32,2026-03-02 00:46:39,Ansys Discovery Enterprise,1,0.01,0.1,AEC,sgutteridge
2026-03-01 23:53:46,2026-03-01 23:53:54,Ansys BladeModeler,1,0.01,0.1,AEC,sgutteridge
2026-03-02 00:13:34,2026-03-02 00:13:38,Ansys BladeModeler,1,0.01,0.1,AEC,sgutteridge
2026-03-02 00:46:35,2026-03-02 00:46:39,Ansys BladeModeler,1,0.01,0.1,AEC,sgutteridge
2026-03-02 00:58:37,2026-03-02 00:58:41,Ansys BladeModeler,1,0.01,0.1,AEC,sgutteridge
2026-03-02 00:15:05,2026-03-02 00:15:16,Ansys Discovery Enterprise,1,0.01,0.1,AEC,sgutteridge
2026-03-02 00:02:28,2026-03-02 00:02:33,Ansys BladeModeler,1,0.01,0.1,AEC,sgutteridge
2026-03-02 00:04:04,2026-03-02 00:04:12,Ansys BladeModeler,1,0.01,0.1,AEC,sgutteridge
2026-03-02 00:34:23,2026-03-02 00:34:30,Ansys Discovery Enterprise,1,0.01,0.1,AEC,sgutteridge
2026-03-02 00:35:55,2026-03-02 00:36:07,Ansys Discovery Enterprise,1,0.01,0.1,AEC,sgutteridge
2026-03-02 00:48:09,2026-03-02 00:48:17,Ansys BladeModeler,1,0.01,0.1,AEC,sgutteridge
2026-03-02 00:13:31,2026-03-02 00:13:38,Ansys Discovery Enterprise,1,0.01,0.1,AEC,sgutteridge
2026-03-02 00:48:05,2026-03-02 00:48:17,Ansys Discovery Enterprise,1,0.01,0.1,AEC,sgutteridge
2026-03-02 00:02:25,2026-03-02 00:02:33,Ansys Discovery Enterprise,1,0.01,0.1,AEC,sgutteridge
2026-03-02 00:58:34,2026-03-02 00:58:41,Ansys Discovery Enterprise,1,0.01,0.1,AEC,sgutteridge
2026-03-02 00:35:34,2026-03-02 00:40:22,Ansys CFD PrepPost,1,0.08,1.1,AEC,sgutteridge
2026-03-02 00:25:07,2026-03-02 00:25:38,Ansys CFD PrepPost,1,0.01,0.1,AEC,sgutteridge
2026-03-02 00:59:47,2026-03-02 01:04:31,Ansys CFD PrepPost,1,0.08,1.1,AEC,sgutteridge
2026-03-02 00:13:58,2026-03-02 00:14:27,Ansys CFD PrepPost,1,0.01,0.1,AEC,sgutteridge
2026-03-02 00:14:43,2026-03-02 00:19:31,Ansys CFD PrepPost,1,0.08,1.1,AEC,sgutteridge
2026-03-02 00:03:41,2026-03-02 00:08:29,Ansys CFD PrepPost,1,0.08,1.1,AEC,sgutteridge
2026-03-02 00:02:53,2026-03-02 00:03:22,Ansys CFD PrepPost,1,0.01,0.1,AEC,sgutteridge
2026-03-01 23:53:22,2026-03-01 23:58:01,Ansys CFD PrepPost,1,0.08,1.1,AEC,sgutteridge
2026-03-02 00:59:02,2026-03-02 00:59:31,Ansys CFD PrepPost,1,0.01,0.1,AEC,sgutteridge
2026-03-02 00:34:50,2026-03-02 00:35:19,Ansys CFD PrepPost,1,0.01,0.1,AEC,sgutteridge
2026-03-02 00:47:44,2026-03-02 00:52:22,Ansys CFD PrepPost,1,0.08,1.1,AEC,sgutteridge
2026-03-02 00:47:01,2026-03-02 00:47:29,Ansys CFD PrepPost,1,0.01,0.1,AEC,sgutteridge
2026-03-02 00:25:52,2026-03-02 00:30:49,Ansys CFD PrepPost,1,0.08,1.2,AEC,sgutteridge
2026-03-01 23:52:30,2026-03-01 23:53:08,Ansys CFD PrepPost,1,0.01,0.1,AEC,sgutteridge
2026-03-02 01:04:53,2026-03-02 01:07:54,Ansys CFD Enterprise Solver,1,0.05,1.4,AEC,sgutteridge
2026-03-02 00:52:44,2026-03-02 00:55:33,Ansys CFD Enterprise Solver,1,0.05,1.3,AEC,sgutteridge
2026-03-02 00:31:12,2026-03-02 00:33:46,Ansys CFD Enterprise Solver,1,0.04,1.2,AEC,sgutteridge
2026-03-02 00:22:10,2026-03-02 00:24:02,Ansys CFD Enterprise Solver,1,0.03,0.9,AEC,sgutteridge
2026-03-01 23:58:20,2026-03-02 00:00:20,Ansys CFD Enterprise Solver,1,0.03,0.9,AEC,sgutteridge
2026-03-02 00:40:43,2026-03-02 00:43:52,Ansys CFD Enterprise Solver,1,0.05,1.5,AEC,sgutteridge
2026-03-02 00:08:50,2026-03-02 00:10:34,Ansys CFD Enterprise Solver,1,0.03,0.8,AEC,sgutteridge
2026-03-02 00:19:51,2026-03-02 00:21:28,Ansys CFD Enterprise Solver,1,0.03,0.8,AEC,sgutteridge
2026-03-02 14:47:32,2026-03-02 14:47:43,Ansys Discovery Enterprise,1,0.01,0.1,AEC,sgutteridge
2026-03-02 14:45:45,2026-03-02 14:46:11,Ansys Discovery Enterprise,1,0.01,0.1,AEC,sgutteridge
2026-03-02 14:45:48,2026-03-02 14:46:09,Ansys BladeModeler,1,0.01,0.1,AEC,sgutteridge
2026-03-02 14:45:18,2026-03-02 14:45:22,Ansys BladeModeler,1,0.01,0.1,AEC,sgutteridge
2026-03-02 14:47:35,2026-03-02 14:47:43,Ansys BladeModeler,1,0.01,0.1,AEC,sgutteridge
2026-03-02 14:45:15,2026-03-02 14:45:22,Ansys Discovery Enterprise,1,0.01,0.1,AEC,sgutteridge
2026-03-02 14:46:38,2026-03-02 14:47:08,Ansys CFD PrepPost,1,0.01,0.1,AEC,sgutteridge
2026-03-02 14:49:32,2026-03-02 14:51:46,Ansys CFD Enterprise Solver,1,0.04,1.0,AEC,sgutteridge
2026-03-02 14:47:16,2026-03-02 14:49:19,Ansys CFD PrepPost,1,0.03,0.5,AEC,sgutteridge
2026-03-03 14:34:10,2026-03-03 14:36:11,Ansys CFD PrepPost,1,0.03,0.5,AEC,sgutteridge
2026-03-03 14:17:49,2026-03-03 14:17:57,Ansys BladeModeler,1,0.01,0.1,AEC,sgutteridge
2026-03-03 13:11:07,2026-03-03 13:13:03,Ansys CFD PrepPost,1,0.03,0.5,AEC,sgutteridge
2026-03-03 13:10:36,2026-03-03 13:10:57,Ansys CFD PrepPost,1,0.01,0.1,AEC,sgutteridge
2026-03-03 12:57:17,2026-03-03 12:57:21,Ansys BladeModeler,1,0.01,0.1,AEC,sgutteridge
2026-03-03 12:51:42,2026-03-03 12:53:43,Ansys CFD PrepPost,1,0.03,0.5,AEC,sgutteridge
2026-03-03 13:15:41,2026-03-03 13:15:45,Ansys BladeModeler,1,0.01,0.1,AEC,sgutteridge
2026-03-03 13:16:43,2026-03-03 13:16:53,Ansys Discovery Enterprise,1,0.01,0.1,AEC,sgutteridge
2026-03-03 12:29:21,2026-03-03 12:29:25,Ansys BladeModeler,1,0.01,0.1,AEC,sgutteridge
2026-03-03 13:05:11,2026-03-03 13:05:19,Ansys BladeModeler,1,0.01,0.1,AEC,sgutteridge
2026-03-03 12:50:54,2026-03-03 12:51:00,Ansys Discovery Enterprise,1,0.01,0.1,AEC,sgutteridge
2026-03-03 13:44:08,2026-03-03 13:44:15,Ansys Discovery Enterprise,1,0.01,0.1,AEC,sgutteridge
2026-03-03 13:44:56,2026-03-03 13:46:53,Ansys CFD PrepPost,1,0.03,0.5,AEC,sgutteridge
2026-03-03 12:22:10,2026-03-03 12:22:18,Ansys BladeModeler,1,0.01,0.1,AEC,sgutteridge
2026-03-03 13:39:13,2026-03-03 13:41:09,Ansys CFD PrepPost,1,0.03,0.5,AEC,sgutteridge
2026-03-03 12:57:33,2026-03-03 12:57:54,Ansys CFD PrepPost,1,0.01,0.1,AEC,sgutteridge
2026-03-03 13:38:27,2026-03-03 13:38:31,Ansys BladeModeler,1,0.01,0.1,AEC,sgutteridge
2026-03-03 12:45:11,2026-03-03 12:47:08,Ansys CFD PrepPost,1,0.03,0.5,AEC,sgutteridge
2026-03-03 12:57:14,2026-03-03 12:57:21,Ansys Discovery Enterprise,1,0.01,0.1,AEC,sgutteridge
2026-03-03 13:15:55,2026-03-03 13:16:17,Ansys CFD PrepPost,1,0.01,0.1,AEC,sgutteridge
2026-03-03 12:22:08,2026-03-03 12:22:18,Ansys Discovery Enterprise,1,0.01,0.1,AEC,sgutteridge
2026-03-03 13:11:23,2026-03-03 13:11:34,Ansys Discovery Enterprise,1,0.01,0.1,AEC,sgutteridge
2026-03-03 13:16:46,2026-03-03 13:16:53,Ansys BladeModeler,1,0.01,0.1,AEC,sgutteridge
2026-03-03 12:21:51,2026-03-03 12:23:48,Ansys CFD PrepPost,1,0.03,0.5,AEC,sgutteridge
2026-03-03 12:58:04,2026-03-03 13:00:01,Ansys CFD PrepPost,1,0.03,0.5,AEC,sgutteridge
2026-03-03 13:44:25,2026-03-03 13:44:46,Ansys CFD PrepPost,1,0.01,0.1,AEC,sgutteridge
2026-03-03 13:27:02,2026-03-03 13:27:25,Ansys CFD PrepPost,1,0.01,0.1,AEC,sgutteridge
2026-03-03 12:26:58,2026-03-03 12:27:05,Ansys Discovery Enterprise,1,0.01,0.1,AEC,sgutteridge
2026-03-03 13:44:11,2026-03-03 13:44:15,Ansys BladeModeler,1,0.01,0.1,AEC,sgutteridge
2026-03-03 13:21:16,2026-03-03 13:21:23,Ansys Discovery Enterprise,1,0.01,0.1,AEC,sgutteridge
2026-03-03 13:10:19,2026-03-03 13:10:23,Ansys BladeModeler,1,0.01,0.1,AEC,sgutteridge
2026-03-03 13:39:32,2026-03-03 13:39:40,Ansys BladeModeler,1,0.01,0.1,AEC,sgutteridge
2026-03-03 13:04:52,2026-03-03 13:06:50,Ansys CFD PrepPost,1,0.03,0.5,AEC,sgutteridge
2026-03-03 13:26:47,2026-03-03 13:26:51,Ansys BladeModeler,1,0.01,0.1,AEC,sgutteridge
2026-03-03 13:21:36,2026-03-03 13:21:58,Ansys CFD PrepPost,1,0.01,0.1,AEC,sgutteridge
2026-03-03 13:27:35,2026-03-03 13:29:31,Ansys CFD PrepPost,1,0.03,0.5,AEC,sgutteridge
2026-03-03 14:34:25,2026-03-03 14:34:36,Ansys Discovery Enterprise,1,0.01,0.1,AEC,sgutteridge
2026-03-03 13:27:51,2026-03-03 13:28:02,Ansys Discovery Enterprise,1,0.01,0.1,AEC,sgutteridge
2026-03-03 13:32:50,2026-03-03 13:33:12,Ansys CFD PrepPost,1,0.01,0.1,AEC,sgutteridge
2026-03-03 12:20:45,2026-03-03 12:20:52,Ansys Discovery Enterprise,1,0.01,0.1,AEC,sgutteridge
2026-03-03 12:30:07,2026-03-03 12:31:58,Ansys CFD PrepPost,1,0.03,0.4,AEC,sgutteridge
2026-03-03 13:32:33,2026-03-03 13:32:37,Ansys BladeModeler,1,0.01,0.1,AEC,sgutteridge
2026-03-03 13:32:31,2026-03-03 13:32:37,Ansys Discovery Enterprise,1,0.01,0.1,AEC,sgutteridge
2026-03-03 13:33:22,2026-03-03 13:35:20,Ansys CFD PrepPost,1,0.03,0.5,AEC,sgutteridge
2026-03-03 12:44:39,2026-03-03 12:45:00,Ansys CFD PrepPost,1,0.01,0.1,AEC,sgutteridge
2026-03-03 13:33:38,2026-03-03 13:33:49,Ansys Discovery Enterprise,1,0.01,0.1,AEC,sgutteridge
2026-03-03 14:34:28,2026-03-03 14:34:36,Ansys BladeModeler,1,0.01,0.1,AEC,sgutteridge
2026-03-03 12:58:21,2026-03-03 12:58:31,Ansys Discovery Enterprise,1,0.01,0.1,AEC,sgutteridge
2026-03-03 12:45:32,2026-03-03 12:45:40,Ansys BladeModeler,1,0.01,0.1,AEC,sgutteridge
2026-03-03 13:22:24,2026-03-03 13:22:34,Ansys Discovery Enterprise,1,0.01,0.1,AEC,sgutteridge
2026-03-03 12:30:23,2026-03-03 12:30:33,Ansys Discovery Enterprise,1,0.01,0.1,AEC,sgutteridge
2026-03-03 12:45:29,2026-03-03 12:45:40,Ansys Discovery Enterprise,1,0.01,0.1,AEC,sgutteridge
2026-03-03 13:38:25,2026-03-03 13:38:31,Ansys Discovery Enterprise,1,0.01,0.1,AEC,sgutteridge
2026-03-03 13:05:08,2026-03-03 13:05:19,Ansys Discovery Enterprise,1,0.01,0.1,AEC,sgutteridge
2026-03-03 12:27:16,2026-03-03 12:27:28,Ansys CFD PrepPost,1,0.01,0.1,AEC,sgutteridge
2026-03-03 14:17:01,2026-03-03 14:17:23,Ansys CFD PrepPost,1,0.01,0.1,AEC,sgutteridge
2026-03-03 13:26:45,2026-03-03 13:26:51,Ansys Discovery Enterprise,1,0.01,0.1,AEC,sgutteridge
2026-03-03 12:44:22,2026-03-03 12:44:26,Ansys BladeModeler,1,0.01,0.1,AEC,sgutteridge
2026-03-03 13:15:39,2026-03-03 13:15:45,Ansys Discovery Enterprise,1,0.01,0.1,AEC,sgutteridge
2026-03-03 12:52:02,2026-03-03 12:52:10,Ansys BladeModeler,1,0.01,0.1,AEC,sgutteridge
2026-03-03 13:10:17,2026-03-03 13:10:23,Ansys Discovery Enterprise,1,0.01,0.1,AEC,sgutteridge
2026-03-03 13:04:20,2026-03-03 13:04:42,Ansys CFD PrepPost,1,0.01,0.1,AEC,sgutteridge
2026-03-03 14:17:46,2026-03-03 14:17:57,Ansys Discovery Enterprise,1,0.01,0.1,AEC,sgutteridge
2026-03-03 12:50:57,2026-03-03 12:51:00,Ansys BladeModeler,1,0.01,0.1,AEC,sgutteridge
2026-03-03 12:58:23,2026-03-03 12:58:31,Ansys BladeModeler,1,0.01,0.1,AEC,sgutteridge
2026-03-03 13:27:54,2026-03-03 13:28:02,Ansys BladeModeler,1,0.01,0.1,AEC,sgutteridge
2026-03-03 14:17:32,2026-03-03 14:19:18,Ansys CFD PrepPost,1,0.03,0.4,AEC,sgutteridge
2026-03-03 12:21:11,2026-03-03 12:21:43,Ansys CFD PrepPost,1,0.01,0.1,AEC,sgutteridge
2026-03-03 14:33:32,2026-03-03 14:34:01,Ansys CFD PrepPost,1,0.01,0.1,AEC,sgutteridge
2026-03-03 13:21:19,2026-03-03 13:21:23,Ansys BladeModeler,1,0.01,0.1,AEC,sgutteridge
2026-03-03 12:27:01,2026-03-03 12:27:05,Ansys BladeModeler,1,0.01,0.1,AEC,sgutteridge
2026-03-03 13:03:58,2026-03-03 13:04:06,Ansys Discovery Enterprise,1,0.01,0.1,AEC,sgutteridge
2026-03-03 12:20:47,2026-03-03 12:20:52,Ansys BladeModeler,1,0.01,0.1,AEC,sgutteridge
2026-03-03 13:11:26,2026-03-03 13:11:34,Ansys BladeModeler,1,0.01,0.1,AEC,sgutteridge
2026-03-03 13:04:01,2026-03-03 13:04:06,Ansys BladeModeler,1,0.01,0.1,AEC,sgutteridge
2026-03-03 13:22:08,2026-03-03 13:24:04,Ansys CFD PrepPost,1,0.03,0.5,AEC,sgutteridge
2026-03-03 13:39:30,2026-03-03 13:39:40,Ansys Discovery Enterprise,1,0.01,0.1,AEC,sgutteridge
2026-03-03 13:16:27,2026-03-03 13:18:25,Ansys CFD PrepPost,1,0.03,0.5,AEC,sgutteridge
2026-03-03 12:44:19,2026-03-03 12:44:26,Ansys Discovery Enterprise,1,0.01,0.1,AEC,sgutteridge
2026-03-03 12:51:59,2026-03-03 12:52:10,Ansys Discovery Enterprise,1,0.01,0.1,AEC,sgutteridge
2026-03-03 13:45:15,2026-03-03 13:45:22,Ansys BladeModeler,1,0.01,0.1,AEC,sgutteridge
2026-03-03 13:33:41,2026-03-03 13:33:49,Ansys BladeModeler,1,0.01,0.1,AEC,sgutteridge
2026-03-03 13:22:26,2026-03-03 13:22:34,Ansys BladeModeler,1,0.01,0.1,AEC,sgutteridge
2026-03-03 12:51:12,2026-03-03 12:51:33,Ansys CFD PrepPost,1,0.01,0.1,AEC,sgutteridge
2026-03-03 12:29:37,2026-03-03 12:29:58,Ansys CFD PrepPost,1,0.01,0.1,AEC,sgutteridge
2026-03-03 13:45:12,2026-03-03 13:45:22,Ansys Discovery Enterprise,1,0.01,0.1,AEC,sgutteridge
2026-03-03 12:29:18,2026-03-03 12:29:25,Ansys Discovery Enterprise,1,0.01,0.1,AEC,sgutteridge
2026-03-03 13:38:42,2026-03-03 13:39:03,Ansys CFD PrepPost,1,0.01,0.1,AEC,sgutteridge
2026-03-03 12:30:25,2026-03-03 12:30:33,Ansys BladeModeler,1,0.01,0.1,AEC,sgutteridge
2026-03-03 12:23:59,2026-03-03 12:26:21,Ansys CFD Enterprise Solver,1,0.04,1.1,AEC,sgutteridge
2026-03-03 12:32:10,2026-03-03 12:34:31,Ansys CFD Enterprise Solver,1,0.04,1.1,AEC,sgutteridge
2026-03-03 12:47:21,2026-03-03 12:49:47,Ansys CFD Enterprise Solver,1,0.04,1.1,AEC,sgutteridge
2026-03-03 12:53:55,2026-03-03 12:56:33,Ansys CFD Enterprise Solver,1,0.04,1.2,AEC,sgutteridge
2026-03-03 13:07:30,2026-03-03 13:09:51,Ansys CFD Enterprise Solver,1,0.04,1.1,AEC,sgutteridge
2026-03-03 13:00:20,2026-03-03 13:03:06,Ansys CFD Enterprise Solver,1,0.05,1.3,AEC,sgutteridge
2026-03-03 13:13:15,2026-03-03 13:15:33,Ansys CFD Enterprise Solver,1,0.04,1.1,AEC,sgutteridge
2026-03-03 13:29:42,2026-03-03 13:32:11,Ansys CFD Enterprise Solver,1,0.04,1.2,AEC,sgutteridge
2026-03-03 13:35:33,2026-03-03 13:38:18,Ansys CFD Enterprise Solver,1,0.05,1.3,AEC,sgutteridge
2026-03-03 13:18:35,2026-03-03 13:20:59,Ansys CFD Enterprise Solver,1,0.04,1.1,AEC,sgutteridge
2026-03-03 13:47:03,2026-03-03 13:49:37,Ansys CFD Enterprise Solver,1,0.04,1.2,AEC,sgutteridge
2026-03-03 14:15:56,2026-03-03 14:16:39,Ansys CFD Enterprise Solver,1,0.01,0.3,AEC,sgutteridge
2026-03-03 13:51:55,2026-03-03 14:15:05,Ansys CFD Enterprise Solver,1,0.39,10.8,AEC,sgutteridge
2026-03-03 13:24:16,2026-03-03 13:26:39,Ansys CFD Enterprise Solver,1,0.04,1.1,AEC,sgutteridge
2026-03-03 14:41:00,2026-03-03 14:51:46,Ansys CFD Enterprise Solver,1,0.18,5.0,AEC,sgutteridge
2026-03-03 13:41:19,2026-03-03 13:44:03,Ansys CFD Enterprise Solver,1,0.05,1.3,AEC,sgutteridge
2026-03-03 14:19:56,2026-03-03 14:33:02,Ansys CFD Enterprise Solver,1,0.22,6.1,AEC,sgutteridge
2026-03-03 17:42:48,2026-03-03 17:44:36,Ansys CFD PrepPost,1,0.03,0.4,AEC,sgutteridge
2026-03-03 17:59:53,2026-03-03 18:00:05,Ansys Discovery Enterprise,1,0.01,0.1,AEC,sgutteridge
2026-03-03 17:59:56,2026-03-03 18:00:05,Ansys BladeModeler,1,0.01,0.1,AEC,sgutteridge
2026-03-03 17:43:04,2026-03-03 17:43:14,Ansys Discovery Enterprise,1,0.01,0.1,AEC,sgutteridge
2026-03-03 17:59:08,2026-03-03 17:59:29,Ansys CFD PrepPost,1,0.01,0.1,AEC,sgutteridge
2026-03-03 17:43:07,2026-03-03 17:43:14,Ansys BladeModeler,1,0.01,0.1,AEC,sgutteridge
2026-03-03 17:59:37,2026-03-03 18:01:24,Ansys CFD PrepPost,1,0.03,0.4,AEC,sgutteridge
2026-03-03 17:42:10,2026-03-03 17:42:39,Ansys CFD PrepPost,1,0.01,0.1,AEC,sgutteridge
2026-03-03 18:03:49,2026-03-03 18:24:37,Ansys CFD Enterprise Solver,1,0.35,9.7,AEC,sgutteridge
2026-03-03 17:48:37,2026-03-03 17:57:23,Ansys CFD Enterprise Solver,1,0.15,4.1,AEC,sgutteridge
2026-03-03 18:58:33,2026-03-03 18:58:37,Ansys Geometry Interface for SolidWorks,1,0.01,0.1,AEC,sgutteridge
2026-03-03 19:59:44,2026-03-03 20:01:29,Ansys CFD PrepPost,1,0.03,0.4,AEC,sgutteridge
2026-03-03 18:58:18,2026-03-03 19:23:46,Ansys Discovery Enterprise,1,0.42,7.6,AEC,sgutteridge
2026-03-03 19:25:40,2026-03-03 19:25:48,Ansys BladeModeler,1,0.01,0.1,AEC,sgutteridge
2026-03-03 19:58:24,2026-03-03 19:58:28,Ansys BladeModeler,1,0.01,0.1,AEC,sgutteridge
2026-03-03 19:24:10,2026-03-03 19:39:19,Ansys CFD PrepPost,1,0.25,3.5,AEC,sgutteridge
2026-03-03 20:00:02,2026-03-03 20:00:10,Ansys BladeModeler,1,0.01,0.1,AEC,sgutteridge
2026-03-03 19:59:07,2026-03-03 19:59:36,Ansys CFD PrepPost,1,0.01,0.1,AEC,sgutteridge
2026-03-03 19:59:59,2026-03-03 20:00:10,Ansys Discovery Enterprise,1,0.01,0.1,AEC,sgutteridge
2026-03-03 19:25:38,2026-03-03 19:25:48,Ansys Discovery Enterprise,1,0.01,0.1,AEC,sgutteridge
2026-03-03 19:58:21,2026-03-03 19:58:28,Ansys Discovery Enterprise,1,0.01,0.1,AEC,sgutteridge
2026-03-03 18:58:21,2026-03-03 19:23:44,Ansys BladeModeler,1,0.42,0.8,AEC,sgutteridge
2026-03-03 19:39:22,2026-03-03 19:57:47,Ansys CFD Enterprise Solver,1,0.31,8.6,AEC,sgutteridge
2026-03-03 20:02:56,2026-03-03 20:07:20,Ansys CFD Enterprise Solver,1,0.07,2.1,AEC,sgutteridge
2026-03-03 19:39:10,2026-03-03 19:39:15,Ansys CFD Enterprise Solver,1,0.01,0.1,AEC,sgutteridge
2026-03-04 14:16:38,2026-03-04 14:18:25,Ansys BladeModeler,1,0.03,0.1,AEC,sgutteridge
2026-03-04 14:31:18,2026-03-04 14:31:59,Ansys BladeModeler,1,0.01,0.1,AEC,sgutteridge
2026-03-04 14:33:02,2026-03-04 14:33:10,Ansys BladeModeler,1,0.01,0.1,AEC,sgutteridge
2026-03-04 14:19:45,2026-03-04 14:19:52,Ansys BladeModeler,1,0.01,0.1,AEC,sgutteridge
2026-03-04 14:19:42,2026-03-04 14:19:52,Ansys Discovery Enterprise,1,0.01,0.1,AEC,sgutteridge
2026-03-04 13:28:33,2026-03-04 13:30:42,Ansys BladeModeler,1,0.04,0.1,AEC,sgutteridge
2026-03-04 14:38:10,2026-03-04 14:38:21,Ansys Discovery Enterprise,1,0.01,0.1,AEC,sgutteridge
2026-03-04 14:16:35,2026-03-04 14:18:27,Ansys Discovery Enterprise,1,0.03,0.6,AEC,sgutteridge
2026-03-04 14:36:32,2026-03-04 14:37:00,Ansys BladeModeler,1,0.01,0.1,AEC,sgutteridge
2026-03-04 14:33:00,2026-03-04 14:33:10,Ansys Discovery Enterprise,1,0.01,0.1,AEC,sgutteridge
2026-03-04 11:13:47,2026-03-04 11:13:55,Ansys BladeModeler,1,0.01,0.1,AEC,sgutteridge
2026-03-04 13:28:31,2026-03-04 13:30:44,Ansys Discovery Enterprise,1,0.04,0.7,AEC,sgutteridge
2026-03-04 14:38:13,2026-03-04 14:38:21,Ansys BladeModeler,1,0.01,0.1,AEC,sgutteridge
2026-03-04 14:36:29,2026-03-04 14:37:02,Ansys Discovery Enterprise,1,0.01,0.2,AEC,sgutteridge
2026-03-04 14:31:16,2026-03-04 14:32:01,Ansys Discovery Enterprise,1,0.01,0.2,AEC,sgutteridge
2026-03-04 13:32:53,2026-03-04 13:33:01,Ansys BladeModeler,1,0.01,0.1,AEC,sgutteridge
2026-03-04 13:32:50,2026-03-04 13:33:01,Ansys Discovery Enterprise,1,0.01,0.1,AEC,sgutteridge
2026-03-04 11:13:44,2026-03-04 11:13:55,Ansys Discovery Enterprise,1,0.01,0.1,AEC,sgutteridge
2026-03-04 14:37:52,2026-03-04 14:40:07,Ansys CFD PrepPost,1,0.04,0.5,AEC,sgutteridge
2026-03-04 14:32:45,2026-03-04 14:34:35,Ansys CFD PrepPost,1,0.03,0.4,AEC,sgutteridge
2026-03-04 14:18:59,2026-03-04 14:21:50,Ansys CFD PrepPost,1,0.05,0.7,AEC,sgutteridge
2026-03-04 14:37:20,2026-03-04 14:37:43,Ansys CFD PrepPost,1,0.01,0.1,AEC,sgutteridge
2026-03-04 13:32:19,2026-03-04 13:34:59,Ansys CFD PrepPost,1,0.04,0.6,AEC,sgutteridge
2026-03-04 11:12:48,2026-03-04 11:13:20,Ansys CFD PrepPost,1,0.01,0.1,AEC,sgutteridge
2026-03-04 11:13:28,2026-03-04 11:15:30,Ansys CFD PrepPost,1,0.03,0.5,AEC,sgutteridge
2026-03-04 14:32:16,2026-03-04 14:32:37,Ansys CFD PrepPost,1,0.01,0.1,AEC,sgutteridge
2026-03-04 14:21:42,2026-03-04 14:21:46,Ansys CFD Enterprise Solver,1,0.01,0.1,AEC,sgutteridge
2026-03-04 14:21:53,2026-03-04 14:31:06,Ansys CFD Enterprise Solver,1,0.15,4.3,AEC,sgutteridge
2026-03-04 11:15:42,2026-03-04 11:19:07,Ansys CFD Enterprise Solver,1,0.06,1.6,AEC,sgutteridge
2026-03-04 13:35:02,2026-03-04 14:15:26,Ansys CFD Enterprise Solver,1,0.67,18.9,AEC,sgutteridge
2026-03-04 14:40:23,2026-03-04 14:46:06,Ansys CFD Enterprise Solver,1,0.1,2.7,AEC,sgutteridge
2026-03-04 14:34:46,2026-03-04 14:35:59,Ansys CFD Enterprise Solver,1,0.02,0.6,AEC,sgutteridge
2026-03-04 13:34:50,2026-03-04 13:34:55,Ansys CFD Enterprise Solver,1,0.01,0.1,AEC,sgutteridge
2026-03-04 11:38:01,2026-03-04 13:27:13,Ansys CFD Enterprise Solver,1,1.82,51.0,AEC,sgutteridge
2026-03-04 17:50:22,2026-03-04 17:55:47,Ansys BladeModeler,1,0.09,0.2,AEC,sgutteridge
2026-03-04 18:22:11,2026-03-04 18:22:19,Ansys BladeModeler,1,0.01,0.1,AEC,sgutteridge
2026-03-04 18:22:08,2026-03-04 18:22:19,Ansys Discovery Enterprise,1,0.01,0.1,AEC,sgutteridge
2026-03-04 17:50:19,2026-03-04 17:55:50,Ansys Discovery Enterprise,1,0.09,1.7,AEC,sgutteridge
2026-03-04 17:58:10,2026-03-04 17:58:19,Ansys BladeModeler,1,0.01,0.1,AEC,sgutteridge
2026-03-04 17:58:07,2026-03-04 17:58:19,Ansys Discovery Enterprise,1,0.01,0.1,AEC,sgutteridge
2026-03-04 18:20:58,2026-03-04 18:27:11,Ansys CFD PrepPost,1,0.1,1.4,AEC,sgutteridge
2026-03-04 17:56:12,2026-03-04 18:03:22,Ansys CFD PrepPost,1,0.12,1.7,AEC,sgutteridge
2026-03-04 17:49:17,2026-03-04 17:50:13,Ansys CFD PrepPost,1,0.02,0.2,AEC,sgutteridge
2026-03-04 18:27:01,2026-03-04 18:27:06,Ansys CFD Enterprise Solver,1,0.01,0.1,AEC,sgutteridge
2026-03-04 18:27:13,2026-03-04 18:59:14,Ansys CFD Enterprise Solver,1,0.53,14.9,AEC,sgutteridge
2026-03-04 18:03:14,2026-03-04 18:03:18,Ansys CFD Enterprise Solver,1,0.01,0.1,AEC,sgutteridge
2026-03-04 18:03:25,2026-03-04 18:17:07,Ansys CFD Enterprise Solver,1,0.23,6.4,AEC,sgutteridge
2026-03-05 19:35:14,2026-03-05 19:35:43,Ansys BladeModeler,1,0.01,0.1,AEC,sgutteridge
2026-03-05 19:54:27,2026-03-05 19:55:02,Ansys BladeModeler,1,0.01,0.1,AEC,sgutteridge
2026-03-05 19:35:10,2026-03-05 19:35:45,Ansys Discovery Enterprise,1,0.01,0.2,AEC,sgutteridge
2026-03-05 19:37:41,2026-03-05 19:37:53,Ansys Discovery Enterprise,1,0.01,0.1,AEC,sgutteridge
2026-03-05 19:57:01,2026-03-05 19:57:11,Ansys Discovery Enterprise,1,0.01,0.1,AEC,sgutteridge
2026-03-05 19:37:44,2026-03-05 19:37:53,Ansys BladeModeler,1,0.01,0.1,AEC,sgutteridge
2026-03-05 19:57:04,2026-03-05 19:57:11,Ansys BladeModeler,1,0.01,0.1,AEC,sgutteridge
2026-03-05 19:54:24,2026-03-05 19:55:04,Ansys Discovery Enterprise,1,0.01,0.2,AEC,sgutteridge
2026-03-05 19:56:41,2026-03-05 20:01:34,Ansys CFD PrepPost,1,0.08,1.1,AEC,sgutteridge
2026-03-05 19:36:58,2026-03-05 19:40:15,Ansys CFD PrepPost,1,0.05,0.8,AEC,sgutteridge
2026-03-05 19:55:55,2026-03-05 19:56:25,Ansys CFD PrepPost,1,0.01,0.1,AEC,sgutteridge
2026-03-05 20:01:53,2026-03-05 20:06:31,Ansys CFD Enterprise Solver,1,0.08,2.2,AEC,sgutteridge
2026-03-05 19:40:03,2026-03-05 19:40:09,Ansys CFD Enterprise Solver,1,0.01,0.1,AEC,sgutteridge
2026-03-05 19:40:18,2026-03-05 19:54:15,Ansys CFD Enterprise Solver,1,0.23,6.5,AEC,sgutteridge
2026-03-05 20:07:39,2026-03-05 20:09:39,Ansys CFD Enterprise Solver,1,0.03,0.9,AEC,sgutteridge
2026-03-06 16:10:02,2026-03-06 16:15:09,Ansys Discovery Enterprise,1,0.09,1.5,AEC,atglassman
2026-03-06 16:10:05,2026-03-06 16:15:07,Ansys BladeModeler,1,0.08,0.2,AEC,atglassman
2026-03-06 16:21:04,2026-03-06 16:27:10,Ansys Mechanical Enterprise PrepPost,1,0.1,1.4,AEC,atglassman
2026-03-06 16:17:43,2026-03-06 16:27:11,Ansys BladeModeler,1,0.16,0.3,AEC,atglassman
2026-03-06 16:17:40,2026-03-06 16:27:13,Ansys Discovery Enterprise,1,0.16,2.9,AEC,atglassman
2026-03-09 12:25:52,2026-03-09 12:31:35,Ansys BladeModeler,1,0.1,0.2,AEC,atglassman
2026-03-09 12:34:03,2026-03-09 12:34:23,Ansys Discovery Enterprise,1,0.01,0.1,AEC,atglassman
2026-03-09 12:46:38,2026-03-09 12:47:27,Ansys BladeModeler,1,0.01,0.1,AEC,atglassman
2026-03-09 12:44:17,2026-03-09 12:46:02,Ansys Discovery Enterprise,1,0.03,0.5,AEC,atglassman
2026-03-09 12:34:06,2026-03-09 12:34:23,Ansys BladeModeler,1,0.01,0.1,AEC,atglassman
2026-03-09 12:25:49,2026-03-09 12:31:37,Ansys Discovery Enterprise,1,0.1,1.7,AEC,atglassman
2026-03-09 12:44:20,2026-03-09 12:46:00,Ansys BladeModeler,1,0.03,0.1,AEC,atglassman
2026-03-09 12:46:35,2026-03-09 12:47:27,Ansys Discovery Enterprise,1,0.01,0.3,AEC,atglassman
2026-03-09 12:33:44,2026-03-09 12:38:00,Ansys Mechanical Enterprise PrepPost,1,0.07,1.0,AEC,atglassman
2026-03-09 12:39:19,2026-03-09 12:43:43,Ansys Mechanical Enterprise PrepPost,1,0.07,1.0,AEC,atglassman
2026-03-09 12:46:13,2026-03-09 12:58:05,Ansys Mechanical Enterprise PrepPost,1,0.2,2.8,AEC,atglassman
2026-03-09 13:35:54,2026-03-09 13:55:17,Ansys Discovery Enterprise,1,0.32,5.8,AEC,atglassman
2026-03-09 13:57:30,2026-03-09 13:57:42,Ansys Discovery Enterprise,1,0.01,0.1,AEC,atglassman
2026-03-09 13:57:33,2026-03-09 13:57:42,Ansys BladeModeler,1,0.01,0.1,AEC,atglassman
2026-03-09 13:35:57,2026-03-09 13:55:15,Ansys BladeModeler,1,0.32,0.6,AEC,atglassman
2026-03-09 13:57:06,2026-03-09 15:57:25,Ansys Mechanical Enterprise PrepPost,1,2.01,28.1,AEC,atglassman
2026-03-09 14:00:02,2026-03-09 14:30:05,Ansys GRANTA Materials Data for Simulation,1,0.5,16.5,AEC,atglassman
2026-03-09 15:00:32,2026-03-09 15:57:28,Ansys GRANTA Materials Data for Simulation,1,0.95,31.3,AEC,atglassman
2026-03-09 15:58:38,2026-03-09 16:05:44,Ansys Mechanical Enterprise PrepPost,1,0.12,1.7,AEC,atglassman
2026-03-09 15:58:25,2026-03-09 16:05:58,Ansys GRANTA Materials Data for Simulation,1,0.13,4.2,AEC,atglassman
2026-03-09 16:33:22,2026-03-09 16:33:26,Ansys BladeModeler,1,0.01,0.1,AEC,sgutteridge
2026-03-09 16:33:19,2026-03-09 16:33:26,Ansys Discovery Enterprise,1,0.01,0.1,AEC,sgutteridge
2026-03-09 17:03:31,2026-03-09 17:55:02,Ansys CFD Enterprise Solver,1,0.86,24.0,AEC,sgutteridge
2026-03-10 14:11:26,2026-03-10 14:29:47,Ansys Mechanical Enterprise PrepPost,1,0.31,4.3,AEC,atglassman
2026-03-10 15:12:24,2026-03-10 15:12:27,Ansys Mechanical Enterprise Solver,1,0.01,0.1,AEC,atglassman
2026-03-10 15:13:30,2026-03-10 15:13:33,Ansys Mechanical Enterprise Solver,1,0.01,0.1,AEC,atglassman
2026-03-10 14:48:53,2026-03-10 14:56:26,Ansys Mechanical Enterprise PrepPost,1,0.13,1.8,AEC,atglassman
2026-03-10 14:56:48,2026-03-10 15:02:39,Ansys Mechanical Enterprise PrepPost,1,0.1,1.4,AEC,atglassman
2026-03-10 15:04:57,2026-03-10 15:57:50,Ansys Mechanical Enterprise PrepPost,1,0.88,12.3,AEC,atglassman
2026-03-10 17:57:40,2026-03-10 17:58:57,Ansys BladeModeler,1,0.02,0.1,AEC,sgutteridge
2026-03-10 18:01:02,2026-03-10 18:01:13,Ansys Discovery Enterprise,1,0.01,0.1,AEC,sgutteridge
2026-03-10 18:01:05,2026-03-10 18:01:13,Ansys BladeModeler,1,0.01,0.1,AEC,sgutteridge
2026-03-10 17:57:37,2026-03-10 17:58:59,Ansys Discovery Enterprise,1,0.02,0.4,AEC,sgutteridge
2026-03-10 18:00:27,2026-03-10 18:03:42,Ansys CFD PrepPost,1,0.05,0.8,AEC,sgutteridge
2026-03-10 18:03:32,2026-03-10 18:03:37,Ansys CFD Enterprise Solver,1,0.01,0.1,AEC,sgutteridge
2026-03-10 18:03:45,2026-03-10 18:13:07,Ansys CFD Enterprise Solver,1,0.16,4.4,AEC,sgutteridge
2026-03-10 18:23:31,2026-03-10 18:23:33,Ansys Geometry Interface for SolidWorks,1,0.01,0.1,AEC,sgutteridge
2026-03-10 18:20:56,2026-03-10 18:22:01,Ansys Discovery Enterprise,1,0.02,0.3,AEC,sgutteridge
2026-03-10 18:23:13,2026-03-10 18:33:34,Ansys Discovery Enterprise,1,0.17,3.1,AEC,sgutteridge
2026-03-10 18:26:05,2026-03-10 18:29:44,Ansys CFD PrepPost,1,0.06,0.9,AEC,sgutteridge
2026-03-10 18:23:16,2026-03-10 18:33:32,Ansys BladeModeler,1,0.17,0.3,AEC,sgutteridge
2026-03-10 18:29:35,2026-03-10 18:29:39,Ansys CFD Enterprise Solver,1,0.01,0.1,AEC,sgutteridge
2026-03-10 18:29:46,2026-03-10 18:47:52,Ansys CFD Enterprise Solver,1,0.3,8.4,AEC,sgutteridge
2026-03-10 18:54:11,2026-03-10 18:54:19,Ansys BladeModeler,1,0.01,0.1,AEC,sgutteridge
2026-03-10 18:49:58,2026-03-10 18:55:20,Ansys CFD PrepPost,1,0.09,1.3,AEC,sgutteridge
2026-03-10 18:54:08,2026-03-10 18:54:19,Ansys Discovery Enterprise,1,0.01,0.1,AEC,sgutteridge
2026-03-10 18:20:47,2026-03-10 19:40:48,Ansys Mechanical Enterprise Solver,1,1.33,37.3,AEC,atglassman
2026-03-10 18:09:26,2026-03-10 19:49:51,Ansys Mechanical Enterprise PrepPost,1,1.67,23.4,AEC,atglassman
2026-03-10 18:55:22,2026-03-10 19:55:24,Ansys CFD Enterprise Solver,1,1.0,28.0,AEC,sgutteridge
2026-03-10 18:55:10,2026-03-10 18:55:15,Ansys CFD Enterprise Solver,1,0.01,0.1,AEC,sgutteridge
